Disease,Treatment,Diagnosis,Symptoms,Laymen Terms
Vulvodynia,"Topical lidocaine, amitriptyline (1050 mg daily), gabapentin (3001200 mg daily), pelvic floor therapy.","Clinical history, cotton swab test, rule out infections or dermatoses.","Chronic vulvar burning, stinging, rawness; pain during intercourse; sensitivity to touch.","Topical lidocaine, amitriptyline (1050 milligrams daily), gabapentin (3001200 milligrams daily), pelvic floor therapy. This treatment is prescribed based on the severity of the condition and should be followed as directed by a healthcare professional."
Cold Sores,"Acyclovir cream (5%, 5x daily), valacyclovir (2 g twice daily for 1 day), ibuprofen (200400 mg).","Visual exam, PCR for HSV1 if needed.","Lip tingling, painful blisters, crusting; mild fever possible.","Acyclovir cream (5%, 5 times a day), valacyclovir (2 g twice daily for 1 day), ibuprofen (200400 milligrams). This treatment is prescribed based on the severity of the condition and should be followed as directed by a healthcare professional."
Renal Cell Carcinoma,"Nephrectomy, sunitinib (50 mg daily), nivolumab (240 mg every 2 weeks).","CT scan, MRI, biopsy if unclear, kidney function tests.","Hematuria, flank pain, weight loss, fatigue, abdominal mass.","Nephrectomy, sunitinib (50 milligrams daily), nivolumab (240 milligrams every 2 weeks). This treatment is prescribed based on the severity of the condition and should be followed as directed by a healthcare professional."
Scabies,"Permethrin 5% cream, ivermectin (200 mcg/kg), cetirizine (10 mg daily).","Skin scraping for mites, clinical history.","Nighttime itching, red rash, skin burrows.","Permethrin 5% cream, ivermectin (200 micrograms/kg), cetirizine (10 milligrams daily). This treatment is prescribed based on the severity of the condition and should be followed as directed by a healthcare professional."
Parkinson’s Disease,"Levodopacarbidopa (25/100 mg 3x daily), pramipexole (0.51 mg 3x daily), physical therapy.","Neurological exam, DaTscan, levodopa trial.","Resting tremors, bradykinesia, rigidity, postural instability.","Levodopacarbidopa (25/100 milligrams 3 times a day), pramipexole (0.51 milligrams 3 times a day), physical therapy. This treatment is prescribed based on the severity of the condition and should be followed as directed by a healthcare professional."
Cleft Lip and Cleft Palate,"Surgical repair (312 months), speech therapy, amoxicillin (2040 mg/kg/day) for infections.","Prenatal ultrasound, physical exam at birth.","Visible facial defect, feeding difficulties, speech issues, ear infections.","Surgical repair (312 months), speech therapy, amoxicillin (2040 milligrams/kg/day) for infections. This treatment is prescribed based on the severity of the condition and should be followed as directed by a healthcare professional."
Peritoneal Cancer,"Cytoreductive surgery, cisplatin (75 mg/m² IV), paclitaxel (175 mg/m² IV).","CT scan, peritoneal biopsy, CA125 blood test.","Abdominal swelling, pain, bloating, weight loss, nausea.","Cytoreductive surgery, cisplatin (75 milligrams/m² intravenous), paclitaxel (175 milligrams/m² intravenous). This treatment is prescribed based on the severity of the condition and should be followed as directed by a healthcare professional."
Sciatica,"Ibuprofen (400800 mg), physical therapy, gabapentin (300600 mg).","Physical exam, MRI or CT for disc herniation.","Lower back pain radiating to leg, numbness, tingling, weakness.","Ibuprofen (400800 milligrams), physical therapy, gabapentin (300600 milligrams). This treatment is prescribed based on the severity of the condition and should be followed as directed by a healthcare professional."
Congenital Syphilis,"Penicillin G (50,000 units/kg IV every 12 hours), supportive care.","Maternal serology, infant RPR test, bone Xrays.","Rash, bone deformities, jaundice, anemia, snuffles in newborns.","Penicillin G (50,000 units/kg intravenous every 12 hours), supportive care. This treatment is prescribed based on the severity of the condition and should be followed as directed by a healthcare professional."
Colorectal Cancer,"Surgery, 5fluorouracil (400 mg/m² IV), oxaliplatin (85 mg/m² IV).","Colonoscopy, biopsy, CEA levels, CT staging.","Blood in stool, abdominal pain, weight loss, bowel habit changes.","Surgery, 5fluorouracil (400 milligrams/m² intravenous), oxaliplatin (85 milligrams/m² intravenous). This treatment is prescribed based on the severity of the condition and should be followed as directed by a healthcare professional."
GuillainBarré Syndrome,"IV immunoglobulin (0.4 g/kg daily for 5 days), plasmapheresis.","Nerve conduction studies, lumbar puncture (elevated CSF protein).","Muscle weakness, tingling, paralysis, breathing difficulty.","intravenous immunoglobulin (0.4 g/kg daily for 5 days), plasmapheresis. This treatment is prescribed based on the severity of the condition and should be followed as directed by a healthcare professional."
NoninsulinDependent Diabetes (Type 2),"Metformin (5001000 mg twice daily), lifestyle changes, glipizide (510 mg daily).","HbA1c (>6.5%), fasting glucose (>126 mg/dL).","Fatigue, thirst, frequent urination, slowhealing wounds.","Metformin (5001000 milligrams twice daily), lifestyle changes, glipizide (510 milligrams daily). This treatment is prescribed based on the severity of the condition and should be followed as directed by a healthcare professional."
Pertussis,"Azithromycin (500 mg day 1, 250 mg days 25), supportive care.","Nasopharyngeal swab PCR, clinical history.","Severe coughing fits, whooping sound, vomiting postcough.","Azithromycin (500 milligrams day 1, 250 milligrams days 25), supportive care. This treatment is prescribed based on the severity of the condition and should be followed as directed by a healthcare professional."
Turner Syndrome,"Growth hormone (0.3 mg/kg/week), estrogen replacement (e.g., estradiol 12 mg daily).","Karyotype (45,X), echocardiography.","Short stature, webbed neck, infertility, heart defects.","Growth hormone (0.3 milligrams/kg/week), estrogen replacement (e.g., estradiol 12 milligrams daily). This treatment is prescribed based on the severity of the condition and should be followed as directed by a healthcare professional."
Wilson’s Disease,"Penicillamine (250500 mg 4x daily), zinc acetate (50 mg 3x daily).","Serum ceruloplasmin, 24hour urine copper, liver biopsy.","Tremors, jaundice, copper rings in eyes, liver dysfunction.","Penicillamine (250500 milligrams 4 times a day), zinc acetate (50 milligrams 3 times a day). This treatment is prescribed based on the severity of the condition and should be followed as directed by a healthcare professional."
Atelectasis,"Incentive spirometry, bronchodilators (e.g., albuterol), surgery if chronic.","Chest Xray, CT scan if needed.","Shortness of breath, chest pain, reduced breath sounds.","Incentive spirometry, bronchodilators (e.g., albuterol), surgery if chronic. This treatment is prescribed based on the severity of the condition and should be followed as directed by a healthcare professional."
Malignant Pleural Mesothelioma,"Pemetrexed (500 mg/m² IV), cisplatin (75 mg/m² IV), surgery.","Chest CT, pleural biopsy, PET scan.","Chest pain, dyspnea, weight loss, pleural effusion.","Pemetrexed (500 milligrams/m² intravenous), cisplatin (75 milligrams/m² intravenous), surgery. This treatment is prescribed based on the severity of the condition and should be followed as directed by a healthcare professional."
Lung Cancer,"Surgery, gefitinib (250 mg daily), carboplatin (AUC 56 IV).","Chest Xray, CT, biopsy, EGFR testing.","Persistent cough, hemoptysis, chest pain, weight loss.","Surgery, gefitinib (250 milligrams daily), carboplatin (AUC 56 intravenous). This treatment is prescribed based on the severity of the condition and should be followed as directed by a healthcare professional."
Prostate Cancer,"Radical prostatectomy, leuprolide (7.5 mg monthly), abiraterone (1000 mg daily).","PSA test, prostate biopsy, MRI.","Difficulty urinating, blood in urine, pelvic pain, bone pain.","Radical prostatectomy, leuprolide (7.5 milligrams monthly), abiraterone (1000 milligrams daily). This treatment is prescribed based on the severity of the condition and should be followed as directed by a healthcare professional."
Kawasaki Disease,"IV immunoglobulin (2 g/kg over 1012 hours), aspirin (3050 mg/kg/day).","Clinical criteria, echocardiography for coronary aneurysms.","Fever >5 days, rash, red eyes, swollen hands/feet, strawberry tongue.","intravenous immunoglobulin (2 g/kg over 1012 hours), aspirin (3050 milligrams/kg/day). This treatment is prescribed based on the severity of the condition and should be followed as directed by a healthcare professional."
Menopause,"Estradiol (0.51 mg daily), lifestyle changes, SSRIs (e.g., paroxetine 20 mg daily).","Clinical history, FSH levels (>25 IU/L).","Hot flashes, night sweats, irregular periods, mood swings.","Estradiol (0.51 milligrams daily), lifestyle changes, SSRIs (e.g., paroxetine 20 milligrams daily). This treatment is prescribed based on the severity of the condition and should be followed as directed by a healthcare professional."
Idiopathic Intracranial Hypertension,"Acetazolamide (250500 mg twice daily), weight loss, optic nerve sheath fenestration.","Lumbar puncture (elevated pressure), MRI/MRV.","Headaches, vision loss, papilledema, tinnitus.","Acetazolamide (250500 milligrams twice daily), weight loss, optic nerve sheath fenestration. This treatment is prescribed based on the severity of the condition and should be followed as directed by a healthcare professional."
Penile Cancer,"Partial penectomy, cisplatin (70 mg/m² IV), radiotherapy.","Biopsy, MRI, HPV testing.","Penile lesion, bleeding, foul odor, groin swelling.","Partial penectomy, cisplatin (70 milligrams/m² intravenous), radiotherapy. This treatment is prescribed based on the severity of the condition and should be followed as directed by a healthcare professional."
Disseminated Tuberculosis,"Rifampin (600 mg daily), isoniazid (300 mg daily), ethambutol (15 mg/kg daily).","Chest Xray, sputum culture, biopsy of affected sites.","Fever, night sweats, weight loss, multiorgan involvement.","Rifampin (600 milligrams daily), isoniazid (300 milligrams daily), ethambutol (15 milligrams/kg daily). This treatment is prescribed based on the severity of the condition and should be followed as directed by a healthcare professional."
Bronchitis,"Albuterol inhaler, doxycycline (100 mg twice daily) if bacterial.","Clinical exam, chest Xray to rule out pneumonia.","Productive cough, wheezing, chest discomfort, fatigue.","Albuterol inhaler, doxycycline (100 milligrams twice daily) if bacterial. This treatment is prescribed based on the severity of the condition and should be followed as directed by a healthcare professional."
Giardiasis,"Metronidazole (250 mg 3x daily for 57 days), hydration.","Stool antigen test, microscopy for Giardia.","Diarrhea, abdominal cramps, bloating, foulsmelling stools.","Metronidazole (250 milligrams 3 times a day for 57 days), hydration. This treatment is prescribed based on the severity of the condition and should be followed as directed by a healthcare professional."
Dyslexia,"Educational interventions, no drugs typically required.","Cognitive testing, reading assessments.","Difficulty reading, spelling errors, slow word recognition.","Educational interventions, no drugs typically required. This treatment is prescribed based on the severity of the condition and should be followed as directed by a healthcare professional."
Factor V Leiden,"Warfarin (25 mg daily), rivaroxaban (20 mg daily).","Genetic testing, Ddimer, ultrasound for clots.","Recurrent blood clots, leg swelling, pulmonary embolism risk.","Warfarin (25 milligrams daily), rivaroxaban (20 milligrams daily). This treatment is prescribed based on the severity of the condition and should be followed as directed by a healthcare professional."
Dandruff,"Ketoconazole shampoo (12% weekly), selenium sulfide (2.5%).","Clinical inspection, rule out psoriasis or fungal infection.","Flaky scalp, itching, white scales on hair/shoulders.","Ketoconazole shampoo (12% weekly), selenium sulfide (2.5%). This treatment is prescribed based on the severity of the condition and should be followed as directed by a healthcare professional."
Ramsay Hunt Syndrome,"Acyclovir (800 mg 5x daily), prednisone (60 mg daily tapering).","Clinical exam, PCR for varicellazoster virus.","Facial paralysis, ear pain, vesicles in ear canal, vertigo.","Acyclovir (800 milligrams 5 times a day), prednisone (60 milligrams daily tapering). This treatment is prescribed based on the severity of the condition and should be followed as directed by a healthcare professional."
Panic Disorder,"Sertraline (50200 mg daily), lorazepam (0.51 mg as needed), CBT.","DSM5 criteria, rule out medical causes.","Sudden panic attacks, palpitations, sweating, fear of losing control.","Sertraline (50200 milligrams daily), lorazepam (0.51 milligrams as needed), CBT. This treatment is prescribed based on the severity of the condition and should be followed as directed by a healthcare professional."
Bird Flu (Avian Influenza),"Oseltamivir (75 mg twice daily for 5 days), supportive care.","RTPCR of respiratory sample, history of bird exposure.","Fever, cough, sore throat, muscle aches, respiratory failure.","Oseltamivir (75 milligrams twice daily for 5 days), supportive care. This treatment is prescribed based on the severity of the condition and should be followed as directed by a healthcare professional."
Fifth Disease,"Supportive care, ibuprofen (200400 mg) for pain.","Clinical presentation, parvovirus B19 IgM test.","""Slapped cheek"" rash, fever, joint pain, fatigue.","Supportive care, ibuprofen (200400 milligrams) for pain. This treatment is prescribed based on the severity of the condition and should be followed as directed by a healthcare professional."
GERD,"Omeprazole (2040 mg daily), lifestyle changes.","Endoscopy, pH monitoring, symptom history.","Heartburn, regurgitation, chest pain, dysphagia.","Omeprazole (2040 milligrams daily), lifestyle changes. This treatment is prescribed based on the severity of the condition and should be followed as directed by a healthcare professional."
Obstructive Sleep Apnea,"CPAP therapy, modafinil (200 mg daily) if needed.","Polysomnography (sleep study), AHI score.","Loud snoring, daytime sleepiness, gasping during sleep.","CPAP therapy, modafinil (200 milligrams daily) if needed. This treatment is prescribed based on the severity of the condition and should be followed as directed by a healthcare professional."
Colitis,"Mesalamine (2.44.8 g daily), prednisone (40 mg daily tapering).","Colonoscopy, stool studies, CRP levels.","Abdominal pain, diarrhea (bloody if ulcerative), urgency.","Mesalamine (2.44.8 g daily), prednisone (40 milligrams daily tapering). This treatment is prescribed based on the severity of the condition and should be followed as directed by a healthcare professional."
Neuroblastoma,"Surgery, doxorubicin (60 mg/m² IV), cyclophosphamide (1000 mg/m² IV).","CT/MRI, urine catecholamines, biopsy.","Abdominal mass, bone pain, fever, fatigue.","Surgery, doxorubicin (60 milligrams/m² intravenous), cyclophosphamide (1000 milligrams/m² intravenous). This treatment is prescribed based on the severity of the condition and should be followed as directed by a healthcare professional."
Sjögren’s Syndrome,"Pilocarpine (5 mg 4x daily), hydroxychloroquine (200400 mg daily).","AntiSSA/SSB antibodies, Schirmer test, salivary biopsy.","Dry eyes, dry mouth, joint pain, fatigue.","Pilocarpine (5 milligrams 4 times a day), hydroxychloroquine (200400 milligrams daily). This treatment is prescribed based on the severity of the condition and should be followed as directed by a healthcare professional."
Bulimia,"Fluoxetine (60 mg daily), psychotherapy.","DSM5 criteria, electrolyte imbalances.","Binge eating, purging, tooth erosion, weight fluctuations.","Fluoxetine (60 milligrams daily), psychotherapy. This treatment is prescribed based on the severity of the condition and should be followed as directed by a healthcare professional."
Flu (Influenza),"Oseltamivir (75 mg twice daily for 5 days), rest.","Rapid antigen test, clinical symptoms.","Fever, chills, body aches, cough, fatigue.","Oseltamivir (75 milligrams twice daily for 5 days), rest. This treatment is prescribed based on the severity of the condition and should be followed as directed by a healthcare professional."
Anaphylaxis,"Epinephrine (0.3 mg IM), diphenhydramine (2550 mg IV).","Clinical presentation, history of allergen exposure.","Hives, swelling, difficulty breathing, hypotension.","Epinephrine (0.3 milligrams IM), diphenhydramine (2550 milligrams intravenous). This treatment is prescribed based on the severity of the condition and should be followed as directed by a healthcare professional."
Left Ventricular Hypertrophy,"Lisinopril (1040 mg daily), metoprolol (25100 mg daily).","ECG (increased QRS voltage), echocardiogram.","Chest pain, dyspnea, fatigue, palpitations.","Lisinopril (1040 milligrams daily), metoprolol (25100 milligrams daily). This treatment is prescribed based on the severity of the condition and should be followed as directed by a healthcare professional."
Piriformis Syndrome,"Physical therapy, ibuprofen (400800 mg), botox injections.","Physical exam, MRI to rule out disc issues.","Buttock pain, sciaticalike leg pain, numbness.","Physical therapy, ibuprofen (400800 milligrams), botox injections. This treatment is prescribed based on the severity of the condition and should be followed as directed by a healthcare professional."
Hyponatremia,"3% saline IV (100 mL bolus), fluid restriction.","Serum sodium (<135 mmol/L), urine osmolality.","Nausea, headache, confusion, seizures.","3% saline intravenous (100 mL bolus), fluid restriction. This treatment is prescribed based on the severity of the condition and should be followed as directed by a healthcare professional."
Degenerative Disc Disease,"Physical therapy, duloxetine (60 mg daily), epidural steroids.","Xray, MRI showing disc dehydration.","Chronic back pain, stiffness, radiating leg pain.","Physical therapy, duloxetine (60 milligrams daily), epidural steroids. This treatment is prescribed based on the severity of the condition and should be followed as directed by a healthcare professional."
Ichthyosis Vulgaris,"Urea cream (1020%), lactic acid lotion.","Clinical exam, family history, skin biopsy if needed.","Dry, scaly skin, itching, thickened patches.","Urea cream (1020%), lactic acid lotion. This treatment is prescribed based on the severity of the condition and should be followed as directed by a healthcare professional."
Malaria,"Artemetherlumefantrine (20/120 mg 4 tablets twice daily), doxycycline (100 mg daily).","Blood smear, rapid diagnostic test for Plasmodium.","Fever, chills, sweats, headache, anemia.","Artemetherlumefantrine (20/120 milligrams 4 tablets twice daily), doxycycline (100 milligrams daily). This treatment is prescribed based on the severity of the condition and should be followed as directed by a healthcare professional."
Depression,"Sertraline (50200 mg daily), psychotherapy.","DSM5 criteria, PHQ9 score.","Persistent sadness, fatigue, sleep changes, hopelessness.","Sertraline (50200 milligrams daily), psychotherapy. This treatment is prescribed based on the severity of the condition and should be followed as directed by a healthcare professional."
Pancreatic Cancer,"Surgery, gemcitabine (1000 mg/m² IV), FOLFIRINOX regimen.","CT scan, CA 199 levels, biopsy.","Jaundice, abdominal pain, weight loss, nausea.","Surgery, gemcitabine (1000 milligrams/m² intravenous), FOLFIRINOX regimen. This treatment is prescribed based on the severity of the condition and should be followed as directed by a healthcare professional."
HIV/AIDS,"Tenofovir/emtricitabine (300/200 mg daily), dolutegravir (50 mg daily).","HIV antibody test, viral load PCR, CD4 count.","Fever, fatigue, weight loss, opportunistic infections.","Tenofovir/emtricitabine (300/200 milligrams daily), dolutegravir (50 milligrams daily). This treatment is prescribed based on the severity of the condition and should be followed as directed by a healthcare professional."
Myocarditis,"Ibuprofen (600 mg 3x daily), colchicine (0.5 mg daily), ACE inhibitors (e.g., lisinopril 10 mg daily).","ECG (ST elevation), troponin levels, cardiac MRI.","Chest pain, fatigue, shortness of breath, fever, palpitations.","Ibuprofen (600 milligrams 3 times a day), colchicine (0.5 milligrams daily), ACE inhibitors (e.g., lisinopril 10 milligrams daily). This treatment is prescribed based on the severity of the condition and should be followed as directed by a healthcare professional."
Aspergillosis,"Voriconazole (200 mg twice daily), amphotericin B (0.71 mg/kg IV daily).","Chest CT (halo sign), sputum culture, galactomannan test.","Cough, wheezing, fever, hemoptysis (invasive cases).","Voriconazole (200 milligrams twice daily), amphotericin B (0.71 milligrams/kg intravenous daily). This treatment is prescribed based on the severity of the condition and should be followed as directed by a healthcare professional."
Meningitis,"Ceftriaxone (2 g IV every 12 hours), vancomycin (15 mg/kg IV), dexamethasone (10 mg IV).","Lumbar puncture (CSF analysis), blood cultures, CT head.","Fever, stiff neck, headache, photophobia, rash (if bacterial).","Ceftriaxone (2 g intravenous every 12 hours), vancomycin (15 milligrams/kg intravenous), dexamethasone (10 milligrams intravenous). This treatment is prescribed based on the severity of the condition and should be followed as directed by a healthcare professional."
Renovascular Hypertension,"Lisinopril (2040 mg daily), angioplasty, atenolol (50100 mg daily).","Renal artery Doppler, CT angiography, plasma renin levels.","Severe high BP, flank pain, kidney dysfunction symptoms.","Lisinopril (2040 milligrams daily), angioplasty, atenolol (50100 milligrams daily). This treatment is prescribed based on the severity of the condition and should be followed as directed by a healthcare professional."
Aortic Stenosis,"Valve replacement, metoprolol (25100 mg daily), diuretics (e.g., furosemide 2040 mg).","Echocardiogram (valve area <1 cm²), ECG, cardiac cath.","Chest pain, dyspnea, syncope, heart murmur.","Valve replacement, metoprolol (25100 milligrams daily), diuretics (e.g., furosemide 2040 milligrams). This treatment is prescribed based on the severity of the condition and should be followed as directed by a healthcare professional."
Restless Legs Syndrome,"Pramipexole (0.1250.5 mg nightly), iron supplements (ferrous sulfate 325 mg), gabapentin (300 mg).","Clinical history, polysomnography, ferritin levels.","Urge to move legs, discomfort, worse at night, twitching.","Pramipexole (0.1250.5 milligrams nightly), iron supplements (ferrous sulfate 325 milligrams), gabapentin (300 milligrams). This treatment is prescribed based on the severity of the condition and should be followed as directed by a healthcare professional."
Schizoaffective Disorder,"Risperidone (26 mg daily), lithium (9001200 mg daily), therapy.","DSM5 criteria, psychiatric evaluation.","Hallucinations, delusions, mood swings, depression/mania.","Risperidone (26 milligrams daily), lithium (9001200 milligrams daily), therapy. This treatment is prescribed based on the severity of the condition and should be followed as directed by a healthcare professional."
COVID19,"Remdesivir (200 mg day 1, 100 mg days 25 IV), dexamethasone (6 mg daily), oxygen therapy.","RTPCR nasal swab, chest CT, antigen test.","Fever, cough, dyspnea, fatigue, loss of taste/smell.","Remdesivir (200 milligrams day 1, 100 milligrams days 25 intravenous), dexamethasone (6 milligrams daily), oxygen therapy. This treatment is prescribed based on the severity of the condition and should be followed as directed by a healthcare professional."
Down Syndrome,"Supportive care, cardiac surgery if needed, thyroxine (2550 mcg daily) for hypothyroidism.","Karyotype (trisomy 21), prenatal screening, physical exam.","Intellectual disability, flat face, heart defects, hypotonia.","Supportive care, cardiac surgery if needed, thyroxine (2550 micrograms daily) for hypothyroidism. This treatment is prescribed based on the severity of the condition and should be followed as directed by a healthcare professional."
Human Papillomavirus (HPV),"Imiquimod cream (5% 3x weekly), podophyllin, vaccination (Gardasil).","Pap smear, HPV DNA test, visual inspection.","Genital warts, asymptomatic (some strains), cervical changes.","Imiquimod cream (5% 3x weekly), podophyllin, vaccination (Gardasil). This treatment is prescribed based on the severity of the condition and should be followed as directed by a healthcare professional."
Hyperhidrosis,"Aluminum chloride (20% topical), glycopyrrolate (12 mg daily), botox injections.","Clinical history, starchiodine test.","Excessive sweating (hands, feet, armpits), social distress.","Aluminum chloride (20% topical), glycopyrrolate (12 milligrams daily), botox injections. This treatment is prescribed based on the severity of the condition and should be followed as directed by a healthcare professional."
Pyloric Stenosis,"Pyloromyotomy surgery, IV fluids, no drugs typically.","Ultrasound (pyloric thickness >3 mm), upper GI series.","Projectile vomiting, weight loss, palpable olive mass (infants).","Pyloromyotomy surgery, intravenous fluids, no drugs typically. This treatment is prescribed based on the severity of the condition and should be followed as directed by a healthcare professional."
Hyperemesis Gravidarum,"Ondansetron (48 mg IV), IV fluids, pyridoxine (1025 mg daily).","Clinical history, ketones in urine, electrolyte imbalance.","Severe nausea/vomiting in pregnancy, dehydration, weight loss.","Ondansetron (48 milligrams intravenous), intravenous fluids, pyridoxine (1025 milligrams daily). This treatment is prescribed based on the severity of the condition and should be followed as directed by a healthcare professional."
Thrush (Oral Candidiasis),"Nystatin (100,000 units 4x daily), fluconazole (200 mg day 1, 100 mg daily).","Clinical exam, KOH smear for Candida.","White patches in mouth, soreness, difficulty swallowing.","Nystatin (100,000 units 4 times a day), fluconazole (200 milligrams day 1, 100 milligrams daily). This treatment is prescribed based on the severity of the condition and should be followed as directed by a healthcare professional."
Thromboembolic Pulmonary Hypertension,"Warfarin (INR 23), riociguat (12.5 mg 3x daily), surgery (PEA).","V/Q scan, CT pulmonary angiography, right heart cath.","Dyspnea, fatigue, chest pain, leg swelling.","Warfarin (INR 23), riociguat (12.5 milligrams 3 times a day), surgery (PEA). This treatment is prescribed based on the severity of the condition and should be followed as directed by a healthcare professional."
Cryptococcal Meningitis,"Amphotericin B (0.71 mg/kg IV daily), flucytosine (25 mg/kg 4x daily).","CSF India ink stain, cryptococcal antigen test.","Headache, fever, confusion, neck stiffness (HIVrelated).","Amphotericin B (0.71 milligrams/kg intravenous daily), flucytosine (25 milligrams/kg 4 times a day). This treatment is prescribed based on the severity of the condition and should be followed as directed by a healthcare professional."
Hoarding Disorder,"CBT, sertraline (50200 mg daily), no specific drugs.","DSM5 criteria, psychiatric evaluation.","Excessive clutter, inability to discard items, distress.","CBT, sertraline (50200 milligrams daily), no specific drugs. This treatment is prescribed based on the severity of the condition and should be followed as directed by a healthcare professional."
Pancreatogenic Diabetes,"Insulin (variable dosing), pancreatic enzyme replacement (Creon).","HbA1c, fecal elastase, history of pancreatic damage.","Hyperglycemia, abdominal pain, malabsorption postpancreatitis.","Insulin (variable dosing), pancreatic enzyme replacement (Creon). This treatment is prescribed based on the severity of the condition and should be followed as directed by a healthcare professional."
Raynaud’s Disease,"Nifedipine (3060 mg daily), warm clothing, sildenafil (20 mg).","Clinical history, nailfold capillaroscopy.","Cold fingers/toes, color changes (white, blue, red), numbness.","Nifedipine (3060 milligrams daily), warm clothing, sildenafil (20 milligrams). This treatment is prescribed based on the severity of the condition and should be followed as directed by a healthcare professional."
Hiccups (Chronic),"Chlorpromazine (2550 mg 3x daily), baclofen (510 mg 3x daily).","Clinical history, rule out GI/neuro causes (e.g., GERD).","Persistent involuntary diaphragm spasms, distress.","Chlorpromazine (2550 milligrams 3 times a day), baclofen (510 milligrams 3 times a day). This treatment is prescribed based on the severity of the condition and should be followed as directed by a healthcare professional."
Mitral Valve Prolapse,"Betablockers (e.g., propranolol 2040 mg), surgery if severe.","Echocardiogram, ECG.","Palpitations, chest pain, fatigue, murmur.","Betablockers (e.g., propranolol 2040 milligrams), surgery if severe. This treatment is prescribed based on the severity of the condition and should be followed as directed by a healthcare professional."
Rotator Cuff Injury,"Physical therapy, naproxen (500 mg twice daily), surgery if torn.","MRI, ultrasound, physical exam.","Shoulder pain, weakness, limited range of motion.","Physical therapy, naproxen (500 milligrams twice daily), surgery if torn. This treatment is prescribed based on the severity of the condition and should be followed as directed by a healthcare professional."
Ocular Rosacea,"Doxycycline (40 mg daily), artificial tears, lid hygiene.","Clinical exam, history of rosacea.","Red, gritty eyes, eyelid inflammation, tearing.","Doxycycline (40 milligrams daily), artificial tears, lid hygiene. This treatment is prescribed based on the severity of the condition and should be followed as directed by a healthcare professional."
Gallstones,"Cholecystectomy, ursodiol (300 mg twice daily) if nonsurgical.","Ultrasound, CT if unclear, LFTs.","Right upper quadrant pain, nausea, postmeal discomfort.","Cholecystectomy, ursodiol (300 milligrams twice daily) if nonsurgical. This treatment is prescribed based on the severity of the condition and should be followed as directed by a healthcare professional."
Cervical Dysplasia,"Cryotherapy, LEEP, imiquimod (for HPVrelated).","Pap smear, colposcopy, HPV testing.","Often asymptomatic, abnormal bleeding possible.","Cryotherapy, LEEP, imiquimod (for HPVrelated). This treatment is prescribed based on the severity of the condition and should be followed as directed by a healthcare professional."
Congenital Zika Virus,"Supportive care, no specific drugs.","Maternal Zika PCR, fetal ultrasound, newborn exam.","Microcephaly, joint contractures, vision/hearing loss (infants).","Supportive care, no specific drugs. This treatment is prescribed based on the severity of the condition and should be followed as directed by a healthcare professional."
Spondylolisthesis,"Physical therapy, ibuprofen (400800 mg), surgery if severe.","Xray (vertebral slip), MRI for nerve involvement.","Lower back pain, leg numbness, stiffness.","Physical therapy, ibuprofen (400800 milligrams), surgery if severe. This treatment is prescribed based on the severity of the condition and should be followed as directed by a healthcare professional."
Schistosomiasis,"Praziquantel (40 mg/kg single dose), steroids if acute.","Stool/urine microscopy, serology.","Rash, fever, abdominal pain, bloody urine/stool.","Praziquantel (40 milligrams/kg single dose), steroids if acute. This treatment is prescribed based on the severity of the condition and should be followed as directed by a healthcare professional."
Bubonic Plague,"Streptomycin (1 g IM twice daily), doxycycline (100 mg twice daily).","Lymph node aspirate culture, Yersinia pestis PCR.","Fever, chills, painful swollen lymph nodes (buboes).","Streptomycin (1 g IM twice daily), doxycycline (100 milligrams twice daily). This treatment is prescribed based on the severity of the condition and should be followed as directed by a healthcare professional."
Amyotrophic Lateral Sclerosis (ALS),"Riluzole (50 mg twice daily), edaravone (60 mg IV), supportive care.","EMG, nerve conduction studies, MRI.","Muscle weakness, twitching, speech difficulty, atrophy.","Riluzole (50 milligrams twice daily), edaravone (60 milligrams intravenous), supportive care. This treatment is prescribed based on the severity of the condition and should be followed as directed by a healthcare professional."
Loiasis,"Ivermectin (150 mcg/kg single dose), diethylcarbamazine (6 mg/kg daily).","Blood smear (microfilariae), history of travel.","Eye worm migration, itchy swellings (Calabar), fatigue.","Ivermectin (150 micrograms/kg single dose), diethylcarbamazine (6 milligrams/kg daily). This treatment is prescribed based on the severity of the condition and should be followed as directed by a healthcare professional."
Interstitial Cystitis,"Pentosan polysulfate (100 mg 3x daily), amitriptyline (1050 mg).","Cystoscopy, urine analysis, symptom history.","Pelvic pain, frequent urination, urgency, pain during sex.","Pentosan polysulfate (100 milligrams 3 times a day), amitriptyline (1050 milligrams). This treatment is prescribed based on the severity of the condition and should be followed as directed by a healthcare professional."
Dermatophytosis (Ringworm),"Terbinafine cream (1% daily), fluconazole (150 mg weekly).","Skin scraping KOH test, fungal culture.","Red, scaly, itchy ringshaped rash.","Terbinafine cream (1% daily), fluconazole (150 milligrams weekly). This treatment is prescribed based on the severity of the condition and should be followed as directed by a healthcare professional."
Epididymitis,Ceftriaxone (250 mg IM) + doxycycline (100 mg twice daily).,"Ultrasound, urine culture, STI testing.","Scrotal pain, swelling, fever, urinary discomfort.",Ceftriaxone (250 milligrams IM) + doxycycline (100 milligrams twice daily). This treatment is prescribed based on the severity of the condition and should be followed as directed by a healthcare professional.
Epiglottitis,"Ceftriaxone (1 g IV), airway management, steroids (e.g., dexamethasone 10 mg).","Laryngoscopy, lateral neck Xray (thumb sign).","Sore throat, drooling, stridor, difficulty swallowing.","Ceftriaxone (1 g intravenous), airway management, steroids (e.g., dexamethasone 10 milligrams). This treatment is prescribed based on the severity of the condition and should be followed as directed by a healthcare professional."
Male Infertility,"Clomiphene (2550 mg daily), surgery for varicocele, IVF.","Semen analysis, hormone levels (FSH, testosterone).","Inability to conceive, low libido, abnormal semen.","Clomiphene (2550 milligrams daily), surgery for varicocele, intravenousF. This treatment is prescribed based on the severity of the condition and should be followed as directed by a healthcare professional."
Lactose Intolerance,"Lactase enzyme (9000 FCC units), dairy avoidance.","Hydrogen breath test, symptom history.","Bloating, diarrhea, gas after dairy consumption.","Lactase enzyme (9000 FCC units), dairy avoidance. This treatment is prescribed based on the severity of the condition and should be followed as directed by a healthcare professional."
Pink Eye (Conjunctivitis),"Erythromycin ointment (0.5% 4x daily), fluoroquinolone drops (e.g., moxifloxacin).","Clinical exam, culture if severe.","Red, itchy eyes, discharge, crusting.","Erythromycin ointment (0.5% 4 times a day), fluoroquinolone drops (e.g., moxifloxacin). This treatment is prescribed based on the severity of the condition and should be followed as directed by a healthcare professional."
Irritable Bowel Syndrome (IBS),"Loperamide (24 mg), rifaximin (550 mg 3x daily), diet changes.","Rome IV criteria, rule out IBD.","Abdominal pain, bloating, diarrhea/constipation.","Loperamide (24 milligrams), rifaximin (550 milligrams 3 times a day), diet changes. This treatment is prescribed based on the severity of the condition and should be followed as directed by a healthcare professional."
Alcohol Poisoning,"IV fluids, thiamine (100 mg IV), supportive care.","Blood alcohol level, clinical presentation.","Confusion, vomiting, slow breathing, hypothermia.","intravenous fluids, thiamine (100 milligrams intravenous), supportive care. This treatment is prescribed based on the severity of the condition and should be followed as directed by a healthcare professional."
Dry Socket,"Eugenol dressing, ibuprofen (400800 mg), saline irrigation.","Clinical exam, history of tooth removal.","Severe pain postextraction, bad breath, empty socket.","Eugenol dressing, ibuprofen (400800 milligrams), saline irrigation. This treatment is prescribed based on the severity of the condition and should be followed as directed by a healthcare professional."
Prurigo Nodularis,"Triamcinolone cream (0.1%), gabapentin (300600 mg), phototherapy.","Clinical exam, biopsy if unclear.","Itchy, hard nodules on skin, scratching scars.","Triamcinolone cream (0.1%), gabapentin (300600 milligrams), phototherapy. This treatment is prescribed based on the severity of the condition and should be followed as directed by a healthcare professional."
Meningococcal Meningitis,"Ceftriaxone (2 g IV every 12 hours), rifampin (600 mg) for prophylaxis.","CSF culture, blood PCR for Neisseria meningitidis.","Fever, rash (petechial), neck stiffness, shock.","Ceftriaxone (2 g intravenous every 12 hours), rifampin (600 milligrams) for prophylaxis. This treatment is prescribed based on the severity of the condition and should be followed as directed by a healthcare professional."
Pulmonary Edema,"Furosemide (40 mg IV), oxygen, nitroglycerin (0.4 mg SL).","Chest Xray (interstitial markings), BNP levels.","Dyspnea, frothy sputum, cyanosis, wheezing.","Furosemide (40 milligrams intravenous), oxygen, nitroglycerin (0.4 milligrams SL). This treatment is prescribed based on the severity of the condition and should be followed as directed by a healthcare professional."
Meningeal Leukemia,"Intrathecal methotrexate (12 mg), systemic chemo (e.g., cytarabine).","CSF cytology, MRI, history of leukemia.","Headache, nausea, cranial nerve palsies, fatigue.","Intrathecal methotrexate (12 milligrams), systemic chemo (e.g., cytarabine). This treatment is prescribed based on the severity of the condition and should be followed as directed by a healthcare professional."
"Pancreatic Cancer (Repeated earlier, alternate entry)","Whipple surgery, nabpaclitaxel (125 mg/m² IV), pain management.","Endoscopic ultrasound, ERCP, tumor markers.","Back pain, jaundice, diabetes onset, appetite loss.","Whipple surgery, nabpaclitaxel (125 milligrams/m² intravenous), pain management. This treatment is prescribed based on the severity of the condition and should be followed as directed by a healthcare professional."
"Prostate Cancer (Repeated earlier, alternate entry)","Radiation, bicalutamide (50 mg daily), enzalutamide (160 mg daily).","DRE, TRUS biopsy, bone scan.","Nocturia, weak urine stream, bone pain (late).","Radiation, bicalutamide (50 milligrams daily), enzalutamide (160 milligrams daily). This treatment is prescribed based on the severity of the condition and should be followed as directed by a healthcare professional."
"Lung Cancer (Repeated earlier, alternate entry)","Pembrolizumab (200 mg IV every 3 weeks), cisplatin (80 mg/m²).","Bronchoscopy, PETCT, PDL1 testing.","Hoarseness, pleural effusion, clubbing, cough.","Pembrolizumab (200 milligrams intravenous every 3 weeks), cisplatin (80 milligrams/m²). This treatment is prescribed based on the severity of the condition and should be followed as directed by a healthcare professional."
"Colorectal Cancer (Repeated earlier, alternate entry)","Colectomy, capecitabine (1250 mg/m² twice daily), bevacizumab (5 mg/kg IV).","Fecal occult blood, sigmoidoscopy, MRI.","Fatigue, anemia, rectal bleeding, cramps.","Colectomy, capecitabine (1250 milligrams/m² twice daily), bevacizumab (5 milligrams/kg intravenous). This treatment is prescribed based on the severity of the condition and should be followed as directed by a healthcare professional."
"Depression (Repeated earlier, alternate entry)","Escitalopram (1020 mg daily), bupropion (150300 mg daily), therapy.","Beck Depression Inventory, clinical interview.","Anhedonia, weight changes, insomnia, guilt.","Escitalopram (1020 milligrams daily), bupropion (150300 milligrams daily), therapy. This treatment is prescribed based on the severity of the condition and should be followed as directed by a healthcare professional."
Syphilis,"Penicillin G (2.4 million units IM single dose), doxycycline (100 mg twice daily for 14 days).","RPR test, treponemal antibody test, darkfield microscopy.","Painless sore (chancre), rash, fever, swollen glands.","Penicillin G (2.4 million units IM single dose), doxycycline (100 milligrams twice daily for 14 days). This treatment is prescribed based on the severity of the condition and should be followed as directed by a healthcare professional."
Anthrax,"Ciprofloxacin (400 mg IV every 12 hours), doxycycline (100 mg twice daily), antitoxin.","Blood culture, PCR, chest Xray.","Skin ulcers, fever, fatigue, respiratory distress (inhalation).","Ciprofloxacin (400 milligrams intravenous every 12 hours), doxycycline (100 milligrams twice daily), antitoxin. This treatment is prescribed based on the severity of the condition and should be followed as directed by a healthcare professional."
Thyroid Cancer,"Thyroidectomy, levothyroxine (100200 mcg daily), radioactive iodine.","Ultrasound, fineneedle aspiration biopsy, TSH levels.","Neck lump, hoarseness, difficulty swallowing, fatigue.","Thyroidectomy, levothyroxine (100200 micrograms daily), radioactive iodine. This treatment is prescribed based on the severity of the condition and should be followed as directed by a healthcare professional."
Athlete’s Foot,"Terbinafine cream (1% daily), clotrimazole (1% twice daily).","Clinical exam, KOH skin scraping.","Itchy, scaly rash between toes, burning, peeling skin.","Terbinafine cream (1% daily), clotrimazole (1% twice daily). This treatment is prescribed based on the severity of the condition and should be followed as directed by a healthcare professional."
Trigeminal Neuralgia,"Carbamazepine (200400 mg twice daily), gabapentin (300600 mg), surgery (MVD).","Clinical history, MRI to rule out tumors.","Sudden facial pain, electricshock sensation, onesided.","Carbamazepine (200400 milligrams twice daily), gabapentin (300600 milligrams), surgery (MVD). This treatment is prescribed based on the severity of the condition and should be followed as directed by a healthcare professional."
Multiple Myeloma,"Lenalidomide (25 mg daily), bortezomib (1.3 mg/m² IV), dexamethasone (40 mg).","Serum protein electrophoresis, bone marrow biopsy, Xrays.","Bone pain, fatigue, anemia, frequent infections.","Lenalidomide (25 milligrams daily), bortezomib (1.3 milligrams/m² intravenous), dexamethasone (40 milligrams). This treatment is prescribed based on the severity of the condition and should be followed as directed by a healthcare professional."
Food Allergy,"Epinephrine (0.3 mg IM), antihistamines (e.g., cetirizine 10 mg), avoidance.","Skin prick test, IgE blood test, food challenge.","Hives, swelling, abdominal pain, anaphylaxis risk.","Epinephrine (0.3 milligrams IM), antihistamines (e.g., cetirizine 10 milligrams), avoidance. This treatment is prescribed based on the severity of the condition and should be followed as directed by a healthcare professional."
Lyme Disease,"Doxycycline (100 mg twice daily for 1421 days), amoxicillin (500 mg 3x daily).","ELISA, Western blot, clinical history.","Bullseye rash, fever, joint pain, fatigue.","Doxycycline (100 milligrams twice daily for 1421 days), amoxicillin (500 milligrams 3 times a day). This treatment is prescribed based on the severity of the condition and should be followed as directed by a healthcare professional."
Glaucoma,"Latanoprost (0.005% drops nightly), timolol (0.5% drops twice daily), surgery.","Tonometry (IOP >21 mmHg), optic nerve exam, visual field test.","Vision loss, eye pain, halos around lights, nausea.","Latanoprost (0.005% drops nightly), timolol (0.5% drops twice daily), surgery. This treatment is prescribed based on the severity of the condition and should be followed as directed by a healthcare professional."
Yaws,"Azithromycin (30 mg/kg single dose), penicillin G (1.2 million units IM).","Darkfield microscopy, serologic tests (VDRL).","Skin sores, bone pain, wartlike growths.","Azithromycin (30 milligrams/kg single dose), penicillin G (1.2 million units IM). This treatment is prescribed based on the severity of the condition and should be followed as directed by a healthcare professional."
Mpox (Monkeypox),"Tecovirimat (600 mg twice daily), supportive care, vaccination (JYNNEOS).","PCR of lesion sample, clinical presentation.","Fever, rash, pustules, swollen lymph nodes.","Tecovirimat (600 milligrams twice daily), supportive care, vaccination (JYNNEOS). This treatment is prescribed based on the severity of the condition and should be followed as directed by a healthcare professional."
High Cholesterol,"Atorvastatin (2040 mg daily), lifestyle changes, ezetimibe (10 mg daily).","Lipid panel (LDL >130 mg/dL), family history.","Asymptomatic, xanthomas (severe cases), chest pain risk.","Atorvastatin (2040 milligrams daily), lifestyle changes, ezetimibe (10 milligrams daily). This treatment is prescribed based on the severity of the condition and should be followed as directed by a healthcare professional."
Urinary Tract Infection (UTI),"Nitrofurantoin (100 mg twice daily for 5 days), trimethoprimsulfamethoxazole (160/800 mg twice daily).","Urinalysis, urine culture.","Burning urination, urgency, cloudy urine, pelvic pain.","Nitrofurantoin (100 milligrams twice daily for 5 days), trimethoprimsulfamethoxazole (160/800 milligrams twice daily). This treatment is prescribed based on the severity of the condition and should be followed as directed by a healthcare professional."
Hiatal Hernia,"Omeprazole (2040 mg daily), surgery (fundoplication), lifestyle changes.","Endoscopy, barium swallow Xray.","Heartburn, regurgitation, chest pain, dysphagia.","Omeprazole (2040 milligrams daily), surgery (fundoplication), lifestyle changes. This treatment is prescribed based on the severity of the condition and should be followed as directed by a healthcare professional."
Heat Exhaustion,"IV fluids, cooling measures, rest, no drugs typically.","Clinical history, vital signs (elevated temp).","Heavy sweating, weakness, nausea, headache.","intravenous fluids, cooling measures, rest, no drugs typically. This treatment is prescribed based on the severity of the condition and should be followed as directed by a healthcare professional."
Blepharitis,"Warm compresses, erythromycin ointment (0.5% nightly), doxycycline (50 mg daily).","Clinical exam, eyelid swab if severe.","Itchy eyelids, crusting, redness, burning sensation.","Warm compresses, erythromycin ointment (0.5% nightly), doxycycline (50 milligrams daily). This treatment is prescribed based on the severity of the condition and should be followed as directed by a healthcare professional."
Bronchiolitis,"Supportive care, albuterol (2.5 mg nebulized), oxygen if needed.","Chest Xray, pulse oximetry, RSV test.","Wheezing, cough, rapid breathing, fever (infants).","Supportive care, albuterol (2.5 milligrams nebulized), oxygen if needed. This treatment is prescribed based on the severity of the condition and should be followed as directed by a healthcare professional."
Anorexia Nervosa,"Psychotherapy, olanzapine (2.510 mg daily), nutritional support.","DSM5 criteria, BMI <18.5, psychological eval.","Extreme weight loss, fatigue, amenorrhea, fear of weight gain.","Psychotherapy, olanzapine (2.510 milligrams daily), nutritional support. This treatment is prescribed based on the severity of the condition and should be followed as directed by a healthcare professional."
Antisocial Personality Disorder,"Psychotherapy, no specific drugs, manage comorbidities (e.g., SSRIs).","DSM5 criteria, psychiatric history.","Impulsivity, aggression, lack of remorse, rulebreaking.","Psychotherapy, no specific drugs, manage comorbidities (e.g., SSRIs). This treatment is prescribed based on the severity of the condition and should be followed as directed by a healthcare professional."
Snoring,"CPAP if apnea, nasal strips, surgery (uvulopalatopharyngoplasty).","Sleep study, physical exam (nasal/throat).","Loud breathing during sleep, daytime fatigue.","CPAP if apnea, nasal strips, surgery (uvulopalatopharyngoplasty). This treatment is prescribed based on the severity of the condition and should be followed as directed by a healthcare professional."
Hemophilia,"Factor VIII (2040 IU/kg IV), desmopressin (0.3 mcg/kg IV), tranexamic acid.","Factor VIII/IX assay, genetic testing.","Excessive bleeding, bruising, joint pain, prolonged clotting.","Factor VIII (2040 IU/kg intravenous), desmopressin (0.3 micrograms/kg intravenous), tranexamic acid. This treatment is prescribed based on the severity of the condition and should be followed as directed by a healthcare professional."
Angina,"Nitroglycerin (0.4 mg SL), metoprolol (25100 mg daily), aspirin (81 mg daily).","ECG, stress test, coronary angiography.","Chest pain, pressure, shortness of breath, nausea.","Nitroglycerin (0.4 milligrams SL), metoprolol (25100 milligrams daily), aspirin (81 milligrams daily). This treatment is prescribed based on the severity of the condition and should be followed as directed by a healthcare professional."
Gastroparesis,"Metoclopramide (10 mg 3x daily), erythromycin (250 mg 3x daily), diet changes.","Gastric emptying study, endoscopy.","Nausea, vomiting, bloating, early satiety.","Metoclopramide (10 milligrams 3 times a day), erythromycin (250 milligrams 3 times a day), diet changes. This treatment is prescribed based on the severity of the condition and should be followed as directed by a healthcare professional."
Plantar Fasciitis,"Ibuprofen (400800 mg), stretching, orthotics, corticosteroid injection.","Clinical exam, Xray to rule out fracture.","Heel pain, stiffness, worse in morning.","Ibuprofen (400800 milligrams), stretching, orthotics, corticosteroid injection. This treatment is prescribed based on the severity of the condition and should be followed as directed by a healthcare professional."
Nephrogenic Diabetes Insipidus,"Hydrochlorothiazide (2550 mg daily), amiloride (510 mg daily), hydration.","Water deprivation test, urine osmolality, vasopressin response.","Excessive thirst, dilute urine, dehydration.","Hydrochlorothiazide (2550 milligrams daily), amiloride (510 milligrams daily), hydration. This treatment is prescribed based on the severity of the condition and should be followed as directed by a healthcare professional."
Cystic Fibrosis,"Ivacaftor (150 mg twice daily), dornase alfa (2.5 mg nebulized), antibiotics.","Sweat chloride test (>60 mmol/L), CFTR genetic testing.","Chronic cough, salty skin, poor growth, lung infections.","Ivacaftor (150 milligrams twice daily), dornase alfa (2.5 milligrams nebulized), antibiotics. This treatment is prescribed based on the severity of the condition and should be followed as directed by a healthcare professional."
Liver Disease,"Ursodiol (300 mg 3x daily), lactulose (2030 g) for encephalopathy, varies by cause.","LFTs (elevated ALT/AST), ultrasound, biopsy.","Jaundice, fatigue, abdominal swelling, dark urine.","Ursodiol (300 milligrams 3 times a day), lactulose (2030 g) for encephalopathy, varies by cause. This treatment is prescribed based on the severity of the condition and should be followed as directed by a healthcare professional."
Bipolar Disorder,"Lithium (9001200 mg daily), valproate (5001000 mg daily), therapy.","DSM5 criteria, mood charting.","Mood swings, mania, depression, irritability.","Lithium (9001200 milligrams daily), valproate (5001000 milligrams daily), therapy. This treatment is prescribed based on the severity of the condition and should be followed as directed by a healthcare professional."
Herpes Zoster Meningitis,"Acyclovir (10 mg/kg IV every 8 hours), prednisone (60 mg daily tapering).","CSF PCR for VZV, MRI.","Headache, fever, rash, neck stiffness.","Acyclovir (10 milligrams/kg intravenous every 8 hours), prednisone (60 milligrams daily tapering). This treatment is prescribed based on the severity of the condition and should be followed as directed by a healthcare professional."
Teen Depression,"Fluoxetine (2040 mg daily), CBT, family therapy.","PHQ9, clinical interview, rule out bipolar.","Sadness, withdrawal, irritability, school decline.","Fluoxetine (2040 milligrams daily), CBT, family therapy. This treatment is prescribed based on the severity of the condition and should be followed as directed by a healthcare professional."
Scleritis,"Prednisone (4060 mg daily), ibuprofen (600 mg 3x daily), rituximab if severe.","Slitlamp exam, rule out autoimmune cause.","Severe eye pain, redness, vision changes.","Prednisone (4060 milligrams daily), ibuprofen (600 milligrams 3 times a day), rituximab if severe. This treatment is prescribed based on the severity of the condition and should be followed as directed by a healthcare professional."
Cytomegaloviral Pneumonia,"Ganciclovir (5 mg/kg IV twice daily), valganciclovir (900 mg twice daily).","CMV PCR, chest CT, bronchoscopy.","Fever, cough, dyspnea, fatigue (immunocompromised).","Ganciclovir (5 milligrams/kg intravenous twice daily), valganciclovir (900 milligrams twice daily). This treatment is prescribed based on the severity of the condition and should be followed as directed by a healthcare professional."
Geographic Tongue,"No specific drugs, topical steroids (e.g., hydrocortisone 1%) if symptomatic.","Clinical exam, rule out infection.","Patchy tongue, burning sensation, taste changes.","No specific drugs, topical steroids (e.g., hydrocortisone 1%) if symptomatic. This treatment is prescribed based on the severity of the condition and should be followed as directed by a healthcare professional."
Cryosurgery for Prostate Cancer,"Cryoablation procedure, leuprolide (7.5 mg monthly), monitor PSA.","PSA test, biopsy, MRI pre/postcryo.","Urinary issues, PSA elevation (posttreatment context).","Cryoablation procedure, leuprolide (7.5 milligrams monthly), monitor PSA. This treatment is prescribed based on the severity of the condition and should be followed as directed by a healthcare professional."
Tendinitis,"Naproxen (500 mg twice daily),rest, physical therapy, steroid injection.","Physical exam, ultrasound, MRI if chronic.","Pain, swelling, stiffness near joint, worse with movement.","Naproxen (500 milligrams twice daily),rest, physical therapy, steroid injection. This treatment is prescribed based on the severity of the condition and should be followed as directed by a healthcare professional."
Morphea,"Methotrexate (1525 mg weekly), topical calcipotriene (0.005%), phototherapy.","Clinical exam, skin biopsy.","Hardened skin patches, discoloration, itching.","Methotrexate (1525 milligrams weekly), topical calcipotriene (0.005%), phototherapy. This treatment is prescribed based on the severity of the condition and should be followed as directed by a healthcare professional."
High Blood Pressure (Hypertension),"Lisinopril (1040 mg daily), amlodipine (510 mg daily), lifestyle changes.","BP >130/80 mmHg (repeated), ECG.","Headache, dizziness, asymptomatic often.","Lisinopril (1040 milligrams daily), amlodipine (510 milligrams daily), lifestyle changes. This treatment is prescribed based on the severity of the condition and should be followed as directed by a healthcare professional."
Swine Influenza,"Oseltamivir (75 mg twice daily for 5 days), supportive care.","RTPCR nasal swab, rapid antigen test.","Fever, cough, body aches, fatigue, diarrhea.","Oseltamivir (75 milligrams twice daily for 5 days), supportive care. This treatment is prescribed based on the severity of the condition and should be followed as directed by a healthcare professional."
Compartment Syndrome,"Fasciotomy, pain management (morphine 24 mg IV), immobilization.","Intracompartmental pressure measurement (>30 mmHg), clinical exam.","Severe limb pain, swelling, numbness, tense skin.","Fasciotomy, pain management (morphine 24 milligrams intravenous), immobilization. This treatment is prescribed based on the severity of the condition and should be followed as directed by a healthcare professional."
Castleman Disease,"Siltuximab (11 mg/kg IV every 3 weeks), prednisone (40 mg daily), rituximab.","Lymph node biopsy, CT/PET scan, IL6 levels.","Enlarged lymph nodes, fever, fatigue, weight loss.","Siltuximab (11 milligrams/kg intravenous every 3 weeks), prednisone (40 milligrams daily), rituximab. This treatment is prescribed based on the severity of the condition and should be followed as directed by a healthcare professional."
NonSmall Cell Lung Cancer,"Surgery, pembrolizumab (200 mg IV every 3 weeks), cisplatin (75 mg/m² IV).","CT scan, biopsy, EGFR/ALK testing.","Cough, chest pain, weight loss, hemoptysis.","Surgery, pembrolizumab (200 milligrams intravenous every 3 weeks), cisplatin (75 milligrams/m² intravenous). This treatment is prescribed based on the severity of the condition and should be followed as directed by a healthcare professional."
Spinal Cord Injury,"Methylprednisolone (30 mg/kg IV bolus), surgery, baclofen (1020 mg 3x daily).","MRI, CT, neurological exam.","Paralysis, sensory loss, pain, bladder dysfunction.","Methylprednisolone (30 milligrams/kg intravenous bolus), surgery, baclofen (1020 milligrams 3 times a day). This treatment is prescribed based on the severity of the condition and should be followed as directed by a healthcare professional."
Nasopharyngeal Carcinoma,"Radiation, cisplatin (100 mg/m² IV), cetuximab (400 mg/m² IV).","Endoscopy, biopsy, EBV DNA test.","Neck mass, nasal congestion, hearing loss, headache.","Radiation, cisplatin (100 milligrams/m² intravenous), cetuximab (400 milligrams/m² intravenous). This treatment is prescribed based on the severity of the condition and should be followed as directed by a healthcare professional."
Heart Palpitations,"Metoprolol (2550 mg daily), avoid triggers, ablation if severe.","ECG, Holter monitor, stress test.","Racing heart, skipped beats, dizziness, anxiety.","Metoprolol (2550 milligrams daily), avoid triggers, ablation if severe. This treatment is prescribed based on the severity of the condition and should be followed as directed by a healthcare professional."
Coarctation of the Aorta,"Surgery/stenting, lisinopril (1020 mg daily), monitor BP.","Echocardiogram, CT/MRI, BP gradient.","High BP in arms, weak leg pulses, chest pain.","Surgery/stenting, lisinopril (1020 milligrams daily), monitor BP. This treatment is prescribed based on the severity of the condition and should be followed as directed by a healthcare professional."
Gastric Cancer,"Gastrectomy, 5fluorouracil (400 mg/m² IV), trastuzumab (8 mg/kg IV).","Endoscopy, biopsy, CT staging.","Abdominal pain, nausea, weight loss, early satiety.","Gastrectomy, 5fluorouracil (400 milligrams/m² intravenous), trastuzumab (8 milligrams/kg intravenous). This treatment is prescribed based on the severity of the condition and should be followed as directed by a healthcare professional."
Granuloma Annulare,"Topical steroids (e.g., clobetasol 0.05%), hydroxychloroquine (200 mg daily).","Clinical exam, biopsy if unclear.","Ringshaped skin lesions, asymptomatic, itchy occasionally.","Topical steroids (e.g., clobetasol 0.05%), hydroxychloroquine (200 milligrams daily). This treatment is prescribed based on the severity of the condition and should be followed as directed by a healthcare professional."
Fungal Meningitis,"Amphotericin B (0.71 mg/kg IV daily), fluconazole (400800 mg daily).","CSF culture, cryptococcal antigen, MRI.","Headache, fever, neck stiffness, nausea.","Amphotericin B (0.71 milligrams/kg intravenous daily), fluconazole (400800 milligrams daily). This treatment is prescribed based on the severity of the condition and should be followed as directed by a healthcare professional."
Burkitt Lymphoma,"Cyclophosphamide (600 mg/m² IV), rituximab (375 mg/m² IV), CHOP regimen.","Biopsy, PET scan, bone marrow aspirate.","Rapidly growing mass, fever, night sweats, jaw swelling.","Cyclophosphamide (600 milligrams/m² intravenous), rituximab (375 milligrams/m² intravenous), CHOP regimen. This treatment is prescribed based on the severity of the condition and should be followed as directed by a healthcare professional."
Nail Fungus,"Terbinafine (250 mg daily for 12 weeks), itraconazole (200 mg daily).","Nail clipping KOH test, fungal culture.","Thickened, discolored nails, crumbling, odor.","Terbinafine (250 milligrams daily for 12 weeks), itraconazole (200 milligrams daily). This treatment is prescribed based on the severity of the condition and should be followed as directed by a healthcare professional."
Hemochromatosis,"Phlebotomy (weekly), deferoxamine (2050 mg/kg IV), avoid iron supplements.","Serum ferritin (>300 ng/mL), transferrin saturation, HFE gene test.","Fatigue, joint pain, bronze skin, liver dysfunction.","Phlebotomy (weekly), deferoxamine (2050 milligrams/kg intravenous), avoid iron supplements. This treatment is prescribed based on the severity of the condition and should be followed as directed by a healthcare professional."
Brief Psychotic Disorder,"Risperidone (24 mg daily), lorazepam (12 mg as needed), therapy.","DSM5 criteria, rule out medical causes.","Sudden delusions, hallucinations, disorganized speech (<1 month).","Risperidone (24 milligrams daily), lorazepam (12 milligrams as needed), therapy. This treatment is prescribed based on the severity of the condition and should be followed as directed by a healthcare professional."
Broken Arm,"Casting, ibuprofen (400800 mg), surgery (plates/pins) if complex.","Xray, physical exam.","Pain, swelling, deformity, limited mobility.","Casting, ibuprofen (400800 milligrams), surgery (plates/pins) if complex. This treatment is prescribed based on the severity of the condition and should be followed as directed by a healthcare professional."
Broken Wrist,"Splint/cast, naproxen (500 mg twice daily), surgery if displaced.","Xray (distal radius), CT if unclear.","Wrist pain, swelling, bruising, reduced grip strength.","Splint/cast, naproxen (500 milligrams twice daily), surgery if displaced. This treatment is prescribed based on the severity of the condition and should be followed as directed by a healthcare professional."
Still’s Disease,"Prednisone (2060 mg daily), methotrexate (15 mg weekly), anakinra (100 mg daily).","Ferritin (>1000 ng/mL), rule out infection, clinical criteria.","High fever, rash, joint pain, sore throat.","Prednisone (2060 milligrams daily), methotrexate (15 milligrams weekly), anakinra (100 milligrams daily). This treatment is prescribed based on the severity of the condition and should be followed as directed by a healthcare professional."
Breast Cancer,"Surgery, tamoxifen (20 mg daily), trastuzumab (6 mg/kg IV every 3 weeks).","Mammogram, biopsy, HER2/ER testing.","Breast lump, nipple discharge, skin changes, pain.","Surgery, tamoxifen (20 milligrams daily), trastuzumab (6 milligrams/kg intravenous every 3 weeks). This treatment is prescribed based on the severity of the condition and should be followed as directed by a healthcare professional."
Amnesia,"Treat underlying cause, no specific drugs, cognitive therapy.","Neuropsychological testing, MRI, history of trauma.","Memory loss (retro/anterograde), confusion, disorientation.","Treat underlying cause, no specific drugs, cognitive therapy. This treatment is prescribed based on the severity of the condition and should be followed as directed by a healthcare professional."
Eosinophilic Esophagitis,"Budesonide (0.5 mg nebulized), PPI (e.g., omeprazole 20 mg), diet elimination.","Endoscopy (eosinophils >15/hpf), biopsy.","Dysphagia, food impaction, chest pain, heartburn.","Budesonide (0.5 milligrams nebulized), PPI (e.g., omeprazole 20 milligrams), diet elimination. This treatment is prescribed based on the severity of the condition and should be followed as directed by a healthcare professional."
Anal Fistula,"Fistulotomy, metronidazole (500 mg 3x daily), seton placement.","Physical exam, MRI, fistulography.","Painful swelling near anus, discharge, recurrent abscesses.","Fistulotomy, metronidazole (500 milligrams 3 times a day), seton placement. This treatment is prescribed based on the severity of the condition and should be followed as directed by a healthcare professional."
Lupus Nephritis,"Prednisone (4060 mg daily), mycophenolate (23 g daily), cyclophosphamide.","Urine protein (>0.5 g/day), renal biopsy, ANA test.","Swelling, proteinuria, hypertension, fatigue.","Prednisone (4060 milligrams daily), mycophenolate (23 g daily), cyclophosphamide. This treatment is prescribed based on the severity of the condition and should be followed as directed by a healthcare professional."
Enlarged Spleen (Splenomegaly),"Treat cause (e.g., antibiotics), splenectomy if severe, no specific drugs.","Ultrasound, CT, blood counts.","Left upper quadrant pain, fullness, fatigue, anemia.","Treat cause (e.g., antibiotics), splenectomy if severe, no specific drugs. This treatment is prescribed based on the severity of the condition and should be followed as directed by a healthcare professional."
Vaginal Dryness,"Estradiol cream (0.01% nightly), lubricants, ospemifene (60 mg daily).","Clinical history, pelvic exam, rule out infection.","Dryness, itching, pain during intercourse, burning.","Estradiol cream (0.01% nightly), lubricants, ospemifene (60 milligrams daily). This treatment is prescribed based on the severity of the condition and should be followed as directed by a healthcare professional."
Peyronie’s Disease,"Collagenase (0.58 mg injection), tadalafil (5 mg daily), surgery (plication).","Physical exam, ultrasound.","Penile curvature, pain during erection, plaque formation.","Collagenase (0.58 milligrams injection), tadalafil (5 milligrams daily), surgery (plication). This treatment is prescribed based on the severity of the condition and should be followed as directed by a healthcare professional."
Amblyopia,"Patching, atropine drops (1% daily), corrective lenses.","Visual acuity test, eye exam, rule out structural issues.","Poor vision in one eye, squinting, head tilting.","Patching, atropine drops (1% daily), corrective lenses. This treatment is prescribed based on the severity of the condition and should be followed as directed by a healthcare professional."
Influenza (Flu),"Oseltamivir (75 mg twice daily for 5 days), rest, fluids.","Rapid antigen test, RTPCR swab.","Fever, chills, muscle aches, cough, fatigue.","Oseltamivir (75 milligrams twice daily for 5 days), rest, fluids. This treatment is prescribed based on the severity of the condition and should be followed as directed by a healthcare professional."
Indigestion,"Ranitidine (150 mg twice daily), antacids (e.g., Tums), diet changes.","Clinical history, rule out GERD/ulcer via endoscopy.","Upper abdominal discomfort, bloating, nausea, burning.","Ranitidine (150 milligrams twice daily), antacids (e.g., Tums), diet changes. This treatment is prescribed based on the severity of the condition and should be followed as directed by a healthcare professional."
Erectile Dysfunction,"Sildenafil (50100 mg as needed), tadalafil (1020 mg), lifestyle changes.","History, testosterone levels, penile Doppler.","Difficulty achieving/maintaining erection, reduced libido.","Sildenafil (50100 milligrams as needed), tadalafil (1020 milligrams), lifestyle changes. This treatment is prescribed based on the severity of the condition and should be followed as directed by a healthcare professional."
Type 3c Diabetes,"Insulin (variable dosing), Creon (pancreatic enzymes), metformin (500 mg).","HbA1c (>6.5%), fecal elastase, pancreatic imaging.","Hyperglycemia, weight loss, malabsorption, pancreatic pain.","Insulin (variable dosing), Creon (pancreatic enzymes), metformin (500 milligrams). This treatment is prescribed based on the severity of the condition and should be followed as directed by a healthcare professional."
Acinetobacter Pneumonia,"Meropenem (1 g IV every 8 hours), colistin (2.55 mg/kg IV daily).","Chest Xray, sputum culture, blood gas.","Fever, cough, purulent sputum, respiratory distress.","Meropenem (1 g intravenous every 8 hours), colistin (2.55 milligrams/kg intravenous daily). This treatment is prescribed based on the severity of the condition and should be followed as directed by a healthcare professional."
Lipoma,"Surgical excision if symptomatic, no drugs typically.","Clinical exam, ultrasound, biopsy if atypical.","Soft, movable lump under skin, usually painless.","Surgical excision if symptomatic, no drugs typically. This treatment is prescribed based on the severity of the condition and should be followed as directed by a healthcare professional."
Dravet Syndrome,"Valproate (1530 mg/kg daily), clobazam (0.5 mg/kg daily), stiripentol.","EEG, SCN1A gene test, seizure history.","Frequent seizures, developmental delay, ataxia.","Valproate (1530 milligrams/kg daily), clobazam (0.5 milligrams/kg daily), stiripentol. This treatment is prescribed based on the severity of the condition and should be followed as directed by a healthcare professional."
African Trypanosomiasis,"Pentamidine (4 mg/kg IM daily), suramin (20 mg/kg IV), melarsoprol.","Blood smear, CSF trypanosome detection.","Fever, headache, joint pain, sleeping sickness (late).","Pentamidine (4 milligrams/kg IM daily), suramin (20 milligrams/kg intravenous), melarsoprol. This treatment is prescribed based on the severity of the condition and should be followed as directed by a healthcare professional."
Vasculitis,"Prednisone (4060 mg daily), rituximab (375 mg/m² IV weekly), cyclophosphamide.","Biopsy, ANCA test, imaging (e.g., CT).","Rash, fatigue, fever, organspecific symptoms (e.g., kidney).","Prednisone (4060 milligrams daily), rituximab (375 milligrams/m² intravenous weekly), cyclophosphamide. This treatment is prescribed based on the severity of the condition and should be followed as directed by a healthcare professional."
Leukoplakia,"Observation, surgical removal, no drugs unless malignant.","Oral exam, biopsy to rule out cancer.","White patches in mouth, painless, persistent.","Observation, surgical removal, no drugs unless malignant. This treatment is prescribed based on the severity of the condition and should be followed as directed by a healthcare professional."
Lupus,"Hydroxychloroquine (200400 mg daily), prednisone (1020 mg), azathioprine.","ANA test, antidsDNA, clinical criteria.","Butterfly rash, joint pain, fatigue, photosensitivity.","Hydroxychloroquine (200400 milligrams daily), prednisone (1020 milligrams), azathioprine. This treatment is prescribed based on the severity of the condition and should be followed as directed by a healthcare professional."
Patellofemoral Pain Syndrome,"Physical therapy, ibuprofen (400800 mg), knee brace.","Clinical exam, Xray/MRI to rule out other causes.","Knee pain (under kneecap), worse with activity, grinding.","Physical therapy, ibuprofen (400800 milligrams), knee brace. This treatment is prescribed based on the severity of the condition and should be followed as directed by a healthcare professional."
"Hypertension (Repeated, alternate entry)","Hydrochlorothiazide (12.525 mg daily), losartan (50100 mg daily).","BP >140/90 mmHg, ambulatory monitoring.","Blurred vision, nosebleeds, chest pain (severe cases).","Hydrochlorothiazide (12.525 milligrams daily), losartan (50100 milligrams daily). This treatment is prescribed based on the severity of the condition and should be followed as directed by a healthcare professional."
Hypogonadism,"Testosterone gel (1% 50100 mg daily), clomiphene (2550 mg daily).","Testosterone (<300 ng/dL), LH/FSH levels.","Low libido, fatigue, muscle loss, infertility.","Testosterone gel (1% 50100 milligrams daily), clomiphene (2550 milligrams daily). This treatment is prescribed based on the severity of the condition and should be followed as directed by a healthcare professional."
Exposure to Hepatitis B Virus,"Tenofovir (300 mg daily), supportive care, vaccination postexposure.","HBsAg, antiHBc IgM, HBV DNA PCR.","Jaundice, nausea, dark urine, fatigue (acute phase).","Tenofovir (300 milligrams daily), supportive care, vaccination postexposure. This treatment is prescribed based on the severity of the condition and should be followed as directed by a healthcare professional."
Arm Pain,"Ibuprofen (400800 mg), rest, treat underlying cause (e.g., tendinitis).","Physical exam, Xray, EMG if nerverelated.","Aching, weakness, numbness, varies by cause.","Ibuprofen (400800 milligrams), rest, treat underlying cause (e.g., tendinitis). This treatment is prescribed based on the severity of the condition and should be followed as directed by a healthcare professional."
Essential Tremor,"Propranolol (40120 mg daily), primidone (50250 mg nightly).","Clinical exam, rule out Parkinson’s, MRI.","Shaking hands, worse with movement, head tremor.","Propranolol (40120 milligrams daily), primidone (50250 milligrams nightly). This treatment is prescribed based on the severity of the condition and should be followed as directed by a healthcare professional."
Pulmonary Arterial Hypertension,"Sildenafil (20 mg 3x daily), bosentan (125 mg twice daily), oxygen.","Right heart cath (mPAP >20 mmHg), echocardiogram.","Dyspnea, chest pain, fatigue, syncope.","Sildenafil (20 milligrams 3 times a day), bosentan (125 milligrams twice daily), oxygen. This treatment is prescribed based on the severity of the condition and should be followed as directed by a healthcare professional."
Dermatitis,"Hydrocortisone cream (1% twice daily), tacrolimus (0.1%), antihistamines.","Clinical exam, patch testing if allergic.","Itchy, red, scaly skin, blisters (eczema variant).","Hydrocortisone cream (1% twice daily), tacrolimus (0.1%), antihistamines. This treatment is prescribed based on the severity of the condition and should be followed as directed by a healthcare professional."
Arrhythmia,"Metoprolol (25100 mg daily), amiodarone (200 mg daily), ablation.","ECG, Holter monitor, electrophysiology study.","Palpitations, dizziness, fatigue, irregular pulse.","Metoprolol (25100 milligrams daily), amiodarone (200 milligrams daily), ablation. This treatment is prescribed based on the severity of the condition and should be followed as directed by a healthcare professional."
Onchocerciasis,"Ivermectin (150 mcg/kg single dose yearly), doxycycline (100 mg daily).","Skin snip microscopy, Mazzotti test.","Itchy rash, eye inflammation, subcutaneous nodules.","Ivermectin (150 micrograms/kg single dose yearly), doxycycline (100 milligrams daily). This treatment is prescribed based on the severity of the condition and should be followed as directed by a healthcare professional."
Marburg Virus Disease,"Supportive care, no specific drugs, IV fluids.","RTPCR, ELISA, history of exposure.","Fever, rash, bleeding, organ failure.","Supportive care, no specific drugs, intravenous fluids. This treatment is prescribed based on the severity of the condition and should be followed as directed by a healthcare professional."
Nephroblastoma (Wilms Tumor),"Nephrectomy, vincristine (1.5 mg/m² IV), actinomycin D (15 mcg/kg IV).","Ultrasound, CT, biopsy.","Abdominal mass, fever, hematuria, pain.","Nephrectomy, vincristine (1.5 milligrams/m² intravenous), actinomycin D (15 micrograms/kg intravenous). This treatment is prescribed based on the severity of the condition and should be followed as directed by a healthcare professional."
Tropical Sprue,"Tetracycline (250 mg 4x daily), folate (5 mg daily), B12 injections.","Small bowel biopsy, stool studies, rule out infection.","Diarrhea, weight loss, malabsorption, fatigue.","Tetracycline (250 milligrams 4 times a day), folate (5 milligrams daily), B12 injections. This treatment is prescribed based on the severity of the condition and should be followed as directed by a healthcare professional."
Small Cell Lung Cancer,"Etoposide (100 mg/m² IV), cisplatin (80 mg/m² IV), radiation.","CT scan, biopsy, PET scan.","Cough, dyspnea, weight loss, paraneoplastic syndromes.","Etoposide (100 milligrams/m² intravenous), cisplatin (80 milligrams/m² intravenous), radiation. This treatment is prescribed based on the severity of the condition and should be followed as directed by a healthcare professional."
Buruli Ulcer,"Rifampin (10 mg/kg daily), clarithromycin (500 mg twice daily), surgery.","Swab PCR for Mycobacterium ulcerans, biopsy.","Painless skin ulcer, swelling, slow progression.","Rifampin (10 milligrams/kg daily), clarithromycin (500 milligrams twice daily), surgery. This treatment is prescribed based on the severity of the condition and should be followed as directed by a healthcare professional."
Hairy Cell Leukemia,"Cladribine (0.1 mg/kg IV daily for 7 days), rituximab (375 mg/m²).","Bone marrow biopsy, flow cytometry (CD11c+).","Fatigue, spleen enlargement, infections, pancytopenia.","Cladribine (0.1 milligrams/kg intravenous daily for 7 days), rituximab (375 milligrams/m²). This treatment is prescribed based on the severity of the condition and should be followed as directed by a healthcare professional."
Fallopian Tube Cancer,"Surgery, paclitaxel (175 mg/m² IV), carboplatin (AUC 56 IV).","Transvaginal ultrasound, CA125, laparoscopy.","Pelvic pain, abnormal vaginal bleeding, bloating.","Surgery, paclitaxel (175 milligrams/m² intravenous), carboplatin (AUC 56 intravenous). This treatment is prescribed based on the severity of the condition and should be followed as directed by a healthcare professional."
Crohn’s Disease,"Budesonide (9 mg daily), infliximab (5 mg/kg IV), mesalamine (2.4 g daily).","Colonoscopy, biopsy, imaging (e.g., CT enterography).","Abdominal pain, diarrhea, weight loss, fatigue.","Budesonide (9 milligrams daily), infliximab (5 milligrams/kg intravenous), mesalamine (2.4 g daily). This treatment is prescribed based on the severity of the condition and should be followed as directed by a healthcare professional."
Yellow Fever,"Supportive care, no specific drugs, vaccination prevention.","RTPCR, IgM ELISA, travel history.","Fever, jaundice, bleeding, muscle pain.","Supportive care, no specific drugs, vaccination prevention. This treatment is prescribed based on the severity of the condition and should be followed as directed by a healthcare professional."
Endometrial Cancer,"Hysterectomy, progesterone (megestrol 160 mg daily), radiation.","Endometrial biopsy, ultrasound, hysteroscopy.","Postmenopausal bleeding, pelvic pain, weight loss.","Hysterectomy, progesterone (megestrol 160 milligrams daily), radiation. This treatment is prescribed based on the severity of the condition and should be followed as directed by a healthcare professional."
Sleep Apnea,"CPAP, modafinil (200 mg daily), surgery (tonsillectomy if indicated).","Polysomnography (AHI >5), home sleep test.","Loud snoring, gasping, daytime sleepiness.","CPAP, modafinil (200 milligrams daily), surgery (tonsillectomy if indicated). This treatment is prescribed based on the severity of the condition and should be followed as directed by a healthcare professional."
Zika Virus,"Supportive care, acetaminophen (5001000 mg), fluids.","RTPCR, IgM antibody test, travel history.","Mild fever, rash, joint pain, conjunctivitis.","Supportive care, acetaminophen (5001000 milligrams), fluids. This treatment is prescribed based on the severity of the condition and should be followed as directed by a healthcare professional."
Anal Fissure,"Nitroglycerin ointment (0.2% twice daily), botox injection, lateral sphincterotomy.","Physical exam, anoscopy.","Anal pain, bleeding during bowel movements, itching.","Nitroglycerin ointment (0.2% twice daily), botox injection, lateral sphincterotomy. This treatment is prescribed based on the severity of the condition and should be followed as directed by a healthcare professional."
Anaplastic Thyroid Cancer,"Surgery, doxorubicin (60 mg/m² IV), pembrolizumab (200 mg IV).","Biopsy, CT/MRI, BRAF testing.","Rapid neck mass growth, hoarseness, dysphagia.","Surgery, doxorubicin (60 milligrams/m² intravenous), pembrolizumab (200 milligrams intravenous). This treatment is prescribed based on the severity of the condition and should be followed as directed by a healthcare professional."
Cryptosporidiosis,"Nitazoxanide (500 mg twice daily for 3 days), fluids, supportive care.","Stool microscopy, PCR, antigen test.","Watery diarrhea, cramps, nausea, dehydration.","Nitazoxanide (500 milligrams twice daily for 3 days), fluids, supportive care. This treatment is prescribed based on the severity of the condition and should be followed as directed by a healthcare professional."
Overactive Bladder,"Oxybutynin (5 mg twice daily), pelvic floor exercises, tolterodine (2 mg daily).","Urinalysis, bladder diary, urodynamic testing.","Frequent urination, urgency, nocturia, incontinence.","Oxybutynin (5 milligrams twice daily), pelvic floor exercises, tolterodine (2 milligrams daily). This treatment is prescribed based on the severity of the condition and should be followed as directed by a healthcare professional."
Stroke,"tPA (0.9 mg/kg IV if <4.5 hrs), aspirin (325 mg daily), atorvastatin (40 mg daily).","CT/MRI brain, NIHSS score, carotid ultrasound.","Sudden weakness, slurred speech, vision loss, confusion.","tPA (0.9 milligrams/kg intravenous if <4.5 hrs), aspirin (325 milligrams daily), atorvastatin (40 milligrams daily). This treatment is prescribed based on the severity of the condition and should be followed as directed by a healthcare professional."
Autism Spectrum Disorder,"Behavioral therapy, risperidone (0.52 mg daily) for irritability, no cure.","DSM5 criteria, ADOS testing, developmental history.","Social difficulties, repetitive behaviors, communication challenges.","Behavioral therapy, risperidone (0.52 milligrams daily) for irritability, no cure. This treatment is prescribed based on the severity of the condition and should be followed as directed by a healthcare professional."
Neurosyphilis,"Penicillin G (34 million units IV every 4 hours for 14 days), supportive care.","CSF VDRL, serum RPR, MRI.","Confusion, seizures, vision changes, personality shifts.","Penicillin G (34 million units intravenous every 4 hours for 14 days), supportive care. This treatment is prescribed based on the severity of the condition and should be followed as directed by a healthcare professional."
Chickenpox,"Acyclovir (800 mg 5x daily), calamine lotion, ibuprofen (200400 mg).","Clinical exam, PCR if needed (varicellazoster virus).","Itchy rash, fever, fatigue, blisters.","Acyclovir (800 milligrams 5 times a day), calamine lotion, ibuprofen (200400 milligrams). This treatment is prescribed based on the severity of the condition and should be followed as directed by a healthcare professional."
Tetanus,"Tetanus immune globulin (500 units IM), metronidazole (500 mg IV every 8 hours).","Clinical history (wound exposure), no specific lab test.","Muscle stiffness, lockjaw, spasms, fever.","Tetanus immune globulin (500 units IM), metronidazole (500 milligrams intravenous every 8 hours). This treatment is prescribed based on the severity of the condition and should be followed as directed by a healthcare professional."
Tinea Versicolor,"Ketoconazole cream (2% daily), fluconazole (300 mg weekly).","KOH skin scraping, Wood’s lamp exam.","Discolored skin patches, mild itching, scaling.","Ketoconazole cream (2% daily), fluconazole (300 milligrams weekly). This treatment is prescribed based on the severity of the condition and should be followed as directed by a healthcare professional."
Leukemia,"Imatinib (400 mg daily), chemotherapy (e.g., cytarabine), stem cell transplant.","CBC (blasts >20%), bone marrow biopsy, cytogenetics.","Fatigue, bruising, infections, bone pain.","Imatinib (400 milligrams daily), chemotherapy (e.g., cytarabine), stem cell transplant. This treatment is prescribed based on the severity of the condition and should be followed as directed by a healthcare professional."
Back Pain,"Ibuprofen (400800 mg), physical therapy, gabapentin (300 mg) if neuropathic.","Physical exam, Xray/MRI if structural issue suspected.","Dull ache, stiffness, radiating pain, muscle spasms.","Ibuprofen (400800 milligrams), physical therapy, gabapentin (300 milligrams) if neuropathic. This treatment is prescribed based on the severity of the condition and should be followed as directed by a healthcare professional."
Tinnitus,"No specific drugs, hearing aids, CBT, gabapentin (300600 mg nightly).","Audiometry, MRI to rule out tumors.","Ringing/buzzing in ears, hearing loss, sleep disturbance.","No specific drugs, hearing aids, CBT, gabapentin (300600 milligrams nightly). This treatment is prescribed based on the severity of the condition and should be followed as directed by a healthcare professional."
Before Cryosurgery for Prostate Cancer,"Preop: leuprolide (7.5 mg IM), antibiotics (e.g., ciprofloxacin 500 mg), counseling.","PSA test, biopsy, MRI preprocedure.","Urinary issues, PSA elevation (contextual).","Preop: leuprolide (7.5 milligrams IM), antibiotics (e.g., ciprofloxacin 500 milligrams), counseling. This treatment is prescribed based on the severity of the condition and should be followed as directed by a healthcare professional."
Renal Cancer,"Nephrectomy, sunitinib (50 mg daily), nivolumab (240 mg IV every 2 weeks).","CT scan, renal biopsy, staging.","Hematuria, flank pain, weight loss, palpable mass.","Nephrectomy, sunitinib (50 milligrams daily), nivolumab (240 milligrams intravenous every 2 weeks). This treatment is prescribed based on the severity of the condition and should be followed as directed by a healthcare professional."
Scurvy,"Vitamin C (5001000 mg daily), dietary improvement, supportive care.","Vitamin C level (<0.2 mg/dL), clinical history.","Fatigue, gum bleeding, bruising, joint pain.","Vitamin C (5001000 milligrams daily), dietary improvement, supportive care. This treatment is prescribed based on the severity of the condition and should be followed as directed by a healthcare professional."
Hyperkalemia,"Calcium gluconate (10 mL IV), insulin/dextrose, kayexalate (15 g oral).","Serum potassium (>5.5 mmol/L), ECG (peaked T waves).","Muscle weakness, palpitations, nausea, tingling.","Calcium gluconate (10 mL intravenous), insulin/dextrose, kayexalate (15 g oral). This treatment is prescribed based on the severity of the condition and should be followed as directed by a healthcare professional."
Cysticercosis,"Albendazole (15 mg/kg daily), prednisone (40 mg daily), antiseizure meds.","CT/MRI (brain cysts), serology for Taenia solium.","Seizures, headaches, muscle cysts, vision changes.","Albendazole (15 milligrams/kg daily), prednisone (40 milligrams daily), antiseizure meds. This treatment is prescribed based on the severity of the condition and should be followed as directed by a healthcare professional."
Tennis Elbow,"Rest, naproxen (500 mg twice daily), physical therapy, steroid injection.","Physical exam, ultrasound if chronic.","Lateral elbow pain, weak grip, pain with twisting.","Rest, naproxen (500 milligrams twice daily), physical therapy, steroid injection. This treatment is prescribed based on the severity of the condition and should be followed as directed by a healthcare professional."
Cryoglobulinemia,"Rituximab (375 mg/m² IV weekly), prednisone (2060 mg daily), treat HCV.","Serum cryoglobulins, rheumatoid factor, HCV test.","Rash, joint pain, fatigue, kidney issues.","Rituximab (375 milligrams/m² intravenous weekly), prednisone (2060 milligrams daily), treat HCV. This treatment is prescribed based on the severity of the condition and should be followed as directed by a healthcare professional."
Black Eye,"Ice packs, acetaminophen (5001000 mg), monitor for complications.","Clinical exam, CT if orbital fracture suspected.","Bruising around eye, swelling, pain, vision changes.","Ice packs, acetaminophen (5001000 milligrams), monitor for complications. This treatment is prescribed based on the severity of the condition and should be followed as directed by a healthcare professional."
Blackheads,"Salicylic acid (2% topical), retinoids (e.g., adapalene 0.1%), extraction.","Visual inspection, dermatology consult if severe.","Small dark bumps on skin, clogged pores, oily areas.","Salicylic acid (2% topical), retinoids (e.g., adapalene 0.1%), extraction. This treatment is prescribed based on the severity of the condition and should be followed as directed by a healthcare professional."
Cutaneous Anthrax,"Ciprofloxacin (500 mg twice daily), doxycycline (100 mg twice daily).","Skin swab culture, PCR for Bacillus anthracis.","Painless ulcer with black center, fever, swelling.","Ciprofloxacin (500 milligrams twice daily), doxycycline (100 milligrams twice daily). This treatment is prescribed based on the severity of the condition and should be followed as directed by a healthcare professional."
Cutaneous Leishmaniasis,"Sodium stibogluconate (20 mg/kg IV daily), miltefosine (50 mg twice daily).","Skin biopsy, PCR for Leishmania.","Skin sores, ulcers, scarring, slow healing.","Sodium stibogluconate (20 milligrams/kg intravenous daily), miltefosine (50 milligrams twice daily). This treatment is prescribed based on the severity of the condition and should be followed as directed by a healthcare professional."
Fibrocystic Breasts,"Ibuprofen (400800 mg), vitamin E (400 IU daily), danazol (100 mg daily).","Clinical breast exam, ultrasound, biopsy if atypical.","Lumpy, tender breasts, pain before menstruation.","Ibuprofen (400800 milligrams), vitamin E (400 IU daily), danazol (100 milligrams daily). This treatment is prescribed based on the severity of the condition and should be followed as directed by a healthcare professional."
Parathyroid Cancer,"Parathyroidectomy, calcitonin (4 IU/kg SC), cinacalcet (3090 mg daily).","PTH levels, neck ultrasound, biopsy.","Neck mass, hypercalcemia, bone pain, fatigue.","Parathyroidectomy, calcitonin (4 IU/kg SC), cinacalcet (3090 milligrams daily). This treatment is prescribed based on the severity of the condition and should be followed as directed by a healthcare professional."
Croup,"Dexamethasone (0.6 mg/kg oral), nebulized epinephrine, humidified air.","Clinical exam, neck Xray (steeple sign).","Barking cough, stridor, hoarseness, fever.","Dexamethasone (0.6 milligrams/kg oral), nebulized epinephrine, humidified air. This treatment is prescribed based on the severity of the condition and should be followed as directed by a healthcare professional."
Sleepwalking,"Safety measures, clonazepam (0.51 mg nightly), treat underlying stress.","Sleep history, polysomnography if severe.","Walking/talking during sleep, unresponsiveness, amnesia.","Safety measures, clonazepam (0.51 milligrams nightly), treat underlying stress. This treatment is prescribed based on the severity of the condition and should be followed as directed by a healthcare professional."
Gastroesophageal Reflux Disease (GERD),"Omeprazole (2040 mg daily), ranitidine (150 mg twice daily), diet changes.","Endoscopy, pH monitoring, symptom history.","Heartburn, regurgitation, dysphagia, chest pain.","Omeprazole (2040 milligrams daily), ranitidine (150 milligrams twice daily), diet changes. This treatment is prescribed based on the severity of the condition and should be followed as directed by a healthcare professional."
Nasal Polyps,"Budesonide nasal spray (64 mcg daily), prednisone (2040 mg tapering), surgery.","Nasal endoscopy, CT scan.","Nasal congestion, runny nose, reduced smell, facial pain.","Budesonide nasal spray (64 micrograms daily), prednisone (2040 milligrams tapering), surgery. This treatment is prescribed based on the severity of the condition and should be followed as directed by a healthcare professional."
Heatstroke,"Rapid cooling, IV fluids, no specific drugs, supportive care.","Core temperature, clinical presentation, rule out infection.","High body temp (>104°F), confusion, rapid pulse, dry skin.","Rapid cooling, intravenous fluids, no specific drugs, supportive care. This treatment is prescribed based on the severity of the condition and should be followed as directed by a healthcare professional."
Shoulder Impingement Syndrome,"Physical therapy, ibuprofen (400800 mg), corticosteroid injection.","Physical exam, MRI for rotator cuff, Xray.","Shoulder pain, weakness, pain with overhead motion.","Physical therapy, ibuprofen (400800 milligrams), corticosteroid injection. This treatment is prescribed based on the severity of the condition and should be followed as directed by a healthcare professional."
Neutropenia,"GCSF (filgrastim 5 mcg/kg daily), antibiotics (e.g., cefepime), treat cause.","CBC (ANC <1500/µL), bone marrow biopsy if chronic.","Frequent infections, fever, fatigue, mouth sores.","GCSF (filgrastim 5 micrograms/kg daily), antibiotics (e.g., cefepime), treat cause. This treatment is prescribed based on the severity of the condition and should be followed as directed by a healthcare professional."
CNS Tuberculosis,"Rifampin (600 mg daily), isoniazid (300 mg daily), steroids (dexamethasone).","CSF analysis (low glucose), MRI (tuberculomas), AFB culture.","Headache, fever, confusion, cranial nerve deficits.","Rifampin (600 milligrams daily), isoniazid (300 milligrams daily), steroids (dexamethasone). This treatment is prescribed based on the severity of the condition and should be followed as directed by a healthcare professional."
Short Bowel Syndrome,"Loperamide (24 mg), TPN, glutamine (30 g daily), teduglutide (0.05 mg/kg).","History of resection, nutrient absorption tests, imaging.","Diarrhea, malnutrition, weight loss, fatigue.","Loperamide (24 milligrams), TPN, glutamine (30 g daily), teduglutide (0.05 milligrams/kg). This treatment is prescribed based on the severity of the condition and should be followed as directed by a healthcare professional."
Childhood Obesity,"Lifestyle changes, no specific drugs, metformin (500 mg) if prediabetic.","BMI measurement, metabolic panel, family history.","Excess weight, fatigue, joint pain, high BMI (>95th percentile).","Lifestyle changes, no specific drugs, metformin (500 milligrams) if prediabetic. This treatment is prescribed based on the severity of the condition and should be followed as directed by a healthcare professional."
Shaken Baby Syndrome,"Supportive care, anticonvulsants (e.g., levetiracetam), surgery if hematoma.","CT/MRI brain, eye exam, skeletal survey.","Lethargy, seizures, vomiting, retinal hemorrhages.","Supportive care, anticonvulsants (e.g., levetiracetam), surgery if hematoma. This treatment is prescribed based on the severity of the condition and should be followed as directed by a healthcare professional."
Cancer Cachexia,"Megestrol (800 mg daily), nutritional support, dexamethasone (4 mg daily).","Clinical history, weight loss (>5% in 6 months), CRP levels.","Weight loss, muscle wasting, fatigue, anorexia.","Megestrol (800 milligrams daily), nutritional support, dexamethasone (4 milligrams daily). This treatment is prescribed based on the severity of the condition and should be followed as directed by a healthcare professional."
Myofascial Pain Syndrome,"Physical therapy, cyclobenzaprine (10 mg nightly), lidocaine injection.","Physical exam (palpable knots), rule out fibromyalgia.","Muscle pain, trigger points, stiffness, fatigue.","Physical therapy, cyclobenzaprine (10 milligrams nightly), lidocaine injection. This treatment is prescribed based on the severity of the condition and should be followed as directed by a healthcare professional."
Osteosarcoma,"Surgery, doxorubicin (75 mg/m² IV), cisplatin (100 mg/m² IV).","Xray (sunburst pattern), biopsy, MRI.","Bone pain, swelling, limp, fractures.","Surgery, doxorubicin (75 milligrams/m² intravenous), cisplatin (100 milligrams/m² intravenous). This treatment is prescribed based on the severity of the condition and should be followed as directed by a healthcare professional."
Bronchopneumonia,"Levofloxacin (750 mg daily), oxygen, supportive care.","Chest Xray (patchy infiltrates), sputum culture.","Fever, productive cough, dyspnea, chest pain.","Levofloxacin (750 milligrams daily), oxygen, supportive care. This treatment is prescribed based on the severity of the condition and should be followed as directed by a healthcare professional."
Glioblastoma,"Temozolomide (150200 mg/m² daily), radiation, surgery.","MRI (ringenhancing lesion), biopsy.","Headache, seizures, memory loss, personality changes.","Temozolomide (150200 milligrams/m² daily), radiation, surgery. This treatment is prescribed based on the severity of the condition and should be followed as directed by a healthcare professional."
Lumbar Spinal Stenosis,"Gabapentin (300600 mg), physical therapy, laminectomy if severe.","MRI/CT (narrowed canal), physical exam.","Lower back pain, leg numbness, weakness, neurogenic claudication.","Gabapentin (300600 milligrams), physical therapy, laminectomy if severe. This treatment is prescribed based on the severity of the condition and should be followed as directed by a healthcare professional."
Preterm Labor,"Tocolytics (nifedipine 20 mg), betamethasone (12 mg IM), magnesium sulfate.","Cervical length ultrasound, fetal fibronectin test.","Contractions (<37 weeks), pelvic pressure, fluid leakage.","Tocolytics (nifedipine 20 milligrams), betamethasone (12 milligrams IM), magnesium sulfate. This treatment is prescribed based on the severity of the condition and should be followed as directed by a healthcare professional."
Precancerous Changes of the Cervix,"LEEP, cryotherapy, imiquimod (5% cream), monitoring.","Pap smear (HSIL), colposcopy, HPV test.","Often asymptomatic, abnormal bleeding possible.","LEEP, cryotherapy, imiquimod (5% cream), monitoring. This treatment is prescribed based on the severity of the condition and should be followed as directed by a healthcare professional."
Pheochromocytoma,"Phenoxybenzamine (1020 mg twice daily), surgery, metoprolol (25 mg).","24hour urine metanephrines, CT/MRI adrenal.","Episodic hypertension, sweating, headache, palpitations.","Phenoxybenzamine (1020 milligrams twice daily), surgery, metoprolol (25 milligrams). This treatment is prescribed based on the severity of the condition and should be followed as directed by a healthcare professional."
Dislocated Shoulder,"Reduction, sling, ibuprofen (400800 mg), physical therapy.","Xray, physical exam.","Severe shoulder pain, deformity, limited movement.","Reduction, sling, ibuprofen (400800 milligrams), physical therapy. This treatment is prescribed based on the severity of the condition and should be followed as directed by a healthcare professional."
Intracranial Hematoma,"Surgery (craniotomy), mannitol (1 g/kg IV), monitor ICP.","CT head (hyperdense area), neurological exam.","Headache, confusion, nausea, unequal pupils.","Surgery (craniotomy), mannitol (1 g/kg intravenous), monitor ICP. This treatment is prescribed based on the severity of the condition and should be followed as directed by a healthcare professional."
PregnancyInduced Hypertension,"Labetalol (200400 mg twice daily), magnesium sulfate (4 g IV), delivery.","BP monitoring, urine protein, liver enzymes.","High BP (>140/90 after 20 weeks), swelling, headache.","Labetalol (200400 milligrams twice daily), magnesium sulfate (4 g intravenous), delivery. This treatment is prescribed based on the severity of the condition and should be followed as directed by a healthcare professional."
Low Testosterone,"Testosterone gel (1% 50 mg daily), clomiphene (2550 mg daily).","Serum testosterone (<300 ng/dL), LH/FSH levels.","Fatigue, low libido, mood changes, muscle loss.","Testosterone gel (1% 50 milligrams daily), clomiphene (2550 milligrams daily). This treatment is prescribed based on the severity of the condition and should be followed as directed by a healthcare professional."
Managing Diabetes During Sick Days,"Insulin adjustment, hydration, metformin (500 mg) if tolerated.","Blood glucose monitoring, ketone testing.","Hyperglycemia, nausea, dehydration (contextual).","Insulin adjustment, hydration, metformin (500 milligrams) if tolerated. This treatment is prescribed based on the severity of the condition and should be followed as directed by a healthcare professional."
Impetigo,"Mupirocin ointment (2% 3x daily), cephalexin (500 mg 4x daily).","Clinical exam, culture if resistant.","Red sores, honeycolored crusts, itching, contagious.","Mupirocin ointment (2% 3 times a day), cephalexin (500 milligrams 4 times a day). This treatment is prescribed based on the severity of the condition and should be followed as directed by a healthcare professional."
Ankylosing Spondylitis,"Adalimumab (40 mg SC every 2 weeks), ibuprofen (600 mg 3x daily).","HLAB27 test, Xray (bamboo spine), MRI.","Chronic back pain, stiffness, fatigue, eye inflammation.","Adalimumab (40 milligrams SC every 2 weeks), ibuprofen (600 milligrams 3 times a day). This treatment is prescribed based on the severity of the condition and should be followed as directed by a healthcare professional."
Mitral Valve Regurgitation,"Furosemide (2040 mg daily), lisinopril (1020 mg daily), valve repair/replacement.","Echocardiogram (regurgitant jet), ECG, chest Xray.","Fatigue, shortness of breath, palpitations, murmur.","Furosemide (2040 milligrams daily), lisinopril (1020 milligrams daily), valve repair/replacement. This treatment is prescribed based on the severity of the condition and should be followed as directed by a healthcare professional."
Tapeworm Infection,"Praziquantel (510 mg/kg single dose), albendazole (400 mg daily for 3 days).","Stool ova/parasite exam, serology, imaging if cysticercosis.","Abdominal pain, nausea, weight loss, visible segments in stool.","Praziquantel (510 milligrams/kg single dose), albendazole (400 milligrams daily for 3 days). This treatment is prescribed based on the severity of the condition and should be followed as directed by a healthcare professional."
Morning Sickness,"Pyridoxine (1025 mg daily), doxylamine (12.5 mg nightly), ginger.","Clinical history, rule out hyperemesis via labs.","Nausea, vomiting, fatigue (early pregnancy).","Pyridoxine (1025 milligrams daily), doxylamine (12.5 milligrams nightly), ginger. This treatment is prescribed based on the severity of the condition and should be followed as directed by a healthcare professional."
PAH (Pulmonary Arterial Hypertension),"Sildenafil (20 mg 3x daily), bosentan (125 mg twice daily), oxygen.","Right heart cath (mPAP >20 mmHg), echocardiogram.","Dyspnea, fatigue, chest pain, leg swelling.","Sildenafil (20 milligrams 3 times a day), bosentan (125 milligrams twice daily), oxygen. This treatment is prescribed based on the severity of the condition and should be followed as directed by a healthcare professional."
Huntington’s Disease,"Tetrabenazine (12.525 mg 3x daily), supportive care, no cure.","Genetic testing (CAG repeats >36), MRI, neurological exam.","Chorea, cognitive decline, mood changes, stiffness.","Tetrabenazine (12.525 milligrams 3 times a day), supportive care, no cure. This treatment is prescribed based on the severity of the condition and should be followed as directed by a healthcare professional."
Generalized Anxiety Disorder,"Sertraline (50200 mg daily), buspirone (10 mg twice daily), CBT.","DSM5 criteria, GAD7 score, rule out medical causes.","Excessive worry, restlessness, fatigue, muscle tension.","Sertraline (50200 milligrams daily), buspirone (10 milligrams twice daily), CBT. This treatment is prescribed based on the severity of the condition and should be followed as directed by a healthcare professional."
Tertiary Syphilis,"Penicillin G (34 million units IV every 4 hours for 14 days), supportive care.","CSF VDRL, serum FTAABS, imaging (e.g., MRI).","Gummas, neurosyphilis (confusion), aortic aneurysm.","Penicillin G (34 million units intravenous every 4 hours for 14 days), supportive care. This treatment is prescribed based on the severity of the condition and should be followed as directed by a healthcare professional."
Q Fever,"Doxycycline (100 mg twice daily), hydroxychloroquine (200 mg daily for chronic).","Serology (Coxiella burnetii), PCR, chest Xray.","Fever, headache, fatigue, pneumonia (chronic: endocarditis).","Doxycycline (100 milligrams twice daily), hydroxychloroquine (200 milligrams daily for chronic). This treatment is prescribed based on the severity of the condition and should be followed as directed by a healthcare professional."
Craniosynostosis,"Surgery (cranial vault remodeling), no drugs, helmet therapy postop.","Skull Xray, CT scan, physical exam.","Abnormal head shape, developmental delay, seizures.","Surgery (cranial vault remodeling), no drugs, helmet therapy postop. This treatment is prescribed based on the severity of the condition and should be followed as directed by a healthcare professional."
Scoliosis,"Bracing, ibuprofen (400800 mg), surgery (fusion) if severe.","Xray (Cobb angle >10°), physical exam.","Uneven shoulders, back pain, spinal curve, fatigue.","Bracing, ibuprofen (400800 milligrams), surgery (fusion) if severe. This treatment is prescribed based on the severity of the condition and should be followed as directed by a healthcare professional."
Hearing Loss,"Hearing aids, cochlear implant, no drugs unless infectionrelated.","Audiometry, tympanometry, MRI if sudden.","Difficulty hearing, tinnitus, muffled sounds, withdrawal.","Hearing aids, cochlear implant, no drugs unless infectionrelated. This treatment is prescribed based on the severity of the condition and should be followed as directed by a healthcare professional."
Carotid Artery Disease,"Aspirin (81 mg daily), atorvastatin (40 mg daily), carotid endarterectomy.","Carotid Doppler, CT angiography, MRA.","TIA (transient weakness), stroke risk, bruit over neck.","Aspirin (81 milligrams daily), atorvastatin (40 milligrams daily), carotid endarterectomy. This treatment is prescribed based on the severity of the condition and should be followed as directed by a healthcare professional."
Headache,"Ibuprofen (400800 mg), sumatriptan (50100 mg for migraine), hydration.","Clinical history, MRI/CT if red flags (e.g., sudden onset).","Pain (dull/sharp), nausea, sensitivity to light/sound.","Ibuprofen (400800 milligrams), sumatriptan (50100 milligrams for migraine), hydration. This treatment is prescribed based on the severity of the condition and should be followed as directed by a healthcare professional."
Frontal Lobe Seizures,"Levetiracetam (5001000 mg twice daily), carbamazepine (200400 mg twice daily).","EEG (frontal focus), MRI, video monitoring.","Sudden movements, vocalizations, nocturnal seizures.","Levetiracetam (5001000 milligrams twice daily), carbamazepine (200400 milligrams twice daily). This treatment is prescribed based on the severity of the condition and should be followed as directed by a healthcare professional."
Hay Fever,"Cetirizine (10 mg daily), fluticasone nasal spray (50 mcg daily), avoidance.","Allergy testing (skin prick), symptom history.","Sneezing, runny nose, itchy eyes, congestion.","Cetirizine (10 milligrams daily), fluticasone nasal spray (50 micrograms daily), avoidance. This treatment is prescribed based on the severity of the condition and should be followed as directed by a healthcare professional."
Spinal Stenosis,"Gabapentin (300600 mg), physical therapy, laminectomy if severe.","MRI/CT (narrowed canal), physical exam.","Back pain, leg numbness, weakness, claudication.","Gabapentin (300600 milligrams), physical therapy, laminectomy if severe. This treatment is prescribed based on the severity of the condition and should be followed as directed by a healthcare professional."
Congenital Adrenal Hyperplasia,"Hydrocortisone (1525 mg/m² daily), fludrocortisone (0.1 mg daily).","17OHP levels (>2000 ng/dL), ACTH stimulation test.","Ambiguous genitalia, salt loss, precocious puberty.","Hydrocortisone (1525 milligrams/m² daily), fludrocortisone (0.1 milligrams daily). This treatment is prescribed based on the severity of the condition and should be followed as directed by a healthcare professional."
Simple Eosinophilic Pneumonia,"Prednisone (4060 mg daily tapering), supportive care.","Chest Xray (infiltrates), BAL (eosinophils >25%).","Cough, fever, dyspnea, fatigue.","Prednisone (4060 milligrams daily tapering), supportive care. This treatment is prescribed based on the severity of the condition and should be followed as directed by a healthcare professional."
Chemoembolization Cancer Therapy,"Doxorubicin (50 mg via catheter), pain management (morphine 24 mg IV).","Preop imaging (e.g., CT liver), tumor markers.","Postprocedure pain, nausea, fever (contextual).","Doxorubicin (50 milligrams via catheter), pain management (morphine 24 milligrams intravenous). This treatment is prescribed based on the severity of the condition and should be followed as directed by a healthcare professional."
Chiari Malformation,"Surgery (decompression), acetaminophen (5001000 mg), monitor.",MRI (cerebellar tonsil descent >5 mm).,"Headache (neck strain), dizziness, ataxia, swallowing issues.","Surgery (decompression), acetaminophen (5001000 milligrams), monitor. This treatment is prescribed based on the severity of the condition and should be followed as directed by a healthcare professional."
Shingles,"Acyclovir (800 mg 5x daily), gabapentin (300600 mg), prednisone (40 mg).","Clinical exam, PCR for VZV if unclear.","Painful rash, burning, blisters, unilateral distribution.","Acyclovir (800 milligrams 5 times a day), gabapentin (300600 milligrams), prednisone (40 milligrams). This treatment is prescribed based on the severity of the condition and should be followed as directed by a healthcare professional."
Sinus Infection,"Amoxicillin (500 mg 3x daily), saline irrigation, decongestants.","Clinical exam, CT sinus if chronic, culture.","Facial pain, nasal congestion, thick discharge, fever.","Amoxicillin (500 milligrams 3 times a day), saline irrigation, decongestants. This treatment is prescribed based on the severity of the condition and should be followed as directed by a healthcare professional."
Sacroiliac (SI) Joint Pain,"Ibuprofen (400800 mg), physical therapy, steroid injection.","Physical exam, SI joint injection test, Xray.","Lower back/buttock pain, stiffness, worse with sitting.","Ibuprofen (400800 milligrams), physical therapy, steroid injection. This treatment is prescribed based on the severity of the condition and should be followed as directed by a healthcare professional."
Cervicitis,"Azithromycin (1 g single dose), doxycycline (100 mg twice daily).","Pelvic exam, cervical swab (e.g., chlamydia PCR).","Vaginal discharge, pelvic pain, bleeding postsex.","Azithromycin (1 g single dose), doxycycline (100 milligrams twice daily). This treatment is prescribed based on the severity of the condition and should be followed as directed by a healthcare professional."
Neuromyelitis Optica,"Methylprednisolone (1 g IV daily), rituximab (1000 mg IV), plasmapheresis.","MRI (spinal lesions), NMOIgG antibody test.","Vision loss, limb weakness, bladder dysfunction.","Methylprednisolone (1 g intravenous daily), rituximab (1000 milligrams intravenous), plasmapheresis. This treatment is prescribed based on the severity of the condition and should be followed as directed by a healthcare professional."
Hereditary Angioedema (HAE),"C1 esterase inhibitor (IV), icatibant (30 mg SC), tranexamic acid.","C1 inhibitor levels, C4 complement, genetic testing.","Sudden swelling (face, limbs), abdominal pain, airway risk.","C1 esterase inhibitor (intravenous), icatibant (30 milligrams SC), tranexamic acid. This treatment is prescribed based on the severity of the condition and should be followed as directed by a healthcare professional."
Food Allergies,"Epinephrine (0.3 mg IM), diphenhydramine (2550 mg), avoidance.","Skin prick test, IgE levels, oral food challenge.","Hives, swelling, nausea, anaphylaxis risk.","Epinephrine (0.3 milligrams IM), diphenhydramine (2550 milligrams), avoidance. This treatment is prescribed based on the severity of the condition and should be followed as directed by a healthcare professional."
Bunion,"Orthotics, ibuprofen (400800 mg), bunionectomy if severe.","Physical exam, Xray (hallux valgus angle).","Painful toe bump, redness, stiffness, swelling.","Orthotics, ibuprofen (400800 milligrams), bunionectomy if severe. This treatment is prescribed based on the severity of the condition and should be followed as directed by a healthcare professional."
Burning Mouth Syndrome,"Clonazepam (0.5 mg nightly), gabapentin (300 mg), capsaicin rinse.","Clinical history, rule out infection/vitamin deficiency.","Oral burning, dryness, taste changes, no visible lesions.","Clonazepam (0.5 milligrams nightly), gabapentin (300 milligrams), capsaicin rinse. This treatment is prescribed based on the severity of the condition and should be followed as directed by a healthcare professional."
Myxedema Coma,"Levothyroxine (200400 mcg IV), hydrocortisone (100 mg IV), ICU care.","TSH (>20 mIU/L), low T4, clinical crisis.","Hypothermia, confusion, bradycardia, coma (severe hypothyroid).","Levothyroxine (200400 micrograms intravenous), hydrocortisone (100 milligrams intravenous), ICU care. This treatment is prescribed based on the severity of the condition and should be followed as directed by a healthcare professional."
Folliculitis,"Mupirocin (2% topical), doxycycline (100 mg twice daily), warm compress.","Clinical exam, culture if resistant.","Red, itchy bumps, pustules, hair follicle inflammation.","Mupirocin (2% topical), doxycycline (100 milligrams twice daily), warm compress. This treatment is prescribed based on the severity of the condition and should be followed as directed by a healthcare professional."
Oropharyngeal Cancer,"Radiation, cisplatin (100 mg/m² IV), cetuximab (400 mg/m² IV).","Biopsy, HPV testing, CT/PET scan.","Sore throat, ear pain, swallowing difficulty, neck mass.","Radiation, cisplatin (100 milligrams/m² intravenous), cetuximab (400 milligrams/m² intravenous). This treatment is prescribed based on the severity of the condition and should be followed as directed by a healthcare professional."
Corneal Ulcer,"Moxifloxacin drops (0.5% hourly), atropine (1% daily), pain management.","Slitlamp exam, fluorescein stain, culture.","Eye pain, redness, discharge, vision blur.","Moxifloxacin drops (0.5% hourly), atropine (1% daily), pain management. This treatment is prescribed based on the severity of the condition and should be followed as directed by a healthcare professional."
Sepsis,"Ceftriaxone (2 g IV), fluids (30 mL/kg), vasopressors (e.g., norepinephrine).","Blood cultures, lactate (>2 mmol/L), SIRS criteria.","Fever, rapid pulse, confusion, organ dysfunction.","Ceftriaxone (2 g intravenous), fluids (30 mL/kg), vasopressors (e.g., norepinephrine). This treatment is prescribed based on the severity of the condition and should be followed as directed by a healthcare professional."
Glaucoma/Intraocular Hypertension,"Latanoprost (0.005% nightly), timolol (0.5% twice daily), laser therapy.","Tonometry (IOP >21 mmHg), gonioscopy, optic nerve exam.","Eye pain, vision loss, halos, headache.","Latanoprost (0.005% nightly), timolol (0.5% twice daily), laser therapy. This treatment is prescribed based on the severity of the condition and should be followed as directed by a healthcare professional."
Intermittent Explosive Disorder,"SSRIs (e.g., fluoxetine 2040 mg daily), CBT, propranolol (4080 mg).","DSM5 criteria, rule out bipolar/brain injury.","Sudden anger outbursts, aggression, impulsivity.","SSRIs (e.g., fluoxetine 2040 milligrams daily), CBT, propranolol (4080 milligrams). This treatment is prescribed based on the severity of the condition and should be followed as directed by a healthcare professional."
Dissociative Identity Disorder,"Psychotherapy, no specific drugs, SSRIs (e.g., sertraline) for mood.","DSM5 criteria, psychiatric interview, trauma history.","Multiple identities, memory gaps, depression, anxiety.","Psychotherapy, no specific drugs, SSRIs (e.g., sertraline) for mood. This treatment is prescribed based on the severity of the condition and should be followed as directed by a healthcare professional."
Prehypertension (Elevated Blood Pressure),"Lifestyle changes, no drugs unless risk factors, monitor.","BP monitoring, rule out secondary causes.","Often asymptomatic, BP 120129/<80 mmHg.","Lifestyle changes, no drugs unless risk factors, monitor. This treatment is prescribed based on the severity of the condition and should be followed as directed by a healthcare professional."
Trypanosomiasis,"Suramin (20 mg/kg IV), melarsoprol (2.2 mg/kg IV), pentamidine.","Blood smear (Trypanosoma), CSF exam if CNS.","Fever, rash, lymph node swelling, sleeping sickness.","Suramin (20 milligrams/kg intravenous), melarsoprol (2.2 milligrams/kg intravenous), pentamidine. This treatment is prescribed based on the severity of the condition and should be followed as directed by a healthcare professional."
Angelman Syndrome,"Anticonvulsants (e.g., valproate 1530 mg/kg daily), therapy, no cure.","Genetic testing (UBE3A mutation), EEG.","Developmental delay, seizures, ataxia, happy demeanor.","Anticonvulsants (e.g., valproate 1530 milligrams/kg daily), therapy, no cure. This treatment is prescribed based on the severity of the condition and should be followed as directed by a healthcare professional."
Diabetic Retinopathy,"Ranibizumab (0.5 mg intravitreal), laser therapy, glucose control.","Fundus exam, OCT, fluorescein angiography.","Blurred vision, floaters, vision loss, asymptomatic early.","Ranibizumab (0.5 milligrams intravitreal), laser therapy, glucose control. This treatment is prescribed based on the severity of the condition and should be followed as directed by a healthcare professional."
"Infection, Chlamydia","Azithromycin (1 g single dose), doxycycline (100 mg twice daily for 7 days).","NAAT (urine/swab), pelvic exam.","Discharge, burning urination, pelvic pain, often asymptomatic.","Azithromycin (1 g single dose), doxycycline (100 milligrams twice daily for 7 days). This treatment is prescribed based on the severity of the condition and should be followed as directed by a healthcare professional."
Mastitis,"Dicloxacillin (500 mg 4x daily), ibuprofen (400800 mg), warm compress.","Clinical exam, ultrasound if abscess.","Breast pain, redness, swelling, fever (often postpartum).","Dicloxacillin (500 milligrams 4 times a day), ibuprofen (400800 milligrams), warm compress. This treatment is prescribed based on the severity of the condition and should be followed as directed by a healthcare professional."
Polycythemia Vera,"Phlebotomy, hydroxyurea (5001000 mg daily), aspirin (81 mg).","JAK2 mutation, hemoglobin (>16.5 g/dL men), bone marrow biopsy.","Fatigue, itching, headache, ruddy complexion.","Phlebotomy, hydroxyurea (5001000 milligrams daily), aspirin (81 milligrams). This treatment is prescribed based on the severity of the condition and should be followed as directed by a healthcare professional."
Knee Bursitis,"Rest, naproxen (500 mg twice daily), corticosteroid injection.","Physical exam, ultrasound, aspiration if infected.","Knee swelling, pain, warmth, stiffness.","Rest, naproxen (500 milligrams twice daily), corticosteroid injection. This treatment is prescribed based on the severity of the condition and should be followed as directed by a healthcare professional."
Klinefelter Syndrome,"Testosterone (1% gel 50 mg daily), fertility support, no cure.","Karyotype (47,XXY), testosterone levels.","Small testes, infertility, gynecomastia, tall stature.","Testosterone (1% gel 50 milligrams daily), fertility support, no cure. This treatment is prescribed based on the severity of the condition and should be followed as directed by a healthcare professional."
Poison Ivy,"Hydrocortisone cream (1% twice daily), prednisone (40 mg tapering), calamine.","Clinical exam, exposure history.","Itchy rash, blisters, redness, swelling.","Hydrocortisone cream (1% twice daily), prednisone (40 milligrams tapering), calamine. This treatment is prescribed based on the severity of the condition and should be followed as directed by a healthcare professional."
Absence Seizure,"Ethosuximide (250500 mg twice daily), valproate (1530 mg/kg daily).","EEG (3 Hz spikewave), clinical history.","Brief staring spells, unresponsiveness, subtle twitching.","Ethosuximide (250500 milligrams twice daily), valproate (1530 milligrams/kg daily). This treatment is prescribed based on the severity of the condition and should be followed as directed by a healthcare professional."
Liposarcoma,"Surgery, doxorubicin (60 mg/m² IV), trabectedin (1.5 mg/m² IV).","MRI/CT, biopsy (myxoid/round cell).","Painless mass (limbs/trunk), pain if large, fatigue.","Surgery, doxorubicin (60 milligrams/m² intravenous), trabectedin (1.5 milligrams/m² intravenous). This treatment is prescribed based on the severity of the condition and should be followed as directed by a healthcare professional."
Ventricular Tachycardia,"Amiodarone (150 mg IV bolus), lidocaine (11.5 mg/kg IV), defibrillation.","ECG (wide QRS >120 ms), electrophysiology study.","Palpitations, dizziness, syncope, chest pain.","Amiodarone (150 milligrams intravenous bolus), lidocaine (11.5 milligrams/kg intravenous), defibrillation. This treatment is prescribed based on the severity of the condition and should be followed as directed by a healthcare professional."
Encephalopathy,"Lactulose (2030 g for hepatic), treat cause, supportive care.","EEG, MRI, blood tests (e.g., ammonia, liver function).","Confusion, lethargy, seizures, altered consciousness.","Lactulose (2030 g for hepatic), treat cause, supportive care. This treatment is prescribed based on the severity of the condition and should be followed as directed by a healthcare professional."
Irritable Bowel Syndrome,"Loperamide (24 mg), rifaximin (550 mg 3x daily), diet changes.","Rome IV criteria, rule out IBD via colonoscopy.","Abdominal pain, bloating, diarrhea/constipation.","Loperamide (24 milligrams), rifaximin (550 milligrams 3 times a day), diet changes. This treatment is prescribed based on the severity of the condition and should be followed as directed by a healthcare professional."
Immune Thrombocytopenia (ITP),"Prednisone (1 mg/kg daily), IVIG (1 g/kg), rituximab (375 mg/m²).","CBC (platelets <100,000/µL), rule out other causes.","Bruising, petechiae, bleeding gums, low platelets.","Prednisone (1 milligrams/kg daily), intravenousIG (1 g/kg), rituximab (375 milligrams/m²). This treatment is prescribed based on the severity of the condition and should be followed as directed by a healthcare professional."
Pseudobulbar Affect,"Dextromethorphan/quinidine (20/10 mg twice daily), SSRIs (e.g., sertraline).","Clinical history, rule out neurological disease (e.g., MS).","Uncontrollable laughing/crying, emotional outbursts.","Dextromethorphan/quinidine (20/10 milligrams twice daily), SSRIs (e.g., sertraline). This treatment is prescribed based on the severity of the condition and should be followed as directed by a healthcare professional."
Hypertrophic Cardiomyopathy,"Metoprolol (50200 mg daily), mavacamten (5 mg daily), surgery.","Echocardiogram (LV wall >15 mm), ECG, genetic testing.","Dyspnea, chest pain, syncope, murmur.","Metoprolol (50200 milligrams daily), mavacamten (5 milligrams daily), surgery. This treatment is prescribed based on the severity of the condition and should be followed as directed by a healthcare professional."
Merkel Cell Carcinoma,"Surgery, avelumab (10 mg/kg IV every 2 weeks), radiation.","Biopsy (Merkel cell polyomavirus), PET scan.","Painless, red/purple skin nodule, rapid growth.","Surgery, avelumab (10 milligrams/kg intravenous every 2 weeks), radiation. This treatment is prescribed based on the severity of the condition and should be followed as directed by a healthcare professional."
Melioidosis,"Ceftazidime (2 g IV every 8 hours), trimethoprimsulfamethoxazole (160/800 mg).","Culture (Burkholderia pseudomallei), serology.","Fever, abscesses, pneumonia, joint pain.","Ceftazidime (2 g intravenous every 8 hours), trimethoprimsulfamethoxazole (160/800 milligrams). This treatment is prescribed based on the severity of the condition and should be followed as directed by a healthcare professional."
Hypoglycemia in Adolescents,"Glucose tabs (15 g), glucagon (1 mg IM), adjust insulin if diabetic.","Blood glucose (<70 mg/dL), symptom correlation.","Shakiness, sweating, confusion, irritability.","Glucose tabs (15 g), glucagon (1 milligrams IM), adjust insulin if diabetic. This treatment is prescribed based on the severity of the condition and should be followed as directed by a healthcare professional."
Tongue Cancer,"Surgery, cisplatin (100 mg/m² IV), radiation therapy.","Biopsy, HPV testing, CT/MRI staging.","Tongue sore, pain, difficulty swallowing, bleeding.","Surgery, cisplatin (100 milligrams/m² intravenous), radiation therapy. This treatment is prescribed based on the severity of the condition and should be followed as directed by a healthcare professional."
Toothache,"Ibuprofen (400800 mg), amoxicillin (500 mg 3x daily), dental repair.","Dental exam, Xray for caries/abscess.","Dental pain, sensitivity, swelling, bad taste.","Ibuprofen (400800 milligrams), amoxicillin (500 milligrams 3 times a day), dental repair. This treatment is prescribed based on the severity of the condition and should be followed as directed by a healthcare professional."
Autism,"Behavioral therapy, risperidone (0.52 mg daily) for aggression, support.","DSM5, ADOS, developmental screening.","Social challenges, repetitive behaviors, speech delays.","Behavioral therapy, risperidone (0.52 milligrams daily) for aggression, support. This treatment is prescribed based on the severity of the condition and should be followed as directed by a healthcare professional."
Atrial Fibrillation,"Apixaban (5 mg twice daily), metoprolol (25100 mg daily), ablation.","ECG (absent P waves), Holter monitor.","Irregular heartbeat, palpitations, fatigue, dizziness.","Apixaban (5 milligrams twice daily), metoprolol (25100 milligrams daily), ablation. This treatment is prescribed based on the severity of the condition and should be followed as directed by a healthcare professional."
De Quervain’s Tenosynovitis,"Naproxen (500 mg twice daily), thumb splint, steroid injection.","Finkelstein test, ultrasound.","Thumb/wrist pain, swelling, difficulty gripping.","Naproxen (500 milligrams twice daily), thumb splint, steroid injection. This treatment is prescribed based on the severity of the condition and should be followed as directed by a healthcare professional."
DCIS (Ductal Carcinoma In Situ Breast Cancer),"Lumpectomy, tamoxifen (20 mg daily), radiation if high risk.","Mammogram, biopsy (noninvasive cancer).","Often asymptomatic, detected on mammogram, nipple discharge.","Lumpectomy, tamoxifen (20 milligrams daily), radiation if high risk. This treatment is prescribed based on the severity of the condition and should be followed as directed by a healthcare professional."
Lymphatic Filariasis,"Diethylcarbamazine (6 mg/kg single dose), ivermectin (200 mcg/kg).","Blood smear (microfilariae), antigen test.","Lymphedema, fever, swollen limbs, elephantiasis.","Diethylcarbamazine (6 milligrams/kg single dose), ivermectin (200 micrograms/kg). This treatment is prescribed based on the severity of the condition and should be followed as directed by a healthcare professional."
Tension Headache,"Ibuprofen (400800 mg), amitriptyline (1025 mg nightly), relaxation.","Clinical history, rule out migraine/CT if atypical.","Bilateral head pressure, tightness, mild pain, fatigue.","Ibuprofen (400800 milligrams), amitriptyline (1025 milligrams nightly), relaxation. This treatment is prescribed based on the severity of the condition and should be followed as directed by a healthcare professional."
Squamous Cell Carcinoma,"Excision, 5fluorouracil cream (5%), pembrolizumab (200 mg IV).","Skin biopsy, staging if metastatic.","Scaly red patch, ulcer, wartlike growth, bleeding.","Excision, 5fluorouracil cream (5%), pembrolizumab (200 milligrams intravenous). This treatment is prescribed based on the severity of the condition and should be followed as directed by a healthcare professional."
Scrub Typhus,"Doxycycline (100 mg twice daily for 7 days), azithromycin (500 mg).","Serology (Orientia tsutsugamushi), PCR.","Fever, rash, eschar, headache, muscle pain.","Doxycycline (100 milligrams twice daily for 7 days), azithromycin (500 milligrams). This treatment is prescribed based on the severity of the condition and should be followed as directed by a healthcare professional."
Deep Vein Thrombosis,"Rivaroxaban (15 mg twice daily for 21 days, then 20 mg), compression.","Doppler ultrasound, Ddimer test.","Leg swelling, pain, redness, warmth.","Rivaroxaban (15 milligrams twice daily for 21 days, then 20 milligrams), compression. This treatment is prescribed based on the severity of the condition and should be followed as directed by a healthcare professional."
Bone Metastases,"Zoledronic acid (4 mg IV monthly), denosumab (120 mg SC), analgesics.","Bone scan, Xray, tumor markers.","Bone pain, fractures, hypercalcemia, weakness.","Zoledronic acid (4 milligrams intravenous monthly), denosumab (120 milligrams SC), analgesics. This treatment is prescribed based on the severity of the condition and should be followed as directed by a healthcare professional."
Japanese Encephalitis,"Supportive care, no specific antiviral, vaccination prevention.","CSF IgM, brain MRI, serology.","Fever, headache, seizures, coma (neuroinvasive).","Supportive care, no specific antiviral, vaccination prevention. This treatment is prescribed based on the severity of the condition and should be followed as directed by a healthcare professional."
Kaposi’s Sarcoma,"ART (e.g., tenofovir), doxorubicin (20 mg/m² IV), radiation.","Skin biopsy, HHV8 testing, staging.","Purple skin lesions, swelling, pain (HIVrelated).","ART (e.g., tenofovir), doxorubicin (20 milligrams/m² intravenous), radiation. This treatment is prescribed based on the severity of the condition and should be followed as directed by a healthcare professional."
Echinococcosis,"Albendazole (400 mg twice daily), surgery, PAIR procedure.","Ultrasound/CT (hydatid cysts), serology.","Abdominal pain, liver cysts, cough (lung involvement).","Albendazole (400 milligrams twice daily), surgery, PAIR procedure. This treatment is prescribed based on the severity of the condition and should be followed as directed by a healthcare professional."
Breast Cancer,"Surgery, tamoxifen (20 mg daily), trastuzumab (6 mg/kg IV).","Mammogram, biopsy, ER/PR/HER2 testing.","Lump, nipple changes, skin dimpling, pain.","Surgery, tamoxifen (20 milligrams daily), trastuzumab (6 milligrams/kg intravenous). This treatment is prescribed based on the severity of the condition and should be followed as directed by a healthcare professional."
Type 2 Diabetes,"Metformin (5001000 mg twice daily), lifestyle changes, insulin if needed.","HbA1c (>6.5%), fasting glucose (>126 mg/dL).","Thirst, fatigue, frequent urination, blurred vision.","Metformin (5001000 milligrams twice daily), lifestyle changes, insulin if needed. This treatment is prescribed based on the severity of the condition and should be followed as directed by a healthcare professional."
Schizophrenia,"Olanzapine (520 mg daily), risperidone (26 mg daily), therapy.","DSM5 criteria, rule out druginduced psychosis.","Hallucinations, delusions, flat affect, disorganized thinking.","Olanzapine (520 milligrams daily), risperidone (26 milligrams daily), therapy. This treatment is prescribed based on the severity of the condition and should be followed as directed by a healthcare professional."
Amyloidosis,"Bortezomib (1.3 mg/m² IV), melphalan (0.22 mg/kg), supportive care.","Tissue biopsy (Congo red stain), serum free light chains.","Fatigue, edema, organ dysfunction (e.g., heart, kidney).","Bortezomib (1.3 milligrams/m² intravenous), melphalan (0.22 milligrams/kg), supportive care. This treatment is prescribed based on the severity of the condition and should be followed as directed by a healthcare professional."
Osteomyelitis,"Vancomycin (15 mg/kg IV), cefazolin (2 g IV every 8 hours), surgery.","MRI, bone biopsy, blood cultures.","Bone pain, fever, swelling, drainage.","Vancomycin (15 milligrams/kg intravenous), cefazolin (2 g intravenous every 8 hours), surgery. This treatment is prescribed based on the severity of the condition and should be followed as directed by a healthcare professional."
Eczema,"Hydrocortisone (1% twice daily), tacrolimus (0.1%), moisturizers.","Clinical exam, rule out psoriasis/allergy.","Itchy, red, dry skin, rash, oozing.","Hydrocortisone (1% twice daily), tacrolimus (0.1%), moisturizers. This treatment is prescribed based on the severity of the condition and should be followed as directed by a healthcare professional."
Celiac Disease,"Glutenfree diet, dapsone (50100 mg daily) for rash, no cure.","tTGIgA, small bowel biopsy, gluten challenge.","Diarrhea, bloating, fatigue, dermatitis herpetiformis.","Glutenfree diet, dapsone (50100 milligrams daily) for rash, no cure. This treatment is prescribed based on the severity of the condition and should be followed as directed by a healthcare professional."
EhlersDanlos Syndrome,"Physical therapy, pain management (e.g., ibuprofen), no cure.","Clinical criteria (Beighton score), genetic testing.","Joint hypermobility, stretchy skin, easy bruising.","Physical therapy, pain management (e.g., ibuprofen), no cure. This treatment is prescribed based on the severity of the condition and should be followed as directed by a healthcare professional."
HospitalAcquired Pneumonia,"Piperacillintazobactam (4.5 g IV every 6 hours), vancomycin (15 mg/kg).","Chest Xray, sputum culture, BAL.","Fever, cough, purulent sputum, respiratory distress.","Piperacillintazobactam (4.5 g intravenous every 6 hours), vancomycin (15 milligrams/kg). This treatment is prescribed based on the severity of the condition and should be followed as directed by a healthcare professional."
Radiation Sickness,"Supportive care, filgrastim (5 mcg/kg daily), fluids.","Radiation exposure history, CBC (lymphocyte drop).","Nausea, hair loss, skin burns, fatigue.","Supportive care, filgrastim (5 micrograms/kg daily), fluids. This treatment is prescribed based on the severity of the condition and should be followed as directed by a healthcare professional."
Optic Neuritis,"Methylprednisolone (1 g IV daily for 3 days), observation.","MRI (optic nerve enhancement), visual evoked potentials.","Vision loss, eye pain, color distortion.","Methylprednisolone (1 g intravenous daily for 3 days), observation. This treatment is prescribed based on the severity of the condition and should be followed as directed by a healthcare professional."
Heavy Menstrual Bleeding,"Tranexamic acid (1300 mg 3x daily), ibuprofen (800 mg), hormonal IUD.","CBC, pelvic ultrasound, endometrial biopsy.","Excessive flow, clots, fatigue, anemia.","Tranexamic acid (1300 milligrams 3 times a day), ibuprofen (800 milligrams), hormonal IUD. This treatment is prescribed based on the severity of the condition and should be followed as directed by a healthcare professional."
Cholecystitis,"Cholecystectomy, ceftriaxone (1 g IV), pain relief (morphine).","Ultrasound (gallbladder wall thickening), HIDA scan.","Right upper quadrant pain, fever, nausea, Murphy’s sign.","Cholecystectomy, ceftriaxone (1 g intravenous), pain relief (morphine). This treatment is prescribed based on the severity of the condition and should be followed as directed by a healthcare professional."
Salivary Gland Cancer,"Surgery, radiation, cisplatin (75 mg/m² IV) if advanced.","Biopsy, CT/MRI neck, staging.","Facial mass, pain, numbness, difficulty swallowing.","Surgery, radiation, cisplatin (75 milligrams/m² intravenous) if advanced. This treatment is prescribed based on the severity of the condition and should be followed as directed by a healthcare professional."
Cellulitis,"Cephalexin (500 mg 4x daily), clindamycin (300 mg 3x daily), elevation.","Clinical exam, blood cultures if systemic.","Red, warm, swollen skin, fever, pain.","Cephalexin (500 milligrams 4 times a day), clindamycin (300 milligrams 3 times a day), elevation. This treatment is prescribed based on the severity of the condition and should be followed as directed by a healthcare professional."
Clubfoot,"Ponseti casting, bracing, surgery if severe, no drugs.","Physical exam, prenatal ultrasound.","Foot deformity (inward twist), stiffness, calf atrophy.","Ponseti casting, bracing, surgery if severe, no drugs. This treatment is prescribed based on the severity of the condition and should be followed as directed by a healthcare professional."
Broken Leg,"Casting/surgery, ibuprofen (400800 mg), immobilization.","Xray, CT if complex fracture.","Pain, swelling, deformity, inability to bear weight.","Casting/surgery, ibuprofen (400800 milligrams), immobilization. This treatment is prescribed based on the severity of the condition and should be followed as directed by a healthcare professional."
Epidermolysis Bullosa,"Wound care, pain management (morphine), no cure, gene therapy trials.","Skin biopsy, genetic testing (e.g., COL7A1).","Fragile skin, blisters, scarring, pain.","Wound care, pain management (morphine), no cure, gene therapy trials. This treatment is prescribed based on the severity of the condition and should be followed as directed by a healthcare professional."
Uterine Prolapse,"Pessary, estrogen cream (0.5 mg nightly), surgery (hysteropexy).","Pelvic exam, imaging if unclear.","Pelvic pressure, bulging, urinary issues, discomfort.","Pessary, estrogen cream (0.5 milligrams nightly), surgery (hysteropexy). This treatment is prescribed based on the severity of the condition and should be followed as directed by a healthcare professional."
Erythema Nodosum,"Ibuprofen (400800 mg), prednisone (2040 mg), treat underlying cause.","Clinical exam, biopsy, rule out infection (e.g., strep).","Painful red nodules (shins), fever, joint pain.","Ibuprofen (400800 milligrams), prednisone (2040 milligrams), treat underlying cause. This treatment is prescribed based on the severity of the condition and should be followed as directed by a healthcare professional."
ACL Injury,"Rest, naproxen (500 mg twice daily), surgery (reconstruction), rehab.","Lachman test, MRI confirms tear.","Knee pain, swelling, instability, popping sound.","Rest, naproxen (500 milligrams twice daily), surgery (reconstruction), rehab. This treatment is prescribed based on the severity of the condition and should be followed as directed by a healthcare professional."
Alcohol Use Disorder,"Naltrexone (50 mg daily), acamprosate (666 mg 3x daily), therapy.","DSM5 criteria, AUDIT score, liver tests.","Craving, tolerance, withdrawal, loss of control.","Naltrexone (50 milligrams daily), acamprosate (666 milligrams 3 times a day), therapy. This treatment is prescribed based on the severity of the condition and should be followed as directed by a healthcare professional."
Laryngitis,"Voice rest, hydration, dexamethasone (10 mg) if severe.","Laryngoscopy, clinical history (e.g., viral).","Hoarseness, throat pain, weak voice, dry cough.","Voice rest, hydration, dexamethasone (10 milligrams) if severe. This treatment is prescribed based on the severity of the condition and should be followed as directed by a healthcare professional."
Polio,"Supportive care, physical therapy, no antiviral, vaccination.","Stool culture (poliovirus), CSF analysis, EMG.","Fever, paralysis, muscle weakness, fatigue (postpolio).","Supportive care, physical therapy, no antiviral, vaccination. This treatment is prescribed based on the severity of the condition and should be followed as directed by a healthcare professional."
Jaundice,"Treat cause (e.g., ursodiol for stones), phototherapy (neonatal), fluids.","Bilirubin levels, liver function tests, ultrasound.","Yellow skin/eyes, dark urine, fatigue, itching.","Treat cause (e.g., ursodiol for stones), phototherapy (neonatal), fluids. This treatment is prescribed based on the severity of the condition and should be followed as directed by a healthcare professional."
Pinworm Infection,"Mebendazole (100 mg single dose), albendazole (400 mg), hygiene.","Tape test, visual inspection.","Anal itching (night), irritability, worms in stool.","Mebendazole (100 milligrams single dose), albendazole (400 milligrams), hygiene. This treatment is prescribed based on the severity of the condition and should be followed as directed by a healthcare professional."
Dry Skin,"Moisturizers (ceramidebased), hydrocortisone (1% if inflamed), hydration.","Clinical exam, rule out eczema/ichthyosis.","Roughness, itching, flaking, cracking.","Moisturizers (ceramidebased), hydrocortisone (1% if inflamed), hydration. This treatment is prescribed based on the severity of the condition and should be followed as directed by a healthcare professional."
Bronchogenic Carcinoma,"Surgical resection, carboplatin (AUC 5 IV), pembrolizumab (200 mg IV every 3 weeks).","Chest Xray (lung mass), bronchoscopy with biopsy, staging via PET scan.","Chronic cough, chest discomfort, shortness of breath, unexplained weight loss.","Surgical resection, carboplatin (AUC 5 intravenous), pembrolizumab (200 milligrams intravenous every 3 weeks). This treatment is prescribed based on the severity of the condition and should be followed as directed by a healthcare professional."
Hypernephroma (Renal Cell Carcinoma),"Partial nephrectomy, pazopanib (800 mg daily), interleukin2 therapy.","CT abdomen (renal tumor), ultrasound, tissue biopsy.","Blood in urine, side pain, fatigue, fever.","Partial nephrectomy, pazopanib (800 milligrams daily), interleukin2 therapy. This treatment is prescribed based on the severity of the condition and should be followed as directed by a healthcare professional."
Esophageal Cancer,"Esophageal stenting, cisplatin (75 mg/m² IV), radiotherapy.","Esophagogastroscopy, biopsy (squamous cell), CT chest/abdomen.","Difficulty swallowing, burning chest pain, hoarseness, weight loss.","Esophageal stenting, cisplatin (75 milligrams/m² intravenous), radiotherapy. This treatment is prescribed based on the severity of the condition and should be followed as directed by a healthcare professional."
Migraine Headache,"Rizatriptan (10 mg oral), naproxen (500 mg), lifestyle adjustments.","Patient history, neurological exam, MRI if atypical features present.","Pulsating head pain, sensitivity to light, nausea, visual disturbances.","Rizatriptan (10 milligrams oral), naproxen (500 milligrams), lifestyle adjustments. This treatment is prescribed based on the severity of the condition and should be followed as directed by a healthcare professional."
Measles,"Rest, acetaminophen (650 mg every 6 hours), vitamin A (100,000 IU).","Clinical presentation, measles IgM antibody test, viral PCR.","High fever, red rash, runny nose, white spots in mouth.","Rest, acetaminophen (650 milligrams every 6 hours), vitamin A (100,000 IU). This treatment is prescribed based on the severity of the condition and should be followed as directed by a healthcare professional."
Leprosy,"Rifampicin (600 mg monthly), dapsone (100 mg daily), multidrug therapy.","Skin smear (Mycobacterium leprae), nerve biopsy.","Pale skin patches, loss of sensation, thickened nerves, ulcers.","Rifampicin (600 milligrams monthly), dapsone (100 milligrams daily), multidrug therapy. This treatment is prescribed based on the severity of the condition and should be followed as directed by a healthcare professional."
Ebola,"IV hydration, atoltivimab/maftivimab (investigational), supportive care.","Blood PCR (Ebola virus), symptom timeline, exposure history.","Sudden fever, muscle pain, severe diarrhea, hemorrhagic rash.","intravenous hydration, atoltivimab/maftivimab (investigational), supportive care. This treatment is prescribed based on the severity of the condition and should be followed as directed by a healthcare professional."
Urinary Incontinence,"Bladder training, tolterodine (2 mg daily), surgical sling if needed.","Urodynamic studies, bladder ultrasound, voiding diary.","Involuntary urine leakage, frequent urination, pelvic pressure.","Bladder training, tolterodine (2 milligrams daily), surgical sling if needed. This treatment is prescribed based on the severity of the condition and should be followed as directed by a healthcare professional."
Atopic Dermatitis,"Cetaphil moisturizer, triamcinolone (0.1% cream), antihistamines.","Visual inspection, allergy history, patch testing.","Dry, itchy skin, red patches, oozing lesions.","Cetaphil moisturizer, triamcinolone (0.1% cream), antihistamines. This treatment is prescribed based on the severity of the condition and should be followed as directed by a healthcare professional."
Myasthenia Gravis,"Neostigmine (15 mg 4x daily), azathioprine (2 mg/kg daily), plasmapheresis.","Tensilon test, EMG (decremental response), AChR antibodies.","Eyelid drooping, double vision, limb weakness, chewing difficulty.","Neostigmine (15 milligrams 4 times a day), azathioprine (2 milligrams/kg daily), plasmapheresis. This treatment is prescribed based on the severity of the condition and should be followed as directed by a healthcare professional."
Chalazion,"Hot compresses, tobramycin ointment (0.3%), incision if persistent.","Ophthalmic exam, rule out infection or tumor.","Small eyelid lump, mild tenderness, blurred vision if large.","Hot compresses, tobramycin ointment (0.3%), incision if persistent. This treatment is prescribed based on the severity of the condition and should be followed as directed by a healthcare professional."
Hyperthyroidism,"Propylthiouracil (100 mg 3x daily), betablockers (atenolol 50 mg).","Low TSH (<0.4 mIU/L), elevated T3/T4, thyroid scan.","Rapid heartbeat, sweating, nervousness, weight loss despite appetite.","Propylthiouracil (100 milligrams 3 times a day), betablockers (atenolol 50 milligrams). This treatment is prescribed based on the severity of the condition and should be followed as directed by a healthcare professional."
Miliary Tuberculosis,"Pyrazinamide (25 mg/kg daily), isoniazid (300 mg daily), 6month regimen.","Chest CT (miliary pattern), sputum culture, Quantiferon test.","Persistent fever, chills, cough, small lung nodules.","Pyrazinamide (25 milligrams/kg daily), isoniazid (300 milligrams daily), 6month regimen. This treatment is prescribed based on the severity of the condition and should be followed as directed by a healthcare professional."
Nosocomial Pneumonia,"Levofloxacin (750 mg IV daily), ceftazidime (2 g IV), oxygen support.","Chest Xray (infiltrates), tracheal aspirate culture, blood work.","Fever, productive cough, breathing difficulty, lethargy.","Levofloxacin (750 milligrams intravenous daily), ceftazidime (2 g intravenous), oxygen support. This treatment is prescribed based on the severity of the condition and should be followed as directed by a healthcare professional."
Herniated Disk,"Ibuprofen (600 mg), physical therapy, epidural steroid injection.","MRI (disk bulge), straight leg raise test, clinical exam.","Sharp back pain, leg numbness, tingling, muscle spasms.","Ibuprofen (600 milligrams), physical therapy, epidural steroid injection. This treatment is prescribed based on the severity of the condition and should be followed as directed by a healthcare professional."
Benign Intracranial Hypertension,"Furosemide (40 mg daily), topiramate (50 mg twice daily), surgery (shunt).","Fundoscopic exam (papilledema), lumbar puncture (high pressure).","Vision blurring, pulsatile tinnitus, severe headaches.","Furosemide (40 milligrams daily), topiramate (50 milligrams twice daily), surgery (shunt). This treatment is prescribed based on the severity of the condition and should be followed as directed by a healthcare professional."
Borderline Personality Disorder,"CBT, lamotrigine (25100 mg daily), group therapy.","Psychiatric interview, MCMIIV, DSM5 criteria.","Emotional instability, fear of abandonment, impulsiveness.","CBT, lamotrigine (25100 milligrams daily), group therapy. This treatment is prescribed based on the severity of the condition and should be followed as directed by a healthcare professional."
REM Sleep Behavior Disorder,"Melatonin (510 mg nightly), pramipexole (0.25 mg), bed safety.","Sleep study (REM without atonia), patient history.","Violent dream enactment, shouting, limb movements during sleep.","Melatonin (510 milligrams nightly), pramipexole (0.25 milligrams), bed safety. This treatment is prescribed based on the severity of the condition and should be followed as directed by a healthcare professional."
Necrotizing Pneumonia,"Clindamycin (600 mg IV), surgical debridement, antibiotics.","CT chest (lung necrosis), sputum Gram stain, culture.","High fever, chest pain, hemoptysis, rapid breathing.","Clindamycin (600 milligrams intravenous), surgical debridement, antibiotics. This treatment is prescribed based on the severity of the condition and should be followed as directed by a healthcare professional."
NonHodgkin’s Lymphoma,"Bendamustine (90 mg/m² IV), rituximab (375 mg/m² IV), chemotherapy.","Excisional biopsy, flow cytometry, CT staging.","Enlarged nodes, fatigue, fever, drenching sweats.","Bendamustine (90 milligrams/m² intravenous), rituximab (375 milligrams/m² intravenous), chemotherapy. This treatment is prescribed based on the severity of the condition and should be followed as directed by a healthcare professional."
Shin Splints,"Rest, ice packs, acetaminophen (650 mg), stretching exercises.","Physical exam, rule out stress fracture with Xray.","Shin pain during activity, soreness, mild swelling.","Rest, ice packs, acetaminophen (650 milligrams), stretching exercises. This treatment is prescribed based on the severity of the condition and should be followed as directed by a healthcare professional."
Coccidioidomycosis,"Amphotericin B (0.7 mg/kg IV), fluconazole (400 mg daily).","Coccidioides IgG/IgM, chest Xray, sputum culture.","Dry cough, fever, chest pain, erythema nodosum.","Amphotericin B (0.7 milligrams/kg intravenous), fluconazole (400 milligrams daily). This treatment is prescribed based on the severity of the condition and should be followed as directed by a healthcare professional."
Hair Loss,"Minoxidil (2% topical), biotin (5000 mcg daily), treat underlying cause.","Scalp inspection, pull test, thyroid function tests.","Patchy baldness, scalp thinning, hair shedding.","Minoxidil (2% topical), biotin (5000 micrograms daily), treat underlying cause. This treatment is prescribed based on the severity of the condition and should be followed as directed by a healthcare professional."
Congestive Heart Failure,"Enalapril (10 mg twice daily), spironolactone (25 mg daily), diuretics.","Echocardiogram (low EF), chest Xray, NTproBNP.","Swollen ankles, breathlessness, fatigue, rapid pulse.","Enalapril (10 milligrams twice daily), spironolactone (25 milligrams daily), diuretics. This treatment is prescribed based on the severity of the condition and should be followed as directed by a healthcare professional."
Gingivitis,"Flossing, hydrogen peroxide rinse (3%), dental cleaning.","Oral exam, periodontal probing, plaque index.","Bleeding gums, swelling, gum tenderness, halitosis.","Flossing, hydrogen peroxide rinse (3%), dental cleaning. This treatment is prescribed based on the severity of the condition and should be followed as directed by a healthcare professional."
Intertrigo,"Nystatin cream (100,000 units/g), drying agents, hygiene.","Skin inspection, fungal swab if indicated.","Inflamed skin folds, burning, foul smell, moisture.","Nystatin cream (100,000 units/g), drying agents, hygiene. This treatment is prescribed based on the severity of the condition and should be followed as directed by a healthcare professional."
Lymphoma,"Doxorubicin (50 mg/m² IV), cyclophosphamide (750 mg/m² IV), radiation.","Lymph node biopsy, PETCT, bone marrow exam.","Painless lymph swelling, fever, weight loss, itching.","Doxorubicin (50 milligrams/m² intravenous), cyclophosphamide (750 milligrams/m² intravenous), radiation. This treatment is prescribed based on the severity of the condition and should be followed as directed by a healthcare professional."
Emphysema,"Salmeterol (50 mcg twice daily), prednisone (5 mg daily), pulmonary rehab.","Pulmonary function tests (FEV1 reduced), CT scan.","Wheezing, chronic cough, pursedlip breathing, fatigue.","Salmeterol (50 micrograms twice daily), prednisone (5 milligrams daily), pulmonary rehab. This treatment is prescribed based on the severity of the condition and should be followed as directed by a healthcare professional."
Encephalitis,"Ganciclovir (5 mg/kg IV), mannitol (0.5 g/kg IV), antipyretics.","CSF PCR (viral), EEG, brain MRI.","Altered mental status, fever, headache, neck stiffness.","Ganciclovir (5 milligrams/kg intravenous), mannitol (0.5 g/kg intravenous), antipyretics. This treatment is prescribed based on the severity of the condition and should be followed as directed by a healthcare professional."
Tick Bite,"Amoxicillin (500 mg 3x daily if Lyme), clean site, monitor rash.","Visual inspection, serology for tickborne diseases.","Localized redness, itching, fatigue (if systemic).","Amoxicillin (500 milligrams 3 times a day if Lyme), clean site, monitor rash. This treatment is prescribed based on the severity of the condition and should be followed as directed by a healthcare professional."
Metachromatic Leukodystrophy,"Supportive care, baclofen (10 mg 3x daily), experimental therapies.","Leukocyte ARSA activity, MRI (white matter changes).","Gait issues, speech loss, vision decline, spasticity.","Supportive care, baclofen (10 milligrams 3 times a day), experimental therapies. This treatment is prescribed based on the severity of the condition and should be followed as directed by a healthcare professional."
Meal Planning with Diabetes Exchanges,"Exchange diet, glipizide (5 mg daily), education.","Glucose meter readings, HbA1c (>6.5%).","Blood sugar spikes, hunger, thirst (contextual).","Exchange diet, glipizide (5 milligrams daily), education. This treatment is prescribed based on the severity of the condition and should be followed as directed by a healthcare professional."
Typhoid,"Ciprofloxacin (500 mg twice daily), hydration, antipyretics.","Stool culture (Salmonella typhi), blood PCR.","Prolonged fever, constipation, abdominal tenderness, rash.","Ciprofloxacin (500 milligrams twice daily), hydration, antipyretics. This treatment is prescribed based on the severity of the condition and should be followed as directed by a healthcare professional."
Cervical Cancer,"Conization, paclitaxel (175 mg/m² IV), brachytherapy.","Colposcopy, HPV testing, cervical biopsy.","Vaginal bleeding, pelvic pain, foul discharge.","Conization, paclitaxel (175 milligrams/m² intravenous), brachytherapy. This treatment is prescribed based on the severity of the condition and should be followed as directed by a healthcare professional."
Chlamydia,"Doxycycline (100 mg twice daily for 7 days), partner treatment.","Urine NAAT, swab culture, pelvic exam.","Burning urination, discharge, lower abdominal pain.","Doxycycline (100 milligrams twice daily for 7 days), partner treatment. This treatment is prescribed based on the severity of the condition and should be followed as directed by a healthcare professional."
Chikungunya,"NSAIDs (ibuprofen 400 mg), rest, hydration.","Chikungunya IgM, RTPCR, clinical symptoms.","Sudden fever, severe joint pain, headache, rash.","NSAIDs (ibuprofen 400 milligrams), rest, hydration. This treatment is prescribed based on the severity of the condition and should be followed as directed by a healthcare professional."
Hematoma,"Compression, aspirin (325 mg if safe), evacuation if large.","Ultrasound, clinical assessment, CT if internal.","Localized swelling, discoloration, pain, warmth.","Compression, aspirin (325 milligrams if safe), evacuation if large. This treatment is prescribed based on the severity of the condition and should be followed as directed by a healthcare professional."
Bladder Cancer,"MitomycinC (40 mg intravesical), radical cystectomy, immunotherapy.","Urine cytology, cystoscopy, TURBT biopsy.","Painless hematuria, urgency, back pain.","MitomycinC (40 milligrams intravesical), radical cystectomy, immunotherapy. This treatment is prescribed based on the severity of the condition and should be followed as directed by a healthcare professional."
Carpal Tunnel Syndrome,"Night splint, prednisone (20 mg daily), carpal tunnel release.","Phalen’s test, EMG, wrist ultrasound.","Wrist pain, hand tingling, night waking, numbness.","Night splint, prednisone (20 milligrams daily), carpal tunnel release. This treatment is prescribed based on the severity of the condition and should be followed as directed by a healthcare professional."
Rosacea,"Azelaic acid (15% gel), metronidazole (1% cream), avoid triggers.","Visual exam, rule out acne, skin history.","Persistent facial redness, pimples, visible blood vessels.","Azelaic acid (15% gel), metronidazole (1% cream), avoid triggers. This treatment is prescribed based on the severity of the condition and should be followed as directed by a healthcare professional."
Trachoma,"Tetracycline ointment (1%), azithromycin (1 g single dose).","Conjunctival scraping, PCR (Chlamydia trachomatis).","Eye itching, discharge, corneal clouding, eyelid swelling.","Tetracycline ointment (1%), azithromycin (1 g single dose). This treatment is prescribed based on the severity of the condition and should be followed as directed by a healthcare professional."
Appendicitis,"Laparoscopic appendectomy, metronidazole (500 mg IV).","CT abdomen (thickened appendix), McBurney’s point tenderness.","Abdominal pain (RLQ), vomiting, lowgrade fever.","Laparoscopic appendectomy, metronidazole (500 milligrams intravenous). This treatment is prescribed based on the severity of the condition and should be followed as directed by a healthcare professional."
Osteoporosis,"Risedronate (35 mg weekly), vitamin D (800 IU daily), exercise.","Bone density scan (Tscore <2.5), FRAX score.","Bone fragility, kyphosis, wrist/back pain.","Risedronate (35 milligrams weekly), vitamin D (800 IU daily), exercise. This treatment is prescribed based on the severity of the condition and should be followed as directed by a healthcare professional."
Narcolepsy,"Armodafinil (150 mg daily), venlafaxine (37.5 mg), sleep schedule.","Sleep latency test (<8 min), CSF hypocretin levels.","Excessive sleepiness, sudden muscle loss, hallucinations.","Armodafinil (150 milligrams daily), venlafaxine (37.5 milligrams), sleep schedule. This treatment is prescribed based on the severity of the condition and should be followed as directed by a healthcare professional."
Gout,"Indomethacin (50 mg 3x daily), febuxostat (40 mg daily).","Synovial fluid analysis (urate crystals), uric acid (>7 mg/dL).","Acute toe pain, joint swelling, heat, redness.","Indomethacin (50 milligrams 3 times a day), febuxostat (40 milligrams daily). This treatment is prescribed based on the severity of the condition and should be followed as directed by a healthcare professional."
Anal Cancer,"Nigro protocol (5FU + mitomycin), surgery, radiation.","Digital rectal exam, anal biopsy, MRI.","Rectal bleeding, anal discomfort, lump, itching.","Nigro protocol (5FU + mitomycin), surgery, radiation. This treatment is prescribed based on the severity of the condition and should be followed as directed by a healthcare professional."
Gestational Diabetes Diet,"Carbcontrolled diet, glyburide (2.5 mg daily), insulin if needed.","Glucose challenge test (1 hr >140 mg/dL), monitoring.","Increased thirst, frequent urination (pregnancy context).","Carbcontrolled diet, glyburide (2.5 milligrams daily), insulin if needed. This treatment is prescribed based on the severity of the condition and should be followed as directed by a healthcare professional."
Varicose Veins,"Elevation, diosmin (600 mg daily), endovenous laser therapy.","Venous duplex ultrasound, Trendelenburg test.","Heavy legs, visible veins, cramping, skin changes.","Elevation, diosmin (600 milligrams daily), endovenous laser therapy. This treatment is prescribed based on the severity of the condition and should be followed as directed by a healthcare professional."
Concussion,"Cognitive rest, ibuprofen (200 mg), gradual activity resumption.","Symptom checklist, ImPACT test, rule out bleed with CT.","Confusion, headache, memory lapse, sensitivity to noise.","Cognitive rest, ibuprofen (200 milligrams), gradual activity resumption. This treatment is prescribed based on the severity of the condition and should be followed as directed by a healthcare professional."
Allergies,"Loratadine (10 mg daily), budesonide nasal spray, avoidance.","Allergy skin test, specific IgE blood test.","Watery eyes, nasal congestion, itching, wheezing.","Loratadine (10 milligrams daily), budesonide nasal spray, avoidance. This treatment is prescribed based on the severity of the condition and should be followed as directed by a healthcare professional."
Notes,"Includes a mix of medications (with dosages), procedures, and supportive measures, ensuring plausibility.",Uses appropriate diagnostic tools/tests for each condition.,Reflect typical clinical presentations with slight variation from the previous set.,"Includes a mix of medications (with dosages), procedures, and supportive measures, ensuring plausibility. This treatment is prescribed based on the severity of the condition and should be followed as directed by a healthcare professional."
Peptic Ulcer,"Omeprazole (20 mg twice daily), amoxicillin (1 g twice daily), clarithromycin.","Endoscopy (ulcer visualization), H. pylori test (urea breath).","Burning stomach pain, nausea, bloating, vomiting.","Omeprazole (20 milligrams twice daily), amoxicillin (1 g twice daily), clarithromycin. This treatment is prescribed based on the severity of the condition and should be followed as directed by a healthcare professional."
COPD (Chronic Obstructive Pulmonary Disease),"Salbutamol (100 mcg PRN), tiotropium (18 mcg daily), pulmonary rehab.","Spirometry (FEV1/FVC <0.7), chest Xray.","Chronic cough, wheezing, shortness of breath, sputum production.","Salbutamol (100 micrograms PRN), tiotropium (18 micrograms daily), pulmonary rehab. This treatment is prescribed based on the severity of the condition and should be followed as directed by a healthcare professional."
Urethral Stricture,"Urethral dilation, tamsulosin (0.4 mg daily), urethroplasty.","Urethrogram, cystoscopy, uroflowmetry.","Weak urine stream, straining, incomplete emptying, pain.","Urethral dilation, tamsulosin (0.4 milligrams daily), urethroplasty. This treatment is prescribed based on the severity of the condition and should be followed as directed by a healthcare professional."
Hemorrhoids,"Hydrocortisone cream (2.5%), sitz baths, rubber band ligation.","Visual inspection, anoscopy, rule out cancer.","Rectal pain, itching, bleeding during bowel movements, swelling.","Hydrocortisone cream (2.5%), sitz baths, rubber band ligation. This treatment is prescribed based on the severity of the condition and should be followed as directed by a healthcare professional."
Bullous Pemphigoid,"Prednisone (0.5 mg/kg daily), doxycycline (100 mg twice daily), topical steroids.","Skin biopsy (subepidermal split), immunofluorescence.","Large blisters, itchy skin, red rash, tense bullae.","Prednisone (0.5 milligrams/kg daily), doxycycline (100 milligrams twice daily), topical steroids. This treatment is prescribed based on the severity of the condition and should be followed as directed by a healthcare professional."
Pulmonary Embolism,"Heparin (80 units/kg IV bolus), rivaroxaban (15 mg twice daily).","CT pulmonary angiography, Ddimer (>500 ng/mL), V/Q scan.","Sudden dyspnea, chest pain, rapid pulse, hemoptysis.","Heparin (80 units/kg intravenous bolus), rivaroxaban (15 milligrams twice daily). This treatment is prescribed based on the severity of the condition and should be followed as directed by a healthcare professional."
Oral Cancer,"Surgery, cisplatin (100 mg/m² IV), radiation therapy.","Oral biopsy, CT neck, HPV testing.","Mouth sores, difficulty swallowing, white patches, jaw pain.","Surgery, cisplatin (100 milligrams/m² intravenous), radiation therapy. This treatment is prescribed based on the severity of the condition and should be followed as directed by a healthcare professional."
Abdominal Pain (NonSpecific),"Antispasmodics (hyoscyamine 0.125 mg), treat underlying cause, hydration.","Physical exam, abdominal ultrasound, blood tests (e.g., CRP).","Cramping, bloating, tenderness, nausea.","Antispasmodics (hyoscyamine 0.125 milligrams), treat underlying cause, hydration. This treatment is prescribed based on the severity of the condition and should be followed as directed by a healthcare professional."
Pulmonary Tuberculosis,"Rifampin (600 mg daily), isoniazid (300 mg daily), 6month regimen.","Sputum AFB smear, chest Xray (cavities), GeneXpert MTB/RIF.","Persistent cough, night sweats, weight loss, fever.","Rifampin (600 milligrams daily), isoniazid (300 milligrams daily), 6month regimen. This treatment is prescribed based on the severity of the condition and should be followed as directed by a healthcare professional."
Binge Eating Disorder,"CBT, lisdexamfetamine (50 mg daily), dietary counseling.","DSM5 criteria, eating behavior assessment, psychological eval.","Overeating episodes, guilt, weight gain, loss of control.","CBT, lisdexamfetamine (50 milligrams daily), dietary counseling. This treatment is prescribed based on the severity of the condition and should be followed as directed by a healthcare professional."
Hypercalcemia,"IV fluids, calcitonin (4 IU/kg IM), zoledronic acid (4 mg IV).","Serum calcium (>10.5 mg/dL), PTH levels, imaging for cause.","Fatigue, confusion, thirst, bone pain.","intravenous fluids, calcitonin (4 IU/kg IM), zoledronic acid (4 milligrams intravenous). This treatment is prescribed based on the severity of the condition and should be followed as directed by a healthcare professional."
Bradycardia,"Atropine (0.5 mg IV if acute), pacemaker if chronic, treat cause.","ECG (HR <60 bpm), Holter monitor, rule out hypothyroidism.","Dizziness, fatigue, fainting, slow pulse.","Atropine (0.5 milligrams intravenous if acute), pacemaker if chronic, treat cause. This treatment is prescribed based on the severity of the condition and should be followed as directed by a healthcare professional."
Giant Cell Arteritis,"Prednisone (60 mg daily), tocilizumab (162 mg SC weekly).","Temporal artery biopsy, ESR (>50 mm/h), ultrasound.","Headache, jaw pain, vision loss, scalp tenderness.","Prednisone (60 milligrams daily), tocilizumab (162 milligrams SC weekly). This treatment is prescribed based on the severity of the condition and should be followed as directed by a healthcare professional."
Paroxysmal Nocturnal Hemoglobinuria (PNH),"Eculizumab (900 mg IV every 2 weeks), iron supplements, transfusions.","Flow cytometry (CD55/CD59 loss), bone marrow exam.","Dark urine, anemia, fatigue, abdominal pain.","Eculizumab (900 milligrams intravenous every 2 weeks), iron supplements, transfusions. This treatment is prescribed based on the severity of the condition and should be followed as directed by a healthcare professional."
Cough (NonSpecific),"Dextromethorphan (15 mg PRN), treat underlying cause, hydration.","Chest Xray, spirometry, history (e.g., infection, allergy).","Dry or productive cough, throat irritation, chest discomfort.","Dextromethorphan (15 milligrams PRN), treat underlying cause, hydration. This treatment is prescribed based on the severity of the condition and should be followed as directed by a healthcare professional."
Subconjunctival Hemorrhage,"Observation, artificial tears, resolves naturally.","Eye exam, rule out trauma or hypertension.","Red eye patch, painless, no vision change.","Observation, artificial tears, resolves naturally. This treatment is prescribed based on the severity of the condition and should be followed as directed by a healthcare professional."
Thrombocytopenia (Low Platelet Count),"Prednisolone (1 mg/kg daily), IVIG (1 g/kg), treat underlying cause.","CBC (platelets <150,000/µL), peripheral smear, bone marrow.","Easy bruising, petechiae, bleeding gums, fatigue.","Prednisolone (1 milligrams/kg daily), intravenousIG (1 g/kg), treat underlying cause. This treatment is prescribed based on the severity of the condition and should be followed as directed by a healthcare professional."
Coronavirus Disease 2019 (COVID19),"Dexamethasone (6 mg daily), remdesivir (200 mg IV day 1), oxygen.","RTPCR (SARSCoV2), chest CT (groundglass opacities).","Fever, dry cough, fatigue, loss of smell.","Dexamethasone (6 milligrams daily), remdesivir (200 milligrams intravenous day 1), oxygen. This treatment is prescribed based on the severity of the condition and should be followed as directed by a healthcare professional."
Strongyloidiasis,"Ivermectin (200 mcg/kg daily for 2 days), albendazole (400 mg).","Stool microscopy (Strongyloides larvae), serology.","Abdominal pain, diarrhea, rash, eosinophilia.","Ivermectin (200 micrograms/kg daily for 2 days), albendazole (400 milligrams). This treatment is prescribed based on the severity of the condition and should be followed as directed by a healthcare professional."
Hives,"Cetirizine (10 mg daily), hydroxyzine (25 mg nightly), avoidance.","Clinical exam, allergy history, IgE levels if chronic.","Itchy welts, swelling, redness, transient rash.","Cetirizine (10 milligrams daily), hydroxyzine (25 milligrams nightly), avoidance. This treatment is prescribed based on the severity of the condition and should be followed as directed by a healthcare professional."
Hereditary Hemorrhagic Telangiectasia,"Tranexamic acid (1300 mg 3x daily), iron (325 mg daily), laser therapy.","Genetic testing (ENG, ACVRL1), clinical criteria (Curaçao).","Nosebleeds, telangiectasias, GI bleeding, anemia.","Tranexamic acid (1300 milligrams 3 times a day), iron (325 milligrams daily), laser therapy. This treatment is prescribed based on the severity of the condition and should be followed as directed by a healthcare professional."
Fecal Impaction,"Manual disimpaction, lactulose (30 mL), enemas.","Digital rectal exam, abdominal Xray (stool mass).","Constipation, abdominal pain, rectal fullness, leakage.","Manual disimpaction, lactulose (30 mL), enemas. This treatment is prescribed based on the severity of the condition and should be followed as directed by a healthcare professional."
Systemic Mastocytosis,"Cromolyn sodium (200 mg 4x daily), epinephrine PRN, antihistamines.","Serum tryptase (>20 ng/mL), bone marrow biopsy.","Skin spots, flushing, abdominal cramps, anaphylaxis risk.","Cromolyn sodium (200 milligrams 4 times a day), epinephrine PRN, antihistamines. This treatment is prescribed based on the severity of the condition and should be followed as directed by a healthcare professional."
TEPH (Thromboembolic Pulmonary Hypertension),"Warfarin (INR 23), riociguat (2.5 mg 3x daily), endarterectomy.","Right heart catheterization, V/Q scan, CT pulmonary angiogram.","Progressive dyspnea, leg swelling, fatigue, chest pain.","Warfarin (INR 23), riociguat (2.5 milligrams 3 times a day), endarterectomy. This treatment is prescribed based on the severity of the condition and should be followed as directed by a healthcare professional."
Teething,"Teething rings, acetaminophen (15 mg/kg), gum massage.","Oral exam, agebased assessment (612 months).","Drooling, gum irritation, fussiness, mild fever (infants).","Teething rings, acetaminophen (15 milligrams/kg), gum massage. This treatment is prescribed based on the severity of the condition and should be followed as directed by a healthcare professional."
Pap Smear (Abnormal Result Context),"Observation (if lowgrade), LEEP procedure, followup smears.","Pap smear (ASCUS or worse), HPV cotesting, colposcopy.","Asymptomatic often, spotting if advanced.","Observation (if lowgrade), LEEP procedure, followup smears. This treatment is prescribed based on the severity of the condition and should be followed as directed by a healthcare professional."
Nonspecific Interstitial Pneumonia,"Prednisone (0.5 mg/kg daily), mycophenolate (2 g daily), oxygen.","HRCT (groundglass), lung biopsy, PFTs.","Chronic cough, dyspnea, fatigue, weight loss.","Prednisone (0.5 milligrams/kg daily), mycophenolate (2 g daily), oxygen. This treatment is prescribed based on the severity of the condition and should be followed as directed by a healthcare professional."
Hydrocephalus,"Ventriculoperitoneal shunt, acetazolamide (250 mg 3x daily).","Brain MRI (ventriculomegaly), lumbar puncture pressure.","Headache, nausea, vision changes, gait issues.","Ventriculoperitoneal shunt, acetazolamide (250 milligrams 3 times a day). This treatment is prescribed based on the severity of the condition and should be followed as directed by a healthcare professional."
Fetal Alcohol Syndrome,"Supportive care, behavioral therapy, no specific drugs.","Maternal alcohol history, clinical features, neuro exam.","Facial anomalies, growth delay, developmental issues.","Supportive care, behavioral therapy, no specific drugs. This treatment is prescribed based on the severity of the condition and should be followed as directed by a healthcare professional."
Community Acquired Pneumonia,"Amoxicillin (1 g 3x daily), azithromycin (500 mg day 1), oxygen.","Chest Xray (consolidation), sputum culture, CURB65 score.","Fever, productive cough, chest pain, chills.","Amoxicillin (1 g 3 times a day), azithromycin (500 milligrams day 1), oxygen. This treatment is prescribed based on the severity of the condition and should be followed as directed by a healthcare professional."
Frozen Shoulder,"Physical therapy, hydrocortisone injection (40 mg), NSAIDs.","Physical exam, Xray/MRI to rule out other causes.","Shoulder stiffness, pain, limited range of motion.","Physical therapy, hydrocortisone injection (40 milligrams), NSAIDs. This treatment is prescribed based on the severity of the condition and should be followed as directed by a healthcare professional."
ObsessiveCompulsive Disorder (OCD),"Sertraline (50200 mg daily), CBT, clomipramine (25150 mg).","YaleBrown OCD Scale, DSM5 criteria, psych evaluation.","Intrusive thoughts, repetitive behaviors, anxiety.","Sertraline (50200 milligrams daily), CBT, clomipramine (25150 milligrams). This treatment is prescribed based on the severity of the condition and should be followed as directed by a healthcare professional."
Cataplexy,"Sodium oxybate (4.5 g nightly), venlafaxine (75 mg daily).","Sleep study, narcolepsy association, clinical history.","Sudden muscle weakness, collapse, triggered by emotion.","Sodium oxybate (4.5 g nightly), venlafaxine (75 milligrams daily). This treatment is prescribed based on the severity of the condition and should be followed as directed by a healthcare professional."
Cataracts,"Cataract surgery, no drugs, postop drops (prednisolone 1%).","Slitlamp exam, visual acuity test.","Blurry vision, glare sensitivity, faded colors.","Cataract surgery, no drugs, postop drops (prednisolone 1%). This treatment is prescribed based on the severity of the condition and should be followed as directed by a healthcare professional."
Sleep Paralysis,"Sleep hygiene, clonazepam (0.5 mg nightly if severe).","Sleep history, rule out narcolepsy via polysomnography.","Inability to move on waking, hallucinations, fear.","Sleep hygiene, clonazepam (0.5 milligrams nightly if severe). This treatment is prescribed based on the severity of the condition and should be followed as directed by a healthcare professional."
Gastrointestinal Bleeding,"Pantoprazole (40 mg IV), blood transfusion, endoscopic cautery.","Endoscopy, hemoglobin drop, stool occult blood.","Black stools, hematemesis, weakness, abdominal pain.","Pantoprazole (40 milligrams intravenous), blood transfusion, endoscopic cautery. This treatment is prescribed based on the severity of the condition and should be followed as directed by a healthcare professional."
Cardiomyopathy,"Carvedilol (25 mg twice daily), lisinopril (10 mg daily), diuretics.","Echocardiogram (dilated/reduced EF), BNP, ECG.","Fatigue, swelling, palpitations, dyspnea.","Carvedilol (25 milligrams twice daily), lisinopril (10 milligrams daily), diuretics. This treatment is prescribed based on the severity of the condition and should be followed as directed by a healthcare professional."
Onchocerciasis (River Blindness),"Ivermectin (150 mcg/kg yearly), doxycycline (100 mg daily).","Skin snip (microfilariae), Mazzotti test.","Itchy rash, eye inflammation, nodules, vision loss.","Ivermectin (150 micrograms/kg yearly), doxycycline (100 milligrams daily). This treatment is prescribed based on the severity of the condition and should be followed as directed by a healthcare professional."
Skin Rash (NonSpecific),"Hydrocortisone (1% cream), antihistamines, treat underlying cause.","Dermatology exam, biopsy if persistent, allergy tests.","Redness, itching, scaling, bumps.","Hydrocortisone (1% cream), antihistamines, treat underlying cause. This treatment is prescribed based on the severity of the condition and should be followed as directed by a healthcare professional."
Chlamydial Urethritis,"Azithromycin (1 g single dose), doxycycline (100 mg twice daily).","Urine NAAT (Chlamydia), Gram stain.","Urethral discharge, burning on urination, irritation.","Azithromycin (1 g single dose), doxycycline (100 milligrams twice daily). This treatment is prescribed based on the severity of the condition and should be followed as directed by a healthcare professional."
Myopia,"Corrective lenses, orthokeratology, no drugs typically.","Refraction test, eye exam (visual acuity).","Blurred distance vision, squinting, eye strain.","Corrective lenses, orthokeratology, no drugs typically. This treatment is prescribed based on the severity of the condition and should be followed as directed by a healthcare professional."
Osteoarthritis,"Acetaminophen (1 g 3x daily), glucosamine (1500 mg), joint injection.","Xray (joint space narrowing), physical exam.","Joint pain, stiffness, swelling, crepitus.","Acetaminophen (1 g 3 times a day), glucosamine (1500 milligrams), joint injection. This treatment is prescribed based on the severity of the condition and should be followed as directed by a healthcare professional."
Bursitis,"Rest, naproxen (500 mg twice daily), corticosteroid injection.","Physical exam, ultrasound, aspiration if septic.","Joint pain, swelling, warmth, limited motion.","Rest, naproxen (500 milligrams twice daily), corticosteroid injection. This treatment is prescribed based on the severity of the condition and should be followed as directed by a healthcare professional."
C. difficile,"Vancomycin (125 mg 4x daily), fidaxomicin (200 mg twice daily).","Stool toxin assay, PCR for C. difficile, colonoscopy.","Watery diarrhea, fever, abdominal cramps, nausea.","Vancomycin (125 milligrams 4 times a day), fidaxomicin (200 milligrams twice daily). This treatment is prescribed based on the severity of the condition and should be followed as directed by a healthcare professional."
Myelofibrosis,"Ruxolitinib (20 mg twice daily), transfusion, hydroxyurea.","Bone marrow biopsy (fibrosis), JAK2 mutation test.","Fatigue, splenomegaly, bone pain, night sweats.","Ruxolitinib (20 milligrams twice daily), transfusion, hydroxyurea. This treatment is prescribed based on the severity of the condition and should be followed as directed by a healthcare professional."
Thoracic Outlet Syndrome,"Physical therapy, pregabalin (75 mg twice daily), decompression surgery.","Adson’s test, MRI, nerve conduction studies.","Arm numbness, shoulder pain, weakness, tingling.","Physical therapy, pregabalin (75 milligrams twice daily), decompression surgery. This treatment is prescribed based on the severity of the condition and should be followed as directed by a healthcare professional."
Anaerobic Pneumonia,"Metronidazole (500 mg IV every 8 hours), clindamycin (600 mg IV).","Chest CT (abscess), sputum culture (anaerobes).","Foul sputum, fever, chest pain, weight loss.","Metronidazole (500 milligrams intravenous every 8 hours), clindamycin (600 milligrams intravenous). This treatment is prescribed based on the severity of the condition and should be followed as directed by a healthcare professional."
Anal Itching,"Zinc oxide cream, hydrocortisone (1% cream), hygiene.","Visual inspection, skin swab, rule out pinworms.","Perianal irritation, burning, redness, discomfort.","Zinc oxide cream, hydrocortisone (1% cream), hygiene. This treatment is prescribed based on the severity of the condition and should be followed as directed by a healthcare professional."
Urinary Tract Cancer,"Surgery (nephroureterectomy), cisplatin (70 mg/m² IV), BCG.","Cystoscopy, urine cytology, CT urography.","Hematuria, flank pain, frequent urination, fatigue.","Surgery (nephroureterectomy), cisplatin (70 milligrams/m² intravenous), BCG. This treatment is prescribed based on the severity of the condition and should be followed as directed by a healthcare professional."
Influenza with Pneumonia,"Oseltamivir (75 mg twice daily), amoxicillin (1 g 3x daily), oxygen.","Flu PCR, chest Xray (infiltrates), sputum culture.","Fever, cough, muscle aches, chest tightness.","Oseltamivir (75 milligrams twice daily), amoxicillin (1 g 3 times a day), oxygen. This treatment is prescribed based on the severity of the condition and should be followed as directed by a healthcare professional."
Notes,"Includes medications (with dosages), procedures, and supportive care, ensuring plausibility.",Incorporates realistic diagnostic methods suited to each condition.,Reflect typical clinical presentations with variation for freshness.,"Includes medications (with dosages), procedures, and supportive care, ensuring plausibility. This treatment is prescribed based on the severity of the condition and should be followed as directed by a healthcare professional."
Influenza A,"Oseltamivir (75 mg twice daily), acetaminophen (650 mg), rest.","Rapid flu test, RTPCR (Influenza A), clinical symptoms.","Fever, chills, body aches, sore throat, nasal congestion.","Oseltamivir (75 milligrams twice daily), acetaminophen (650 milligrams), rest. This treatment is prescribed based on the severity of the condition and should be followed as directed by a healthcare professional."
Diabetic Macular Edema,"Ranibizumab (0.3 mg intravitreal), laser photocoagulation, glucose control.","Optical coherence tomography (OCT), fluorescein angiography.","Blurred vision, wavy lines, dark spots, vision loss.","Ranibizumab (0.3 milligrams intravitreal), laser photocoagulation, glucose control. This treatment is prescribed based on the severity of the condition and should be followed as directed by a healthcare professional."
Acoustic Neuroma,"Stereotactic radiosurgery, surgery (translabyrinthine), observation if small.","MRI (cerebellopontine angle mass), audiometry.","Hearing loss, tinnitus, dizziness, facial numbness.","Stereotactic radiosurgery, surgery (translabyrinthine), observation if small. This treatment is prescribed based on the severity of the condition and should be followed as directed by a healthcare professional."
Dupuytren Contracture,"Collagenase injection (0.58 mg), surgery (fasciectomy), physical therapy.","Physical exam (cord palpation), tabletop test.","Finger bending, palmar nodules, difficulty straightening hand.","Collagenase injection (0.58 milligrams), surgery (fasciectomy), physical therapy. This treatment is prescribed based on the severity of the condition and should be followed as directed by a healthcare professional."
Achalasia,"Pneumatic dilation, Heller myotomy, botulinum toxin (100 units).","Esophageal manometry (high LES pressure), barium swallow.","Dysphagia, regurgitation, chest pain, weight loss.","Pneumatic dilation, Heller myotomy, botulinum toxin (100 units). This treatment is prescribed based on the severity of the condition and should be followed as directed by a healthcare professional."
Endemic Syphilis,"Penicillin G (2.4 million units IM), doxycycline (100 mg twice daily).","Serology (RPR, TPPA), clinical history (endemic area).","Skin lesions, mouth sores, bone pain, rash.","Penicillin G (2.4 million units IM), doxycycline (100 milligrams twice daily). This treatment is prescribed based on the severity of the condition and should be followed as directed by a healthcare professional."
Lewy Body Dementia,"Rivastigmine (36 mg twice daily), levodopa (100 mg 3x daily), support.","Clinical criteria (DLB Consortium), DaTscan, cognitive testing.","Memory loss, hallucinations, parkinsonism, sleep disturbances.","Rivastigmine (36 milligrams twice daily), levodopa (100 milligrams 3 times a day), support. This treatment is prescribed based on the severity of the condition and should be followed as directed by a healthcare professional."
Keratoconus,"Rigid contact lenses, corneal crosslinking, transplant if severe.","Corneal topography, slitlamp exam (thinning cornea).","Blurry vision, irregular astigmatism, light sensitivity.","Rigid contact lenses, corneal crosslinking, transplant if severe. This treatment is prescribed based on the severity of the condition and should be followed as directed by a healthcare professional."
ADHD (Attention Deficit Hyperactivity Disorder),"Methylphenidate (1020 mg twice daily), behavioral therapy.","DSM5 criteria, Conners’ Rating Scale, behavioral assessment.","Inattention, impulsivity, hyperactivity, distractibility.","Methylphenidate (1020 milligrams twice daily), behavioral therapy. This treatment is prescribed based on the severity of the condition and should be followed as directed by a healthcare professional."
Pemphigus,"Prednisone (1 mg/kg daily), rituximab (1 g IV), topical steroids.","Skin biopsy (acantholysis), direct immunofluorescence.","Painful blisters, mouth sores, skin erosions, itching.","Prednisone (1 milligrams/kg daily), rituximab (1 g intravenous), topical steroids. This treatment is prescribed based on the severity of the condition and should be followed as directed by a healthcare professional."
Metabolic Syndrome,"Metformin (500 mg twice daily), lifestyle changes, atorvastatin (20 mg).","NCEP ATP III criteria (e.g., HDL <40 mg/dL), fasting glucose.","Abdominal obesity, hypertension, fatigue, thirst.","Metformin (500 milligrams twice daily), lifestyle changes, atorvastatin (20 milligrams). This treatment is prescribed based on the severity of the condition and should be followed as directed by a healthcare professional."
Arteriovenous Malformation,"Embolization, surgery, radiosurgery, anticonvulsants (e.g., levetiracetam).","MRI/MRA (vascular tangle), cerebral angiography.","Headache, seizures, bruit, neurological deficits.","Embolization, surgery, radiosurgery, anticonvulsants (e.g., levetiracetam). This treatment is prescribed based on the severity of the condition and should be followed as directed by a healthcare professional."
Rotavirus,"Oral rehydration salts, zinc (20 mg daily), supportive care.","Stool antigen test, clinical symptoms, electrolyte panel.","Watery diarrhea, vomiting, fever, dehydration (children).","Oral rehydration salts, zinc (20 milligrams daily), supportive care. This treatment is prescribed based on the severity of the condition and should be followed as directed by a healthcare professional."
Basal Cell Carcinoma,"Mohs surgery, imiquimod (5% cream), cryotherapy.","Skin biopsy (basaloid cells), dermoscopy.","Pearly skin lesion, bleeding, crusting, slow growth.","Mohs surgery, imiquimod (5% cream), cryotherapy. This treatment is prescribed based on the severity of the condition and should be followed as directed by a healthcare professional."
Testicular Cancer,"Orchiectomy, cisplatin (20 mg/m² IV daily x5), radiotherapy.","Ultrasound (solid mass), serum markers (AFP, hCG), biopsy.","Testicular lump, heaviness, pain, swelling.","Orchiectomy, cisplatin (20 milligrams/m² intravenous daily x5), radiotherapy. This treatment is prescribed based on the severity of the condition and should be followed as directed by a healthcare professional."
Lassa Fever,"Ribavirin (30 mg/kg IV loading dose), supportive care, isolation.","RTPCR (Lassa virus), serology, exposure history.","Fever, sore throat, bleeding, abdominal pain.","Ribavirin (30 milligrams/kg intravenous loading dose), supportive care, isolation. This treatment is prescribed based on the severity of the condition and should be followed as directed by a healthcare professional."
Brain Aneurysm,"Coil embolization, nimodipine (60 mg every 4 hours), surgery.","CT angiogram (aneurysm sac), lumbar puncture (SAH).","Sudden severe headache, nausea, vision changes, neck stiffness.","Coil embolization, nimodipine (60 milligrams every 4 hours), surgery. This treatment is prescribed based on the severity of the condition and should be followed as directed by a healthcare professional."
Syringomyelia,"Surgery (decompression), gabapentin (300 mg 3x daily), monitor.","MRI spine (syrinx), neurological exam.","Neck pain, arm weakness, sensory loss, scoliosis.","Surgery (decompression), gabapentin (300 milligrams 3 times a day), monitor. This treatment is prescribed based on the severity of the condition and should be followed as directed by a healthcare professional."
Moyamoya Disease,"Revascularization surgery, aspirin (81 mg daily), symptom management.","Cerebral angiography (puffofsmoke), MRI/MRA.","Strokelike episodes, headaches, seizures, cognitive decline.","Revascularization surgery, aspirin (81 milligrams daily), symptom management. This treatment is prescribed based on the severity of the condition and should be followed as directed by a healthcare professional."
Canker Sores,"Triamcinolone paste (0.1%), chlorhexidine rinse, avoid triggers.","Oral exam, rule out systemic disease (e.g., Crohn’s).","Painful mouth ulcers, burning, sensitivity to spicy food.","Triamcinolone paste (0.1%), chlorhexidine rinse, avoid triggers. This treatment is prescribed based on the severity of the condition and should be followed as directed by a healthcare professional."
Sleep Disorders (General),"Zolpidem (510 mg nightly), CBTI, address underlying cause.","Polysomnography, sleep diary, actigraphy.","Insomnia, daytime sleepiness, snoring, restlessness.","Zolpidem (510 milligrams nightly), CBTI, address underlying cause. This treatment is prescribed based on the severity of the condition and should be followed as directed by a healthcare professional."
Ganglion Cyst,"Observation, wrist splint, surgical excision.","Physical exam, ultrasound, aspiration if unclear.","Wrist lump, pain with movement, tenderness, size variation.","Observation, wrist splint, surgical excision. This treatment is prescribed based on the severity of the condition and should be followed as directed by a healthcare professional."
OsgoodSchlatter Disease,"Rest, ibuprofen (10 mg/kg), stretching exercises.","Physical exam, Xray (tibial tuberosity).","Knee pain, swelling below kneecap, tenderness (adolescents).","Rest, ibuprofen (10 milligrams/kg), stretching exercises. This treatment is prescribed based on the severity of the condition and should be followed as directed by a healthcare professional."
Stress,"Relaxation techniques, lorazepam (0.5 mg PRN), counseling.","Clinical history, stress scales (e.g., PSS), rule out depression.","Anxiety, fatigue, irritability, muscle tension.","Relaxation techniques, lorazepam (0.5 milligrams PRN), counseling. This treatment is prescribed based on the severity of the condition and should be followed as directed by a healthcare professional."
Glomerulonephritis,"Lisinopril (10 mg daily), prednisone (1 mg/kg daily), dialysis if severe.","Urinalysis (RBC casts), renal biopsy, serum creatinine.","Hematuria, proteinuria, edema, hypertension.","Lisinopril (10 milligrams daily), prednisone (1 milligrams/kg daily), dialysis if severe. This treatment is prescribed based on the severity of the condition and should be followed as directed by a healthcare professional."
Insulin Dependent Diabetes (Type 1),"Insulin glargine (0.2 units/kg daily), carb counting, monitoring.","Fasting glucose (>126 mg/dL), autoantibodies (GAD), HbA1c.","Thirst, polyuria, weight loss, fatigue.","Insulin glargine (0.2 units/kg daily), carb counting, monitoring. This treatment is prescribed based on the severity of the condition and should be followed as directed by a healthcare professional."
Diabetic Neuropathy,"Pregabalin (150 mg twice daily), duloxetine (60 mg daily), B12.","Nerve conduction studies, monofilament test, glucose control history.","Numbness, tingling, burning feet, weakness.","Pregabalin (150 milligrams twice daily), duloxetine (60 milligrams daily), B12. This treatment is prescribed based on the severity of the condition and should be followed as directed by a healthcare professional."
Dystonia,"Botulinum toxin (100 units), trihexyphenidyl (26 mg daily).","Neurological exam, EMG, genetic testing (e.g., DYT1).","Involuntary muscle contractions, twisting movements, pain.","Botulinum toxin (100 units), trihexyphenidyl (26 milligrams daily). This treatment is prescribed based on the severity of the condition and should be followed as directed by a healthcare professional."
Porphyria,"Hemin (34 mg/kg IV), glucose infusion, avoid triggers.","Urine porphobilinogen, plasma porphyrins, genetic testing.","Abdominal pain, photosensitivity, dark urine, neuropathy.","Hemin (34 milligrams/kg intravenous), glucose infusion, avoid triggers. This treatment is prescribed based on the severity of the condition and should be followed as directed by a healthcare professional."
Addison’s Disease,"Hydrocortisone (20 mg AM, 10 mg PM), fludrocortisone (0.1 mg).","ACTH stimulation test, cortisol (<3 µg/dL), adrenal imaging.","Fatigue, skin darkening, low blood pressure, salt craving.","Hydrocortisone (20 milligrams AM, 10 milligrams PM), fludrocortisone (0.1 milligrams). This treatment is prescribed based on the severity of the condition and should be followed as directed by a healthcare professional."
Pityriasis Rosea,"Calamine lotion, hydroxyzine (25 mg nightly), resolves naturally.","Clinical exam, rule out syphilis (RPR), biopsy if atypical.","Herald patch, scattered rash, mild itching, fatigue.","Calamine lotion, hydroxyzine (25 milligrams nightly), resolves naturally. This treatment is prescribed based on the severity of the condition and should be followed as directed by a healthcare professional."
Bad Breath (Halitosis),"Chlorhexidine rinse (0.12%), tongue scraping, hydration.","Oral exam, breath test, rule out GI causes.","Foul mouth odor, dry mouth, coated tongue.","Chlorhexidine rinse (0.12%), tongue scraping, hydration. This treatment is prescribed based on the severity of the condition and should be followed as directed by a healthcare professional."
Mycetoma,"Itraconazole (200 mg twice daily), surgery, antibiotics if bacterial.","Biopsy (fungal/bacterial grains), culture, imaging.","Swelling, draining sinuses, grains, foot pain.","Itraconazole (200 milligrams twice daily), surgery, antibiotics if bacterial. This treatment is prescribed based on the severity of the condition and should be followed as directed by a healthcare professional."
Burkholderia pseudomallei (Melioidosis),"Ceftazidime (2 g IV every 8 hours), trimethoprimsulfamethoxazole.","Blood culture (B. pseudomallei), serology, imaging.","Fever, abscesses, pneumonia, joint pain.","Ceftazidime (2 g intravenous every 8 hours), trimethoprimsulfamethoxazole. This treatment is prescribed based on the severity of the condition and should be followed as directed by a healthcare professional."
Cutaneous TCell Lymphoma,"Phototherapy, bexarotene (300 mg/m² daily), methotrexate (25 mg weekly).","Skin biopsy (Tcell predominance), PETCT staging.","Red, scaly patches, itching, thickened skin, plaques.","Phototherapy, bexarotene (300 milligrams/m² daily), methotrexate (25 milligrams weekly). This treatment is prescribed based on the severity of the condition and should be followed as directed by a healthcare professional."
Insomnia,"Eszopiclone (23 mg nightly), CBTI, sleep hygiene.","Sleep history, actigraphy, rule out depression.","Difficulty falling asleep, frequent waking, daytime fatigue.","Eszopiclone (23 milligrams nightly), CBTI, sleep hygiene. This treatment is prescribed based on the severity of the condition and should be followed as directed by a healthcare professional."
Asthma,"Albuterol (90 mcg PRN), budesonide (200 mcg twice daily).","Spirometry (reversible obstruction), peak flow, allergy test.","Wheezing, shortness of breath, chest tightness, cough.","Albuterol (90 micrograms PRN), budesonide (200 micrograms twice daily). This treatment is prescribed based on the severity of the condition and should be followed as directed by a healthcare professional."
Ascariasis,"Albendazole (400 mg single dose), mebendazole (100 mg twice daily).","Stool microscopy (Ascaris eggs), eosinophil count.","Abdominal pain, bloating, worms in stool, cough.","Albendazole (400 milligrams single dose), mebendazole (100 milligrams twice daily). This treatment is prescribed based on the severity of the condition and should be followed as directed by a healthcare professional."
Rectal Cancer,"Surgery (LAR), capecitabine (1250 mg/m² twice daily), radiation.","Colonoscopy, biopsy, MRI staging.","Rectal bleeding, bowel changes, pelvic pain, weight loss.","Surgery (LAR), capecitabine (1250 milligrams/m² twice daily), radiation. This treatment is prescribed based on the severity of the condition and should be followed as directed by a healthcare professional."
Iritis,"Prednisolone acetate (1% drops), cyclopentolate (1% drops).","Slitlamp exam (anterior chamber cells), rule out autoimmune.","Eye pain, redness, photophobia, blurred vision.","Prednisolone acetate (1% drops), cyclopentolate (1% drops). This treatment is prescribed based on the severity of the condition and should be followed as directed by a healthcare professional."
Broken Heart Syndrome (Takotsubo),"Metoprolol (25 mg daily), ACE inhibitors, emotional support.","ECG (ST elevation), echocardiogram (apical ballooning).","Chest pain, dyspnea, palpitations, mimics heart attack.","Metoprolol (25 milligrams daily), ACE inhibitors, emotional support. This treatment is prescribed based on the severity of the condition and should be followed as directed by a healthcare professional."
Retinal Detachment,"Vitrectomy, laser retinopexy, scleral buckle.","Fundoscopy, retinal ultrasound, dilated eye exam.","Floaters, flashes, shadow over vision, sudden vision loss.","Vitrectomy, laser retinopexy, scleral buckle. This treatment is prescribed based on the severity of the condition and should be followed as directed by a healthcare professional."
Chest Pain (NonSpecific),"Nitroglycerin (0.4 mg SL if cardiac), treat underlying cause.","ECG, troponin, chest Xray, rule out cardiac/GI causes.","Sharp or dull pain, tightness, radiation, anxiety.","Nitroglycerin (0.4 milligrams SL if cardiac), treat underlying cause. This treatment is prescribed based on the severity of the condition and should be followed as directed by a healthcare professional."
Common Cold,"Pseudoephedrine (60 mg), fluids, rest, no antibiotics.","Clinical symptoms, rule out flu via rapid test.","Runny nose, sneezing, mild fever, fatigue.","Pseudoephedrine (60 milligrams), fluids, rest, no antibiotics. This treatment is prescribed based on the severity of the condition and should be followed as directed by a healthcare professional."
Migraine,"Sumatriptan (50 mg oral), ibuprofen (400 mg), quiet environment.","Headache diary, neurological exam, MRI if atypical.","Throbbing headache, nausea, aura, sound sensitivity.","Sumatriptan (50 milligrams oral), ibuprofen (400 milligrams), quiet environment. This treatment is prescribed based on the severity of the condition and should be followed as directed by a healthcare professional."
Face Coverings (Masks) and COVID19 (Contextual),"Mask use, isolation, supportive care (e.g., acetaminophen).","RTPCR (SARSCoV2), symptom monitoring.",Asymptomatic or mild respiratory symptoms (contextual).,"Mask use, isolation, supportive care (e.g., acetaminophen). This treatment is prescribed based on the severity of the condition and should be followed as directed by a healthcare professional."
Motion Sickness,"Dimenhydrinate (50 mg every 6 hours), scopolamine patch (1.5 mg).","History of motion exposure, clinical symptoms.","Nausea, dizziness, sweating, vomiting during travel.","Dimenhydrinate (50 milligrams every 6 hours), scopolamine patch (1.5 milligrams). This treatment is prescribed based on the severity of the condition and should be followed as directed by a healthcare professional."
Mitral Valve Stenosis,"Balloon valvuloplasty, diuretics (furosemide 20 mg), betablockers.","Echocardiogram (valve area <1.5 cm²), ECG (LAE).","Fatigue, dyspnea, heart murmur, palpitations.","Balloon valvuloplasty, diuretics (furosemide 20 milligrams), betablockers. This treatment is prescribed based on the severity of the condition and should be followed as directed by a healthcare professional."
Hydronephrosis,"Stent placement, tamsulosin (0.4 mg daily), surgery if obstructed.","Renal ultrasound (dilation), CT scan, voiding cystourethrogram.","Flank pain, urinary retention, nausea, swelling.","Stent placement, tamsulosin (0.4 milligrams daily), surgery if obstructed. This treatment is prescribed based on the severity of the condition and should be followed as directed by a healthcare professional."
Supraventricular Tachycardia,"Adenosine (6 mg IV push), metoprolol (25 mg daily), ablation.","ECG (narrow QRS tachycardia), Holter monitor.","Rapid heartbeat, palpitations, dizziness, chest discomfort.","Adenosine (6 milligrams intravenous push), metoprolol (25 milligrams daily), ablation. This treatment is prescribed based on the severity of the condition and should be followed as directed by a healthcare professional."
Viral Meningitis,"Supportive care, acyclovir (10 mg/kg IV if herpes suspected), fluids.","Lumbar puncture (CSF viral PCR), brain MRI.","Fever, stiff neck, headache, sensitivity to light.","Supportive care, acyclovir (10 milligrams/kg intravenous if herpes suspected), fluids. This treatment is prescribed based on the severity of the condition and should be followed as directed by a healthcare professional."
Novel Coronavirus Pneumonia (COVID19),"Remdesivir (200 mg IV day 1), dexamethasone (6 mg daily), oxygen.","RTPCR (SARSCoV2), chest CT (groundglass opacities).","Cough, fever, shortness of breath, loss of taste.","Remdesivir (200 milligrams intravenous day 1), dexamethasone (6 milligrams daily), oxygen. This treatment is prescribed based on the severity of the condition and should be followed as directed by a healthcare professional."
Melasma,"Hydroquinone (4% cream), sunscreen, tretinoin (0.025% cream).","Clinical exam, Wood’s lamp, rule out hormonal causes.","Brown facial patches, symmetrical discoloration, worsens with sun.","Hydroquinone (4% cream), sunscreen, tretinoin (0.025% cream). This treatment is prescribed based on the severity of the condition and should be followed as directed by a healthcare professional."
Filariasis,"Diethylcarbamazine (6 mg/kg single dose), ivermectin (200 mcg/kg).","Blood smear (microfilariae), antigen test (Wuchereria).","Swollen limbs, fever, lymph node enlargement, skin thickening.","Diethylcarbamazine (6 milligrams/kg single dose), ivermectin (200 micrograms/kg). This treatment is prescribed based on the severity of the condition and should be followed as directed by a healthcare professional."
Tuberculosis,"Isoniazid (300 mg daily), rifampin (600 mg daily), 6month regimen.","Chest Xray (cavities), sputum AFB, GeneXpert MTB/RIF.","Chronic cough, night sweats, weight loss, hemoptysis.","Isoniazid (300 milligrams daily), rifampin (600 milligrams daily), 6month regimen. This treatment is prescribed based on the severity of the condition and should be followed as directed by a healthcare professional."
Typhoid Fever,"Ceftriaxone (2 g IV daily), azithromycin (500 mg daily), fluids.","Blood culture (Salmonella typhi), Widal test.","Sustained fever, abdominal pain, rash, weakness.","Ceftriaxone (2 g intravenous daily), azithromycin (500 milligrams daily), fluids. This treatment is prescribed based on the severity of the condition and should be followed as directed by a healthcare professional."
Type 1 Diabetes,"Insulin aspart (0.10.3 units/kg per meal), monitoring, diet.","Fasting glucose (>126 mg/dL), HbA1c (>6.5%), autoantibodies.","Thirst, frequent urination, fatigue, weight loss.","Insulin aspart (0.10.3 units/kg per meal), monitoring, diet. This treatment is prescribed based on the severity of the condition and should be followed as directed by a healthcare professional."
Leishmaniasis,"Sodium stibogluconate (20 mg/kg IV daily), miltefosine (50 mg twice daily).","Skin biopsy (Leishmania amastigotes), PCR, serology.","Skin ulcers, fever, spleen enlargement, weight loss.","Sodium stibogluconate (20 milligrams/kg intravenous daily), miltefosine (50 milligrams twice daily). This treatment is prescribed based on the severity of the condition and should be followed as directed by a healthcare professional."
Stomach Cancer,"Gastrectomy, 5fluorouracil (500 mg/m² IV), chemotherapy.","Endoscopy with biopsy, CT abdomen, tumor markers (CEA).","Epigastric pain, nausea, early satiety, weight loss.","Gastrectomy, 5fluorouracil (500 milligrams/m² intravenous), chemotherapy. This treatment is prescribed based on the severity of the condition and should be followed as directed by a healthcare professional."
Hidradenitis Suppurativa,"Clindamycin (300 mg twice daily), adalimumab (40 mg weekly), surgery.","Clinical exam, culture if infected, rule out Crohn’s.","Painful lumps, abscesses, tunneling, scarring (skin folds).","Clindamycin (300 milligrams twice daily), adalimumab (40 milligrams weekly), surgery. This treatment is prescribed based on the severity of the condition and should be followed as directed by a healthcare professional."
Fibromyalgia,"Duloxetine (60 mg daily), pregabalin (150 mg twice daily), exercise.","ACR criteria (pain index), rule out autoimmune via labs.","Widespread pain, fatigue, sleep issues, brain fog.","Duloxetine (60 milligrams daily), pregabalin (150 milligrams twice daily), exercise. This treatment is prescribed based on the severity of the condition and should be followed as directed by a healthcare professional."
Diverticulitis,"Metronidazole (500 mg 3x daily), ciprofloxacin (500 mg twice daily).","CT abdomen (diverticula), CRP elevation, colonoscopy later.","Left lower quadrant pain, fever, nausea, bowel changes.","Metronidazole (500 milligrams 3 times a day), ciprofloxacin (500 milligrams twice daily). This treatment is prescribed based on the severity of the condition and should be followed as directed by a healthcare professional."
Dementia,"Donepezil (10 mg daily), memantine (10 mg twice daily), support.","MMSE, brain MRI (atrophy), cognitive testing.","Memory loss, confusion, language difficulty, behavior changes.","Donepezil (10 milligrams daily), memantine (10 milligrams twice daily), support. This treatment is prescribed based on the severity of the condition and should be followed as directed by a healthcare professional."
Food Poisoning,"Hydration, loperamide (2 mg PRN), antibiotics if severe (e.g., azithromycin).","Stool culture (e.g., Salmonella), clinical history.","Vomiting, diarrhea, abdominal cramps, fever.","Hydration, loperamide (2 milligrams PRN), antibiotics if severe (e.g., azithromycin). This treatment is prescribed based on the severity of the condition and should be followed as directed by a healthcare professional."
Basal Cell Skin Cancer,"Excision, imiquimod (5% cream), cryotherapy.","Punch biopsy, dermoscopy, clinical exam.","Waxy skin bump, bleeding, crusting, slow growth.","Excision, imiquimod (5% cream), cryotherapy. This treatment is prescribed based on the severity of the condition and should be followed as directed by a healthcare professional."
Postherpetic Neuralgia,"Gabapentin (300 mg 3x daily), lidocaine patch (5%), amitriptyline.","History of zoster, clinical exam, pain pattern.","Burning pain, sensitivity, itching (postshingles).","Gabapentin (300 milligrams 3 times a day), lidocaine patch (5%), amitriptyline. This treatment is prescribed based on the severity of the condition and should be followed as directed by a healthcare professional."
Cellulite,"Topical retinol (0.3%), massage therapy, laser treatment (optional).","Visual inspection, no diagnostic tests needed.","Dimpled skin, lumpy thighs, cosmetic concern.","Topical retinol (0.3%), massage therapy, laser treatment (optional). This treatment is prescribed based on the severity of the condition and should be followed as directed by a healthcare professional."
Ovarian Cyst,"Observation, ibuprofen (400 mg), laparoscopy if large/persistent.","Transvaginal ultrasound, CA125 if suspicious.","Pelvic pain, bloating, irregular periods, fullness.","Observation, ibuprofen (400 milligrams), laparoscopy if large/persistent. This treatment is prescribed based on the severity of the condition and should be followed as directed by a healthcare professional."
Cytomegalovirus Pneumonia,"Ganciclovir (5 mg/kg IV twice daily), valganciclovir (900 mg twice daily).","CMV PCR (blood/BAL), chest CT, viral culture.","Fever, cough, dyspnea, fatigue (immunocompromised).","Ganciclovir (5 milligrams/kg intravenous twice daily), valganciclovir (900 milligrams twice daily). This treatment is prescribed based on the severity of the condition and should be followed as directed by a healthcare professional."
Bartonellosis,"Azithromycin (500 mg day 1, 250 mg days 25), doxycycline (100 mg).","Serology (Bartonella henselae), PCR, biopsy if needed.","Fever, lymph node swelling, rash, fatigue (cat scratch).","Azithromycin (500 milligrams day 1, 250 milligrams days 25), doxycycline (100 milligrams). This treatment is prescribed based on the severity of the condition and should be followed as directed by a healthcare professional."
Fibromuscular Dysplasia,"Angioplasty, lisinopril (10 mg daily), aspirin (81 mg daily).","Angiography (stringofbeads), CTA/MRA, Doppler.","Hypertension, headache, pulsatile tinnitus, stroke risk.","Angioplasty, lisinopril (10 milligrams daily), aspirin (81 milligrams daily). This treatment is prescribed based on the severity of the condition and should be followed as directed by a healthcare professional."
Cradle Cap,"Baby shampoo, mineral oil, hydrocortisone (1% cream) if severe.","Clinical exam, rule out fungal infection.","Scaly scalp, greasy patches, mild redness (infants).","Baby shampoo, mineral oil, hydrocortisone (1% cream) if severe. This treatment is prescribed based on the severity of the condition and should be followed as directed by a healthcare professional."
Nasopharyngeal Cancer,"Radiation, cisplatin (100 mg/m² IV), surgery if localized.","Nasopharyngoscopy with biopsy, EBV titers, PETCT.","Nasal congestion, neck mass, hearing loss, headache.","Radiation, cisplatin (100 milligrams/m² intravenous), surgery if localized. This treatment is prescribed based on the severity of the condition and should be followed as directed by a healthcare professional."
Glucose Screen for Gestational Diabetes,"Diet control, insulin (variable dosing), metformin (500 mg).","1hour GCT (>140 mg/dL), 3hour OGTT confirmation.","Often asymptomatic, thirst, frequent urination (pregnancy).","Diet control, insulin (variable dosing), metformin (500 milligrams). This treatment is prescribed based on the severity of the condition and should be followed as directed by a healthcare professional."
NonHodgkin Lymphoma,"Rituximab (375 mg/m² IV), CHOP regimen, stem cell transplant.","Lymph node biopsy, PETCT, bone marrow aspirate.","Swollen lymph nodes, fever, night sweats, weight loss.","Rituximab (375 milligrams/m² intravenous), CHOP regimen, stem cell transplant. This treatment is prescribed based on the severity of the condition and should be followed as directed by a healthcare professional."
Granulomatosis with Polyangiitis,"Cyclophosphamide (2 mg/kg daily), prednisone (1 mg/kg daily).","ANCA (cPR3), biopsy (granulomas), chest CT.","Sinusitis, nosebleeds, joint pain, hemoptysis.","Cyclophosphamide (2 milligrams/kg daily), prednisone (1 milligrams/kg daily). This treatment is prescribed based on the severity of the condition and should be followed as directed by a healthcare professional."
Foot Drop,"Anklefoot orthosis, gabapentin (300 mg 3x daily), treat cause.","EMG, nerve conduction studies, MRI spine.","Difficulty lifting foot, dragging toes, leg weakness.","Anklefoot orthosis, gabapentin (300 milligrams 3 times a day), treat cause. This treatment is prescribed based on the severity of the condition and should be followed as directed by a healthcare professional."
Dilated Cardiomyopathy,"Carvedilol (25 mg twice daily), furosemide (40 mg daily), ICD if severe.","Echocardiogram (dilated LV), BNP, ECG.","Fatigue, edema, dyspnea, palpitations.","Carvedilol (25 milligrams twice daily), furosemide (40 milligrams daily), ICD if severe. This treatment is prescribed based on the severity of the condition and should be followed as directed by a healthcare professional."
Upper Respiratory Infection (URI),"Decongestants (pseudoephedrine 60 mg), fluids, rest.","Clinical exam, rule out strep (rapid test).","Nasal congestion, sore throat, cough, mild fever.","Decongestants (pseudoephedrine 60 milligrams), fluids, rest. This treatment is prescribed based on the severity of the condition and should be followed as directed by a healthcare professional."
Periodontitis,"Scaling/root planing, doxycycline (100 mg daily), oral hygiene.","Periodontal probing, dental Xrays (bone loss).","Gum bleeding, tooth mobility, bad breath, recession.","Scaling/root planing, doxycycline (100 milligrams daily), oral hygiene. This treatment is prescribed based on the severity of the condition and should be followed as directed by a healthcare professional."
Kidney (Renal) Failure,"Dialysis, lisinopril (5 mg daily), treat underlying cause.","Serum creatinine (>1.5 mg/dL), GFR (<15 mL/min), ultrasound.","Fatigue, swelling, oliguria, nausea.","Dialysis, lisinopril (5 milligrams daily), treat underlying cause. This treatment is prescribed based on the severity of the condition and should be followed as directed by a healthcare professional."
Tonsillitis,"Penicillin (500 mg twice daily), ibuprofen (400 mg), tonsillectomy if recurrent.","Throat swab (strep), clinical exam (Centor criteria).","Sore throat, difficulty swallowing, fever, tonsil swelling.","Penicillin (500 milligrams twice daily), ibuprofen (400 milligrams), tonsillectomy if recurrent. This treatment is prescribed based on the severity of the condition and should be followed as directed by a healthcare professional."
Ulcerative Colitis,"Mesalamine (2.4 g daily), infliximab (5 mg/kg IV), steroids.","Colonoscopy (mucosal ulcers), fecal calprotectin.","Bloody diarrhea, abdominal pain, urgency, fatigue.","Mesalamine (2.4 g daily), infliximab (5 milligrams/kg intravenous), steroids. This treatment is prescribed based on the severity of the condition and should be followed as directed by a healthcare professional."
Peritonitis,"Vancomycin (1 g IV), ceftazidime (1 g IV), surgery if perforated.","Peritoneal fluid analysis (WBC >250), CT abdomen.","Severe abdominal pain, fever, nausea, rigidity.","Vancomycin (1 g intravenous), ceftazidime (1 g intravenous), surgery if perforated. This treatment is prescribed based on the severity of the condition and should be followed as directed by a healthcare professional."
Seborrheic Dermatitis,"Ketoconazole shampoo (2%), selenium sulfide (2.5%), hydrocortisone.","Clinical exam, rule out psoriasis, skin scraping.","Greasy scalp, red flaky skin, itching, dandruff.","Ketoconazole shampoo (2%), selenium sulfide (2.5%), hydrocortisone. This treatment is prescribed based on the severity of the condition and should be followed as directed by a healthcare professional."
Molluscum Contagiosum,"Cryotherapy, cantharidin (0.7% topical), resolves naturally.","Visual inspection, biopsy if uncertain.","Small, pearly bumps, painless, central dimple.","Cryotherapy, cantharidin (0.7% topical), resolves naturally. This treatment is prescribed based on the severity of the condition and should be followed as directed by a healthcare professional."
Hashimoto’s Thyroiditis,"Levothyroxine (50100 mcg daily), monitor TSH.","TSH (>4.5 mIU/L), antiTPO antibodies, ultrasound.","Fatigue, weight gain, cold intolerance, goiter.","Levothyroxine (50100 micrograms daily), monitor TSH. This treatment is prescribed based on the severity of the condition and should be followed as directed by a healthcare professional."
Ocular Tuberculosis,"Rifampin (600 mg daily), ethambutol (15 mg/kg daily), steroids.","Fundoscopy (choroidal granulomas), TB PCR, chest Xray.","Eye redness, vision loss, floaters, pain.","Rifampin (600 milligrams daily), ethambutol (15 milligrams/kg daily), steroids. This treatment is prescribed based on the severity of the condition and should be followed as directed by a healthcare professional."
Retinitis Pigmentosa,"Vitamin A (15,000 IU daily), supportive care, no cure.","Electroretinogram, fundus exam, genetic testing.","Night blindness, tunnel vision, retinal pigmentation.","Vitamin A (15,000 IU daily), supportive care, no cure. This treatment is prescribed based on the severity of the condition and should be followed as directed by a healthcare professional."
Pneumonitis,"Prednisone (40 mg daily), oxygen, remove trigger (e.g., dust).","Chest CT (groundglass), PFTs, biopsy if needed.","Dry cough, dyspnea, fatigue, fever (hypersensitivity).","Prednisone (40 milligrams daily), oxygen, remove trigger (e.g., dust). This treatment is prescribed based on the severity of the condition and should be followed as directed by a healthcare professional."
Rheumatic Fever,"Penicillin (1.2 million units IM), aspirin (100 mg/kg daily), rest.","Jones criteria, ASO titers, echocardiogram.","Joint pain, fever, rash, heart murmur.","Penicillin (1.2 million units IM), aspirin (100 milligrams/kg daily), rest. This treatment is prescribed based on the severity of the condition and should be followed as directed by a healthcare professional."
Parainfluenza,"Supportive care, dexamethasone (0.6 mg/kg), humidified air.","Viral PCR (parainfluenza), clinical symptoms (croup).","Barking cough, hoarseness, fever, runny nose.","Supportive care, dexamethasone (0.6 milligrams/kg), humidified air. This treatment is prescribed based on the severity of the condition and should be followed as directed by a healthcare professional."
Viral Pneumonia,"Oseltamivir (75 mg twice daily if flu), oxygen, rest.","Chest Xray (diffuse infiltrates), viral PCR (e.g., influenza).","Fever, cough, chest pain, shortness of breath.","Oseltamivir (75 milligrams twice daily if flu), oxygen, rest. This treatment is prescribed based on the severity of the condition and should be followed as directed by a healthcare professional."
Heartburn,"Ranitidine (150 mg twice daily), PPI (omeprazole 20 mg), diet changes.","Clinical history, endoscopy if chronic, pH monitoring.","Burning chest, sour taste, regurgitation, discomfort.","Ranitidine (150 milligrams twice daily), PPI (omeprazole 20 milligrams), diet changes. This treatment is prescribed based on the severity of the condition and should be followed as directed by a healthcare professional."
Heart Transplant (PostProcedure Context),"Tacrolimus (0.1 mg/kg daily), prednisone (5 mg daily), monitor.","Biopsy (rejection grade), echocardiogram, immunosuppression levels.","Fatigue, swelling (if rejection), fever (infection risk).","Tacrolimus (0.1 milligrams/kg daily), prednisone (5 milligrams daily), monitor. This treatment is prescribed based on the severity of the condition and should be followed as directed by a healthcare professional."
Heart Failure,"Furosemide (40 mg daily), enalapril (10 mg daily), betablockers.","BNP (>400 pg/mL), echocardiogram (low EF), ECG.","Breathlessness, swollen legs, fatigue, rapid heartbeat.","Furosemide (40 milligrams daily), enalapril (10 milligrams daily), betablockers. This treatment is prescribed based on the severity of the condition and should be followed as directed by a healthcare professional."
Social Anxiety Disorder,"Sertraline (50200 mg daily), CBT, propranolol (20 mg PRN).","DSM5 criteria, GAD7 scale, psychiatric eval.","Fear of social situations, blushing, sweating, avoidance.","Sertraline (50200 milligrams daily), CBT, propranolol (20 milligrams PRN). This treatment is prescribed based on the severity of the condition and should be followed as directed by a healthcare professional."
Presbyopia,"Reading glasses (+1.5 diopters), bifocals, no drugs.","Refraction test, eye exam (age >40).","Difficulty reading closeup, eye strain, needing brighter light.","Reading glasses (+1.5 diopters), bifocals, no drugs. This treatment is prescribed based on the severity of the condition and should be followed as directed by a healthcare professional."
"Lung Cancer, NonSmall Cell","Lobectomy, nivolumab (240 mg IV every 2 weeks), radiation.","Chest CT (mass), biopsy (adenocarcinoma), PET staging.","Persistent cough, chest pain, weight loss, hemoptysis.","Lobectomy, nivolumab (240 milligrams intravenous every 2 weeks), radiation. This treatment is prescribed based on the severity of the condition and should be followed as directed by a healthcare professional."
"Lung Cancer, Small Cell","Etoposide (100 mg/m² IV), cisplatin (80 mg/m² IV), chemotherapy.","Chest CT (central mass), biopsy (small cells), brain MRI.","Cough, dyspnea, fatigue, paraneoplastic symptoms.","Etoposide (100 milligrams/m² intravenous), cisplatin (80 milligrams/m² intravenous), chemotherapy. This treatment is prescribed based on the severity of the condition and should be followed as directed by a healthcare professional."
Interstitial Lung Disease,"Pirfenidone (801 mg 3x daily), nintedanib (150 mg twice daily), oxygen.","HRCT (fibrosis), lung biopsy, PFTs (restrictive).","Dry cough, progressive dyspnea, fatigue, clubbing.","Pirfenidone (801 milligrams 3 times a day), nintedanib (150 milligrams twice daily), oxygen. This treatment is prescribed based on the severity of the condition and should be followed as directed by a healthcare professional."
Labyrinthitis,"Meclizine (25 mg daily), prednisone (60 mg tapering), rest.","Audiometry, DixHallpike test, MRI if central suspected.","Vertigo, hearing loss, nausea, tinnitus.","Meclizine (25 milligrams daily), prednisone (60 milligrams tapering), rest. This treatment is prescribed based on the severity of the condition and should be followed as directed by a healthcare professional."
Edema,"Furosemide (20 mg daily), elevation, treat underlying cause.","Physical exam, ultrasound (rule out DVT), BNP if cardiac.","Swelling (legs, hands), tightness, weight gain.","Furosemide (20 milligrams daily), elevation, treat underlying cause. This treatment is prescribed based on the severity of the condition and should be followed as directed by a healthcare professional."
West Nile Virus,"Supportive care, IV fluids, pain relief (acetaminophen 650 mg).","Serum IgM, CSF PCR (WNV), clinical history.","Fever, headache, rash, muscle weakness (neuroinvasive).","Supportive care, intravenous fluids, pain relief (acetaminophen 650 milligrams). This treatment is prescribed based on the severity of the condition and should be followed as directed by a healthcare professional."
Monkeypox,"Tecovirimat (600 mg twice daily), supportive care, isolation.","PCR (monkeypox virus), lesion swab, exposure history.","Rash, fever, lymphadenopathy, muscle aches.","Tecovirimat (600 milligrams twice daily), supportive care, isolation. This treatment is prescribed based on the severity of the condition and should be followed as directed by a healthcare professional."
Mononucleosis,"Rest, ibuprofen (400 mg), avoid contact sports.","Monospot test, EBV IgM, CBC (lymphocytosis).","Fatigue, sore throat, swollen glands, fever.","Rest, ibuprofen (400 milligrams), avoid contact sports. This treatment is prescribed based on the severity of the condition and should be followed as directed by a healthcare professional."
Vaginal Cancer,"Radiation, cisplatin (40 mg/m² IV), surgery (vaginectomy).","Colposcopy with biopsy, pelvic MRI, HPV testing.","Vaginal bleeding, discharge, pelvic pain, mass.","Radiation, cisplatin (40 milligrams/m² intravenous), surgery (vaginectomy). This treatment is prescribed based on the severity of the condition and should be followed as directed by a healthcare professional."
Heart Rhythm Disorders (Arrhythmias),"Metoprolol (25 mg daily), amiodarone (200 mg daily), ablation.","ECG (e.g., AFib), Holter monitor, EP study.","Palpitations, dizziness, syncope, chest discomfort.","Metoprolol (25 milligrams daily), amiodarone (200 milligrams daily), ablation. This treatment is prescribed based on the severity of the condition and should be followed as directed by a healthcare professional."
Graves’ Disease,"Methimazole (15 mg daily), propranolol (40 mg), radioiodine.","Low TSH (<0.1 mIU/L), high T3/T4, thyroid uptake scan.","Weight loss, palpitations, bulging eyes, heat intolerance.","Methimazole (15 milligrams daily), propranolol (40 milligrams), radioiodine. This treatment is prescribed based on the severity of the condition and should be followed as directed by a healthcare professional."
Galactorrhea,"Cabergoline (0.5 mg twice weekly), treat underlying cause.","Prolactin levels (>25 ng/mL), pituitary MRI.","Milky nipple discharge, irregular periods, headache.","Cabergoline (0.5 milligrams twice weekly), treat underlying cause. This treatment is prescribed based on the severity of the condition and should be followed as directed by a healthcare professional."
Dry Mouth,"Pilocarpine (5 mg 3x daily), artificial saliva, hydration.","Salivary flow test, rule out Sjögren’s (antiSSA).","Sticky mouth, thirst, difficulty chewing, sore throat.","Pilocarpine (5 milligrams 3 times a day), artificial saliva, hydration. This treatment is prescribed based on the severity of the condition and should be followed as directed by a healthcare professional."
Prostatitis,"Ciprofloxacin (500 mg twice daily), tamsulosin (0.4 mg daily).","Urine culture, prostate massage fluid, PSA if chronic.","Pelvic pain, dysuria, urgency, fever (acute).","Ciprofloxacin (500 milligrams twice daily), tamsulosin (0.4 milligrams daily). This treatment is prescribed based on the severity of the condition and should be followed as directed by a healthcare professional."
Sarcoidosis,"Prednisone (2040 mg daily), hydroxychloroquine (200 mg daily).","Chest Xray (hilar nodes), biopsy (noncaseating granulomas).","Cough, skin rash, eye inflammation, fatigue.","Prednisone (2040 milligrams daily), hydroxychloroquine (200 milligrams daily). This treatment is prescribed based on the severity of the condition and should be followed as directed by a healthcare professional."
"Coccidioidomycosis, Meningitis","Fluconazole (800 mg daily), amphotericin B (0.7 mg/kg IV).","CSF culture (Coccidioides), antigen test, brain MRI.","Headache, fever, neck stiffness, confusion.","Fluconazole (800 milligrams daily), amphotericin B (0.7 milligrams/kg intravenous). This treatment is prescribed based on the severity of the condition and should be followed as directed by a healthcare professional."
Eating During Cancer Treatment (Contextual),"Ondansetron (8 mg), dietary supplements, small frequent meals.","Nutritional assessment, symptom diary, labs (e.g., albumin).","Nausea, taste changes, appetite loss (cancerrelated).","Ondansetron (8 milligrams), dietary supplements, small frequent meals. This treatment is prescribed based on the severity of the condition and should be followed as directed by a healthcare professional."
Gastritis,"Pantoprazole (40 mg daily), clarithromycin (500 mg twice daily).","Endoscopy (mucosal inflammation), H. pylori test.","Upper abdominal pain, nausea, bloating, vomiting.","Pantoprazole (40 milligrams daily), clarithromycin (500 milligrams twice daily). This treatment is prescribed based on the severity of the condition and should be followed as directed by a healthcare professional."
Alcoholic Hepatitis,"Prednisolone (40 mg daily), abstinence, nutritional support.","Liver function tests (AST >ALT), ultrasound, biopsy.","Jaundice, abdominal pain, fever, ascites.","Prednisolone (40 milligrams daily), abstinence, nutritional support. This treatment is prescribed based on the severity of the condition and should be followed as directed by a healthcare professional."
ObsessiveCompulsive Disorder (OCD),"Fluoxetine (2060 mg daily), ERP therapy, clomipramine (50 mg).","YBOCS scale, DSM5 criteria, psych evaluation.","Obsessions, compulsions, anxiety, repetitive behaviors.","Fluoxetine (2060 milligrams daily), ERP therapy, clomipramine (50 milligrams). This treatment is prescribed based on the severity of the condition and should be followed as directed by a healthcare professional."
Synovial Sarcoma,"Surgery, ifosfamide (9 g/m² IV), radiotherapy.","MRI (mass), biopsy (SYTSSX), PET staging.","Soft tissue mass, pain, swelling, limited mobility.","Surgery, ifosfamide (9 g/m² intravenous), radiotherapy. This treatment is prescribed based on the severity of the condition and should be followed as directed by a healthcare professional."
Diabetic Neuropathy,"Gabapentin (300 mg 3x daily), duloxetine (60 mg daily), glucose control.","Monofilament test, nerve conduction studies, HbA1c.","Tingling, burning feet, numbness, pain at night.","Gabapentin (300 milligrams 3 times a day), duloxetine (60 milligrams daily), glucose control. This treatment is prescribed based on the severity of the condition and should be followed as directed by a healthcare professional."
Lumbar Spinal Stenosis,"Pregabalin (75 mg twice daily), physical therapy, laminectomy.","MRI (canal narrowing), Xray, physical exam.","Back pain, leg numbness, weakness, claudication.","Pregabalin (75 milligrams twice daily), physical therapy, laminectomy. This treatment is prescribed based on the severity of the condition and should be followed as directed by a healthcare professional."
Restless Leg Syndrome,"Ropinirole (0.5 mg nightly), iron (325 mg if deficient).","Clinical history, ferritin levels (<50 ng/mL), PSG.","Leg discomfort, urge to move, worse at night, twitching.","Ropinirole (0.5 milligrams nightly), iron (325 milligrams if deficient). This treatment is prescribed based on the severity of the condition and should be followed as directed by a healthcare professional."
Male Infertility,"Clomiphene (25 mg daily), surgery (varicocele), IVF.","Semen analysis, hormone levels (FSH, testosterone), ultrasound.","Inability to conceive, low libido, abnormal semen.","Clomiphene (25 milligrams daily), surgery (varicocele), intravenousF. This treatment is prescribed based on the severity of the condition and should be followed as directed by a healthcare professional."
PraderWilli Syndrome,"Growth hormone (0.24 mg/kg weekly), strict diet, support.","Methylation test (15q11q13), clinical features.","Obesity, hypotonia, intellectual delay, insatiable hunger.","Growth hormone (0.24 milligrams/kg weekly), strict diet, support. This treatment is prescribed based on the severity of the condition and should be followed as directed by a healthcare professional."
Deep Venous Thrombosis,"Apixaban (10 mg twice daily for 7 days), compression stockings.","Doppler ultrasound, Ddimer (>500 ng/mL), Wells score.","Leg swelling, pain, redness, warmth.","Apixaban (10 milligrams twice daily for 7 days), compression stockings. This treatment is prescribed based on the severity of the condition and should be followed as directed by a healthcare professional."
BingeEating Disorder,"Vyvanse (3070 mg daily), CBT, nutritional counseling.","DSM5 criteria, eating behavior assessment.","Overeating episodes, guilt, weight fluctuation, distress.","Vyvanse (3070 milligrams daily), CBT, nutritional counseling. This treatment is prescribed based on the severity of the condition and should be followed as directed by a healthcare professional."
"Alcohol Hepatitis (Duplicate, Variation)","Pentoxifylline (400 mg 3x daily), abstinence, vitamin B.","Elevated AST/ALT, ultrasound (fatty liver), history.","Jaundice, tender liver, nausea, fever.","Pentoxifylline (400 milligrams 3 times a day), abstinence, vitamin B. This treatment is prescribed based on the severity of the condition and should be followed as directed by a healthcare professional."
Burkitt’s Lymphoma,"Cyclophosphamide (600 mg/m² IV), rituximab (375 mg/m² IV).","Biopsy (starry sky), PETCT, bone marrow exam.","Rapid lymph node growth, jaw swelling, fever, weight loss.","Cyclophosphamide (600 milligrams/m² intravenous), rituximab (375 milligrams/m² intravenous). This treatment is prescribed based on the severity of the condition and should be followed as directed by a healthcare professional."
Vitamin D Deficiency (Entry 1),"Cholecalciferol (50,000 IU weekly), calcium (1000 mg daily).","Serum 25OH vitamin D (<20 ng/mL), Xray if severe.","Fatigue, bone pain, muscle weakness, mood changes.","Cholecalciferol (50,000 IU weekly), calcium (1000 milligrams daily). This treatment is prescribed based on the severity of the condition and should be followed as directed by a healthcare professional."
"Viral Meningitis (Duplicate, Variation)","IV fluids, acyclovir (10 mg/kg IV if suspected), rest.","CSF analysis (lymphocytes), viral PCR (e.g., enterovirus).","Headache, fever, neck stiffness, nausea.","intravenous fluids, acyclovir (10 milligrams/kg intravenous if suspected), rest. This treatment is prescribed based on the severity of the condition and should be followed as directed by a healthcare professional."
Coronary Artery Disease,"Atorvastatin (40 mg daily), nitroglycerin (0.4 mg SL), stenting.","ECG (ST changes), coronary angiography, stress test.","Chest pain, dyspnea, fatigue, nausea.","Atorvastatin (40 milligrams daily), nitroglycerin (0.4 milligrams SL), stenting. This treatment is prescribed based on the severity of the condition and should be followed as directed by a healthcare professional."
Mitral Valve Stenosis,"Balloon valvuloplasty, diuretics (furosemide 20 mg), betablockers.","Echocardiogram (valve area <1.5 cm²), ECG (LAE).","Dyspnea, fatigue, palpitations, heart murmur.","Balloon valvuloplasty, diuretics (furosemide 20 milligrams), betablockers. This treatment is prescribed based on the severity of the condition and should be followed as directed by a healthcare professional."
Mitral Valve Regurgitation,"Mitral valve repair, lisinopril (10 mg daily), diuretics.","Echocardiogram (regurgitant jet), cardiac MRI.","Shortness of breath, fatigue, murmur, edema.","Mitral valve repair, lisinopril (10 milligrams daily), diuretics. This treatment is prescribed based on the severity of the condition and should be followed as directed by a healthcare professional."
Kaposi Sarcoma,"ART (e.g., tenofovir), liposomal doxorubicin (20 mg/m² IV).","Skin biopsy (spindle cells), HHV8 testing, staging.","Purple skin lesions, swelling, pain (HIVrelated).","ART (e.g., tenofovir), liposomal doxorubicin (20 milligrams/m² intravenous). This treatment is prescribed based on the severity of the condition and should be followed as directed by a healthcare professional."
Wilms Tumor,"Nephrectomy, vincristine (1.5 mg/m² IV), actinomycin D.","Ultrasound (renal mass), CT, biopsy (nephroblastoma).","Abdominal mass, fever, hematuria, pain.","Nephrectomy, vincristine (1.5 milligrams/m² intravenous), actinomycin D. This treatment is prescribed based on the severity of the condition and should be followed as directed by a healthcare professional."
Hyperglycemia,"Insulin (0.1 units/kg IV if acute), metformin (500 mg), hydration.","Blood glucose (>200 mg/dL random), HbA1c (>6.5%).","Thirst, frequent urination, fatigue, blurred vision.","Insulin (0.1 units/kg intravenous if acute), metformin (500 milligrams), hydration. This treatment is prescribed based on the severity of the condition and should be followed as directed by a healthcare professional."
Herpes Zoster Meningitis,"Acyclovir (10 mg/kg IV every 8 hours), prednisone (60 mg daily).","CSF PCR (VZV), MRI (meningeal enhancement).","Rash, headache, fever, neck stiffness.","Acyclovir (10 milligrams/kg intravenous every 8 hours), prednisone (60 milligrams daily). This treatment is prescribed based on the severity of the condition and should be followed as directed by a healthcare professional."
Dislocated Shoulder,"Reduction, sling, ibuprofen (400 mg), physical therapy.","Xray (humeral head displacement), physical exam.","Severe shoulder pain, deformity, limited motion.","Reduction, sling, ibuprofen (400 milligrams), physical therapy. This treatment is prescribed based on the severity of the condition and should be followed as directed by a healthcare professional."
Bone Metastasis,"Zoledronic acid (4 mg IV monthly), denosumab (120 mg SC), analgesics.","Bone scan, Xray (lytic lesions), tumor markers.","Bone pain, fractures, hypercalcemia, weakness.","Zoledronic acid (4 milligrams intravenous monthly), denosumab (120 milligrams SC), analgesics. This treatment is prescribed based on the severity of the condition and should be followed as directed by a healthcare professional."
Tapeworm Infection,"Praziquantel (10 mg/kg single dose), albendazole (400 mg daily).","Stool ova/parasite exam, Taenia serology.","Abdominal discomfort, nausea, visible segments in stool.","Praziquantel (10 milligrams/kg single dose), albendazole (400 milligrams daily). This treatment is prescribed based on the severity of the condition and should be followed as directed by a healthcare professional."
HospitalAcquired Pneumonia,"Piperacillintazobactam (4.5 g IV), vancomycin (15 mg/kg IV).","Chest Xray (infiltrates), sputum culture, BAL.","Fever, purulent sputum, dyspnea, chest pain.","Piperacillintazobactam (4.5 g intravenous), vancomycin (15 milligrams/kg intravenous). This treatment is prescribed based on the severity of the condition and should be followed as directed by a healthcare professional."
Knee Bursitis,"Rest, naproxen (500 mg twice daily), aspiration/injection.","Physical exam, ultrasound, aspiration if infected.","Knee swelling, pain, warmth, stiffness.","Rest, naproxen (500 milligrams twice daily), aspiration/injection. This treatment is prescribed based on the severity of the condition and should be followed as directed by a healthcare professional."
Hypocalcemia,"Calcium gluconate (10% IV), vitamin D (800 IU daily).","Serum calcium (<8.5 mg/dL), PTH levels, ECG (QT prolongation).","Muscle cramps, tingling, tetany, confusion.","Calcium gluconate (10% intravenous), vitamin D (800 IU daily). This treatment is prescribed based on the severity of the condition and should be followed as directed by a healthcare professional."
CrimeanCongo Haemorrhagic Fever,"Ribavirin (30 mg/kg IV loading), supportive care, isolation.","RTPCR (CCHF virus), serology, tick exposure history.","Fever, bleeding, muscle pain, liver enlargement.","Ribavirin (30 milligrams/kg intravenous loading), supportive care, isolation. This treatment is prescribed based on the severity of the condition and should be followed as directed by a healthcare professional."
Vitamin D Deficiency (Entry 2),"Ergocalciferol (50,000 IU weekly), calcium (1200 mg daily).","25OH vitamin D (<15 ng/mL), bone density scan.","Bone tenderness, weakness, fatigue, low mood.","Ergocalciferol (50,000 IU weekly), calcium (1200 milligrams daily). This treatment is prescribed based on the severity of the condition and should be followed as directed by a healthcare professional."
Hodgkin Lymphoma,"ABVD regimen (doxorubicin 25 mg/m² IV), radiation.","Biopsy (ReedSternberg cells), PETCT staging.","Painless lymphadenopathy, fever, night sweats, weight loss.","ABVD regimen (doxorubicin 25 milligrams/m² intravenous), radiation. This treatment is prescribed based on the severity of the condition and should be followed as directed by a healthcare professional."
Microscopic (Lymphocytic) Colitis,"Budesonide (9 mg daily), loperamide (2 mg PRN), hydration.","Colonoscopy with biopsy (lymphocytic infiltrate), fecal tests.","Chronic watery diarrhea, abdominal pain, fatigue.","Budesonide (9 milligrams daily), loperamide (2 milligrams PRN), hydration. This treatment is prescribed based on the severity of the condition and should be followed as directed by a healthcare professional."
Whiteheads,"Salicylic acid (2% topical), benzoyl peroxide (2.5%), cleansing.","Visual inspection, dermatology exam.","Small white bumps, clogged pores, mild inflammation.","Salicylic acid (2% topical), benzoyl peroxide (2.5%), cleansing. This treatment is prescribed based on the severity of the condition and should be followed as directed by a healthcare professional."
Whipworm Infection,"Mebendazole (100 mg twice daily for 3 days), iron supplements.","Stool microscopy (Trichuris eggs), eosinophil count.","Diarrhea, abdominal pain, rectal prolapse, anemia.","Mebendazole (100 milligrams twice daily for 3 days), iron supplements. This treatment is prescribed based on the severity of the condition and should be followed as directed by a healthcare professional."
Hypernatremia,"Includes medications (with dosages), procedures, and supportive care, ensuring plausibility.",Incorporates realistic diagnostic methods suited to each condition.,"Reflect typical clinical presentations with slight variations where duplicates occur (e.g., Vitamin D Deficiency).","Includes medications (with dosages), procedures, and supportive care, ensuring plausibility. This treatment is prescribed based on the severity of the condition and should be followed as directed by a healthcare professional."
Viral Pneumonia,"Oseltamivir (75 mg twice daily if flu), oxygen, supportive care.","Chest Xray (diffuse infiltrates), viral PCR (e.g., influenza).","Fever, dry cough, fatigue, shortness of breath.","Oseltamivir (75 milligrams twice daily if flu), oxygen, supportive care. This treatment is prescribed based on the severity of the condition and should be followed as directed by a healthcare professional."
Vitamin D Deficiency (Entry 1),"Cholecalciferol (50,000 IU weekly), calcium (1000 mg daily).","Serum 25OH vitamin D (<20 ng/mL), bone density scan.","Bone pain, muscle weakness, fatigue, low mood.","Cholecalciferol (50,000 IU weekly), calcium (1000 milligrams daily). This treatment is prescribed based on the severity of the condition and should be followed as directed by a healthcare professional."
Shoulder Bursitis,"Rest, ibuprofen (400 mg), corticosteroid injection (40 mg triamcinolone).","Physical exam, ultrasound, rule out rotator cuff injury.","Shoulder pain, swelling, limited motion, tenderness.","Rest, ibuprofen (400 milligrams), corticosteroid injection (40 milligrams triamcinolone). This treatment is prescribed based on the severity of the condition and should be followed as directed by a healthcare professional."
Chest Pain (NonSpecific),"Nitroglycerin (0.4 mg SL if cardiac), treat underlying cause.","ECG, troponin levels, chest Xray, rule out cardiac/GI causes.","Tightness, burning, radiating pain, shortness of breath.","Nitroglycerin (0.4 milligrams SL if cardiac), treat underlying cause. This treatment is prescribed based on the severity of the condition and should be followed as directed by a healthcare professional."
Hyperthyroidism,"Methimazole (15 mg daily), propranolol (40 mg), radioiodine.","Low TSH (<0.1 mIU/L), high T4, thyroid uptake scan.","Rapid heartbeat, weight loss, heat intolerance, tremor.","Methimazole (15 milligrams daily), propranolol (40 milligrams), radioiodine. This treatment is prescribed based on the severity of the condition and should be followed as directed by a healthcare professional."
Fecal Impaction,"Manual disimpaction, lactulose (30 mL), enemas.","Digital rectal exam, abdominal Xray (stool mass).","Constipation, rectal pain, bloating, overflow diarrhea.","Manual disimpaction, lactulose (30 mL), enemas. This treatment is prescribed based on the severity of the condition and should be followed as directed by a healthcare professional."
Osteoarthrosis (Osteoarthritis),"Acetaminophen (1 g 3x daily), glucosamine (1500 mg), joint injection.","Xray (joint space narrowing), physical exam.","Joint stiffness, pain, swelling, creaking sounds.","Acetaminophen (1 g 3 times a day), glucosamine (1500 milligrams), joint injection. This treatment is prescribed based on the severity of the condition and should be followed as directed by a healthcare professional."
Hyperphosphatemia,"Sevelamer (800 mg 3x daily), lowphosphate diet, dialysis if severe.","Serum phosphate (>4.5 mg/dL), renal function tests.","Muscle cramps, itching, fatigue, bone pain.","Sevelamer (800 milligrams 3 times a day), lowphosphate diet, dialysis if severe. This treatment is prescribed based on the severity of the condition and should be followed as directed by a healthcare professional."
Hypokalemia,"Potassium chloride (20 mEq oral), IV potassium if severe.","Serum potassium (<3.5 mmol/L), ECG (U waves).","Weakness, cramps, palpitations, fatigue.","Potassium chloride (20 mEq oral), intravenous potassium if severe. This treatment is prescribed based on the severity of the condition and should be followed as directed by a healthcare professional."
Reye’s Syndrome (Entry 1),"IV glucose, mannitol (0.5 g/kg IV), ICU care, avoid aspirin.","Elevated ammonia, liver enzymes (AST >100 U/L), brain CT.","Vomiting, confusion, seizures, liver dysfunction.","intravenous glucose, mannitol (0.5 g/kg intravenous), ICU care, avoid aspirin. This treatment is prescribed based on the severity of the condition and should be followed as directed by a healthcare professional."
Illness Anxiety Disorder,"CBT, sertraline (50150 mg daily), reassurance.","DSM5 criteria, rule out physical causes via labs.","Excessive health worry, preoccupation with illness, anxiety.","CBT, sertraline (50150 milligrams daily), reassurance. This treatment is prescribed based on the severity of the condition and should be followed as directed by a healthcare professional."
Fungal Arthritis,"Fluconazole (400 mg daily), amphotericin B (0.5 mg/kg IV), drainage.","Joint aspiration (fungal culture), MRI, blood tests.","Joint pain, swelling, stiffness, fever.","Fluconazole (400 milligrams daily), amphotericin B (0.5 milligrams/kg intravenous), drainage. This treatment is prescribed based on the severity of the condition and should be followed as directed by a healthcare professional."
De Quervain Tenosynovitis,"Thumb splint, naproxen (500 mg twice daily), steroid injection.","Finkelstein test, ultrasound of tendon sheath.","Thumb/wrist pain, swelling, difficulty gripping.","Thumb splint, naproxen (500 milligrams twice daily), steroid injection. This treatment is prescribed based on the severity of the condition and should be followed as directed by a healthcare professional."
CrimeanCongo Hemorrhagic Fever,"Ribavirin (30 mg/kg IV loading), supportive care, isolation.","RTPCR (CCHF virus), serology, tick exposure history.","Fever, bleeding, muscle pain, liver swelling.","Ribavirin (30 milligrams/kg intravenous loading), supportive care, isolation. This treatment is prescribed based on the severity of the condition and should be followed as directed by a healthcare professional."
Food Allergy (Entry 1),"Epinephrine (0.3 mg IM), antihistamines (cetirizine 10 mg).","Skin prick test, serum IgE, oral food challenge.","Hives, swelling, wheezing, abdominal pain.","Epinephrine (0.3 milligrams IM), antihistamines (cetirizine 10 milligrams). This treatment is prescribed based on the severity of the condition and should be followed as directed by a healthcare professional."
Muscle Cramps,"Hydration, magnesium citrate (400 mg daily), stretching.","Clinical history, electrolyte panel (e.g., magnesium).","Sudden muscle tightness, pain, stiffness.","Hydration, magnesium citrate (400 milligrams daily), stretching. This treatment is prescribed based on the severity of the condition and should be followed as directed by a healthcare professional."
Angelman Syndrome (Entry 1),"Anticonvulsants (valproate 15 mg/kg daily), therapy, support.","Genetic testing (UBE3A mutation), EEG (delta waves).","Developmental delay, seizures, ataxia, happy demeanor.","Anticonvulsants (valproate 15 milligrams/kg daily), therapy, support. This treatment is prescribed based on the severity of the condition and should be followed as directed by a healthcare professional."
Mouth Cancer,"Surgery, cisplatin (100 mg/m² IV), radiation therapy.","Biopsy, CT neck, HPV testing.","Oral sores, pain, difficulty swallowing, red/white patches.","Surgery, cisplatin (100 milligrams/m² intravenous), radiation therapy. This treatment is prescribed based on the severity of the condition and should be followed as directed by a healthcare professional."
Bone Metastases,"Denosumab (120 mg SC monthly), zoledronic acid (4 mg IV).","Bone scan (hot spots), Xray, tumor markers (e.g., PSA).","Bone pain, fractures, weakness, hypercalcemia.","Denosumab (120 milligrams SC monthly), zoledronic acid (4 milligrams intravenous). This treatment is prescribed based on the severity of the condition and should be followed as directed by a healthcare professional."
Thyroid Eye Disease,"Prednisone (40 mg daily), teprotumumab (10 mg/kg IV), lubrication.","Orbital CT, TSH levels, clinical exam (exophthalmos).","Bulging eyes, double vision, eye redness, pain.","Prednisone (40 milligrams daily), teprotumumab (10 milligrams/kg intravenous), lubrication. This treatment is prescribed based on the severity of the condition and should be followed as directed by a healthcare professional."
High Blood Pressure (Hypertension),"Lisinopril (10 mg daily), lifestyle changes, diuretics.","BP (>130/80 mmHg repeated), ECG, renal function.","Headache, dizziness, blurred vision, often asymptomatic.","Lisinopril (10 milligrams daily), lifestyle changes, diuretics. This treatment is prescribed based on the severity of the condition and should be followed as directed by a healthcare professional."
Herpes Zoster Meningitis (Entry 1),"Acyclovir (10 mg/kg IV every 8 hours), prednisone (60 mg daily).","CSF PCR (VZV), MRI (meningeal enhancement).","Rash, headache, fever, neck stiffness.","Acyclovir (10 milligrams/kg intravenous every 8 hours), prednisone (60 milligrams daily). This treatment is prescribed based on the severity of the condition and should be followed as directed by a healthcare professional."
Leg Pain (Entry 1),"Ibuprofen (400 mg), treat cause (e.g., compression stockings).","Physical exam, Doppler ultrasound, EMG if nerverelated.","Aching, cramping, numbness, swelling.","Ibuprofen (400 milligrams), treat cause (e.g., compression stockings). This treatment is prescribed based on the severity of the condition and should be followed as directed by a healthcare professional."
Endometrial Cancer (Entry 1),"Hysterectomy, progesterone (megestrol 160 mg daily), radiation.","Endometrial biopsy, transvaginal ultrasound, staging CT.","Postmenopausal bleeding, pelvic pain, discharge.","Hysterectomy, progesterone (megestrol 160 milligrams daily), radiation. This treatment is prescribed based on the severity of the condition and should be followed as directed by a healthcare professional."
Descending Thoracic Aortic Aneurysm,"Surgery (if >5.5 cm), metoprolol (50 mg daily), monitor.","Chest CT (aneurysm >4 cm), MRI, echocardiography.","Back pain, cough, dysphagia, asymptomatic often.","Surgery (if >5.5 cm), metoprolol (50 milligrams daily), monitor. This treatment is prescribed based on the severity of the condition and should be followed as directed by a healthcare professional."
Huntington’s Disease,"Tetrabenazine (25 mg 3x daily), supportive care, no cure.","Genetic test (CAG repeats >36), MRI, neuro exam.","Chorea, cognitive decline, mood swings, rigidity.","Tetrabenazine (25 milligrams 3 times a day), supportive care, no cure. This treatment is prescribed based on the severity of the condition and should be followed as directed by a healthcare professional."
Cerebral Aneurysm,"Coil embolization, nimodipine (60 mg every 4 hours), surgery.","CT angiogram (aneurysm sac), lumbar puncture (SAH).","Sudden headache, nausea, vision loss, neck stiffness.","Coil embolization, nimodipine (60 milligrams every 4 hours), surgery. This treatment is prescribed based on the severity of the condition and should be followed as directed by a healthcare professional."
Frontal Lobe Seizures,"Levetiracetam (500 mg twice daily), carbamazepine (200 mg twice daily).","EEG (frontal focus), MRI, video monitoring.","Sudden movements, vocalizations, nocturnal seizures.","Levetiracetam (500 milligrams twice daily), carbamazepine (200 milligrams twice daily). This treatment is prescribed based on the severity of the condition and should be followed as directed by a healthcare professional."
Schizoid Personality Disorder,"Psychotherapy, lowdose SSRIs (e.g., sertraline 25 mg), support.","DSM5 criteria, psychiatric evaluation, rule out psychosis.","Social isolation, flat affect, disinterest in relationships.","Psychotherapy, lowdose SSRIs (e.g., sertraline 25 milligrams), support. This treatment is prescribed based on the severity of the condition and should be followed as directed by a healthcare professional."
Hypertriglyceridemia,"Fenofibrate (145 mg daily), omega3 fatty acids (2 g daily).","Serum triglycerides (>150 mg/dL), lipid panel.","Asymptomatic often, abdominal pain (if severe), xanthomas.","Fenofibrate (145 milligrams daily), omega3 fatty acids (2 g daily). This treatment is prescribed based on the severity of the condition and should be followed as directed by a healthcare professional."
Vitamin B3 Deficiency (Pellagra),"Niacin (100 mg 3x daily), dietary improvement, Bcomplex.","Clinical exam (3 Ds), niacin levels, diet history.","Dermatitis, diarrhea, dementia, glossitis.","Niacin (100 milligrams 3 times a day), dietary improvement, Bcomplex. This treatment is prescribed based on the severity of the condition and should be followed as directed by a healthcare professional."
Lymphocytic Lymphoma,"Bendamustine (90 mg/m² IV), rituximab (375 mg/m² IV).","Biopsy (lymphocytic predominance), PETCT, staging.","Swollen lymph nodes, fever, night sweats, fatigue.","Bendamustine (90 milligrams/m² intravenous), rituximab (375 milligrams/m² intravenous). This treatment is prescribed based on the severity of the condition and should be followed as directed by a healthcare professional."
NonSmall Cell Lung Cancer,"Surgery, pembrolizumab (200 mg IV every 3 weeks), radiation.","Chest CT (mass), biopsy (adenocarcinoma), EGFR testing.","Cough, chest pain, weight loss, dyspnea.","Surgery, pembrolizumab (200 milligrams intravenous every 3 weeks), radiation. This treatment is prescribed based on the severity of the condition and should be followed as directed by a healthcare professional."
Ascending Thoracic Aortic Aneurysm,"Surgical repair (>5.5 cm), atenolol (50 mg daily), monitor.","CT chest (aneurysm >4 cm), echocardiogram.","Chest pain, hoarseness, dyspnea, asymptomatic often.","Surgical repair (>5.5 cm), atenolol (50 milligrams daily), monitor. This treatment is prescribed based on the severity of the condition and should be followed as directed by a healthcare professional."
Pulmonary Edema,"Furosemide (40 mg IV), nitroglycerin (0.4 mg SL), oxygen.","Chest Xray (interstitial markings), BNP (>500 pg/mL).","Severe dyspnea, frothy sputum, cyanosis, wheezing.","Furosemide (40 milligrams intravenous), nitroglycerin (0.4 milligrams SL), oxygen. This treatment is prescribed based on the severity of the condition and should be followed as directed by a healthcare professional."
Myofascial Pain Syndrome,"Cyclobenzaprine (10 mg nightly), lidocaine injection, therapy.","Physical exam (palpable knots), rule out fibromyalgia.","Muscle pain, trigger points, stiffness, fatigue.","Cyclobenzaprine (10 milligrams nightly), lidocaine injection, therapy. This treatment is prescribed based on the severity of the condition and should be followed as directed by a healthcare professional."
Pinworms,"Mebendazole (100 mg single dose), hygiene, repeat in 2 weeks.","Tape test (Enterobius eggs), visual inspection.","Anal itching (night), restlessness, mild abdominal pain.","Mebendazole (100 milligrams single dose), hygiene, repeat in 2 weeks. This treatment is prescribed based on the severity of the condition and should be followed as directed by a healthcare professional."
Food Allergy (Entry 2),"Epinephrine (0.3 mg IM), diphenhydramine (25 mg), avoidance.","Allergy skin test, specific IgE, food challenge.","Rash, swelling, difficulty breathing, nausea.","Epinephrine (0.3 milligrams IM), diphenhydramine (25 milligrams), avoidance. This treatment is prescribed based on the severity of the condition and should be followed as directed by a healthcare professional."
Liver Fibrosis,"Treat cause (e.g., antivirals for HBV), ursodiol (300 mg 3x daily).","FibroScan, liver biopsy (staging), AST/ALT ratio.","Fatigue, jaundice, abdominal swelling, easy bruising.","Treat cause (e.g., antivirals for HBV), ursodiol (300 milligrams 3 times a day). This treatment is prescribed based on the severity of the condition and should be followed as directed by a healthcare professional."
Kissing Disease (Mononucleosis),"Rest, acetaminophen (650 mg), avoid sports.","Monospot test, EBV IgM, CBC (lymphocytosis).","Sore throat, swollen glands, fever, fatigue.","Rest, acetaminophen (650 milligrams), avoid sports. This treatment is prescribed based on the severity of the condition and should be followed as directed by a healthcare professional."
Pancreatic Cancer,"Whipple procedure, gemcitabine (1000 mg/m² IV), palliation.","CT abdomen (mass), CA 199, endoscopic biopsy.","Jaundice, abdominal pain, weight loss, nausea.","Whipple procedure, gemcitabine (1000 milligrams/m² intravenous), palliation. This treatment is prescribed based on the severity of the condition and should be followed as directed by a healthcare professional."
Graves’ Disease,"Propylthiouracil (100 mg 3x daily), radioiodine, betablockers.","Low TSH (<0.1 mIU/L), high T3/T4, thyroid scan.","Weight loss, palpitations, heat intolerance, eye bulging.","Propylthiouracil (100 milligrams 3 times a day), radioiodine, betablockers. This treatment is prescribed based on the severity of the condition and should be followed as directed by a healthcare professional."
Hyperammonemia,"Lactulose (30 mL), arginine (IV if urea cycle defect), dialysis.","Serum ammonia (>50 µmol/L), liver function tests.","Confusion, lethargy, vomiting, seizures.","Lactulose (30 mL), arginine (intravenous if urea cycle defect), dialysis. This treatment is prescribed based on the severity of the condition and should be followed as directed by a healthcare professional."
Dermatoheliosis (Photoaging),"Tretinoin (0.05% cream), sunscreen, laser therapy.","Clinical exam, history of sun exposure, biopsy if needed.","Wrinkles, sunspots, leathery skin, dryness.","Tretinoin (0.05% cream), sunscreen, laser therapy. This treatment is prescribed based on the severity of the condition and should be followed as directed by a healthcare professional."
Vitamin D Deficiency (Entry 2),"Ergocalciferol (50,000 IU weekly), calcium (1200 mg daily).","25OH vitamin D (<15 ng/mL), Xray if severe.","Muscle aches, bone tenderness, tiredness, depression.","Ergocalciferol (50,000 IU weekly), calcium (1200 milligrams daily). This treatment is prescribed based on the severity of the condition and should be followed as directed by a healthcare professional."
Bronchiectasis,"Azithromycin (250 mg 3x weekly), airway clearance, antibiotics.","HRCT (bronchial dilation), sputum culture.","Chronic cough, sputum production, dyspnea, infections.","Azithromycin (250 milligrams 3x weekly), airway clearance, antibiotics. This treatment is prescribed based on the severity of the condition and should be followed as directed by a healthcare professional."
Dyspepsia,"Omeprazole (20 mg daily), simethicone (80 mg), diet changes.","Endoscopy (rule out ulcer), H. pylori test.","Upper abdominal discomfort, bloating, nausea, fullness.","Omeprazole (20 milligrams daily), simethicone (80 milligrams), diet changes. This treatment is prescribed based on the severity of the condition and should be followed as directed by a healthcare professional."
Heart Transplant (PostProcedure Context),"Cyclosporine (100 mg twice daily), prednisone (5 mg daily), monitor.","Endomyocardial biopsy, echo, tacrolimus levels.","Fatigue, swelling (if rejection), fever (infection).","Cyclosporine (100 milligrams twice daily), prednisone (5 milligrams daily), monitor. This treatment is prescribed based on the severity of the condition and should be followed as directed by a healthcare professional."
Arm Pain (Entry 1),"Naproxen (500 mg twice daily), treat cause (e.g., rest, PT).","Physical exam, Xray, EMG if nerverelated.","Aching, numbness, weakness, stiffness.","Naproxen (500 milligrams twice daily), treat cause (e.g., rest, PT). This treatment is prescribed based on the severity of the condition and should be followed as directed by a healthcare professional."
Lichen Pilaris (Keratosis Pilaris),"Urea cream (10%), lactic acid lotion (12%), moisturizers.","Clinical exam, rule out eczema, skin inspection.","Rough, bumpy skin, small red/white papules, dryness.","Urea cream (10%), lactic acid lotion (12%), moisturizers. This treatment is prescribed based on the severity of the condition and should be followed as directed by a healthcare professional."
Hyperbilirubinemia,"Phototherapy (neonatal), ursodiol (300 mg 3x daily), treat cause.","Serum bilirubin (>1.2 mg/dL), liver function tests.","Jaundice, dark urine, fatigue, itching.","Phototherapy (neonatal), ursodiol (300 milligrams 3 times a day), treat cause. This treatment is prescribed based on the severity of the condition and should be followed as directed by a healthcare professional."
Lichen Simplex Chronicus,"Clobetasol (0.05% cream), hydroxyzine (25 mg nightly), behavior mod.","Clinical exam, biopsy if needed, rule out psoriasis.","Thickened, itchy skin, scratching marks, scaling.","Clobetasol (0.05% cream), hydroxyzine (25 milligrams nightly), behavior mod. This treatment is prescribed based on the severity of the condition and should be followed as directed by a healthcare professional."
Cholangitis,"Ceftriaxone (1 g IV), metronidazole (500 mg IV), stenting.","ERCP (bile duct obstruction), blood culture, labs (ALP).","Fever, jaundice, right upper quadrant pain, chills.","Ceftriaxone (1 g intravenous), metronidazole (500 milligrams intravenous), stenting. This treatment is prescribed based on the severity of the condition and should be followed as directed by a healthcare professional."
Juvenile Idiopathic Arthritis,"Methotrexate (10 mg/m² weekly), naproxen (10 mg/kg), biologics.","ANA, Xray (joint erosions), clinical criteria.","Joint swelling, stiffness, pain, fever (systemic).","Methotrexate (10 milligrams/m² weekly), naproxen (10 milligrams/kg), biologics. This treatment is prescribed based on the severity of the condition and should be followed as directed by a healthcare professional."
Colon Cancer,"Colectomy, oxaliplatin (85 mg/m² IV), 5FU (400 mg/m² IV).","Colonoscopy with biopsy, CEA, CT staging.","Rectal bleeding, bowel changes, abdominal pain, anemia.","Colectomy, oxaliplatin (85 milligrams/m² intravenous), 5FU (400 milligrams/m² intravenous). This treatment is prescribed based on the severity of the condition and should be followed as directed by a healthcare professional."
Degenerative Disc Disease,"Physical therapy, duloxetine (60 mg daily), epidural steroids.","MRI (disk dehydration), Xray (spondylosis).","Back pain, numbness, radiating leg pain, stiffness.","Physical therapy, duloxetine (60 milligrams daily), epidural steroids. This treatment is prescribed based on the severity of the condition and should be followed as directed by a healthcare professional."
Infectious Endocarditis,"Vancomycin (15 mg/kg IV), gentamicin (1 mg/kg IV), surgery.","Blood culture (e.g., S. aureus), echo (vegetations), Duke criteria.","Fever, heart murmur, fatigue, embolic signs.","Vancomycin (15 milligrams/kg intravenous), gentamicin (1 milligrams/kg intravenous), surgery. This treatment is prescribed based on the severity of the condition and should be followed as directed by a healthcare professional."
Reye’s Syndrome (Entry 2),"IV dextrose, mannitol (0.25 g/kg IV), supportive care.","Elevated AST/ALT, ammonia (>100 µmol/L), CT head.","Persistent vomiting, lethargy, confusion, liver swelling.","intravenous dextrose, mannitol (0.25 g/kg intravenous), supportive care. This treatment is prescribed based on the severity of the condition and should be followed as directed by a healthcare professional."
Thyroid Cancer,"Thyroidectomy, levothyroxine (100 mcg daily), radioactive iodine.","Ultrasound (nodule), FNA biopsy, TSH levels.","Neck lump, hoarseness, swallowing difficulty, fatigue.","Thyroidectomy, levothyroxine (100 micrograms daily), radioactive iodine. This treatment is prescribed based on the severity of the condition and should be followed as directed by a healthcare professional."
Black Eye,"Ice packs, acetaminophen (650 mg), monitor for complications.","Eye exam, CT if trauma severe, rule out fracture.","Periorbital bruising, swelling, pain, vision changes.","Ice packs, acetaminophen (650 milligrams), monitor for complications. This treatment is prescribed based on the severity of the condition and should be followed as directed by a healthcare professional."
Reye’s Syndrome (Entry 3),"IV glucose (10%), mannitol (0.5 g/kg IV), ICU monitoring.","Liver function tests (elevated), ammonia, brain imaging.","Nausea, agitation, seizures, altered consciousness.","intravenous glucose (10%), mannitol (0.5 g/kg intravenous), ICU monitoring. This treatment is prescribed based on the severity of the condition and should be followed as directed by a healthcare professional."
Neck Pain (NonSpecific),"Ibuprofen (400 mg), heat therapy, physical therapy.","Physical exam, Xray/MRI, rule out radiculopathy.","Stiffness, aching, radiating pain, limited motion.","Ibuprofen (400 milligrams), heat therapy, physical therapy. This treatment is prescribed based on the severity of the condition and should be followed as directed by a healthcare professional."
Psoriatic Arthropathy,"Adalimumab (40 mg SC every 2 weeks), methotrexate (15 mg weekly).","Xray (pencilincup), RF negative, skin exam.","Joint pain, swelling, psoriasis plaques, nail pitting.","Adalimumab (40 milligrams SC every 2 weeks), methotrexate (15 milligrams weekly). This treatment is prescribed based on the severity of the condition and should be followed as directed by a healthcare professional."
Brain Cancer,"Surgery, temozolomide (150 mg/m² daily), radiation.","MRI (mass effect), biopsy (e.g., glioblastoma), CSF analysis.","Headache, seizures, cognitive decline, nausea.","Surgery, temozolomide (150 milligrams/m² daily), radiation. This treatment is prescribed based on the severity of the condition and should be followed as directed by a healthcare professional."
Food Allergy (Entry 3),"Epinephrine (0.3 mg IM), loratadine (10 mg), avoidance.","IgE blood test, skin prick, elimination diet.","Itching, swelling, shortness of breath, diarrhea.","Epinephrine (0.3 milligrams IM), loratadine (10 milligrams), avoidance. This treatment is prescribed based on the severity of the condition and should be followed as directed by a healthcare professional."
Schizotypal Personality Disorder,"Lowdose risperidone (1 mg daily), psychotherapy, support.","DSM5 criteria, psychiatric evaluation, rule out psychosis.","Odd beliefs, social withdrawal, paranoia, eccentric behavior.","Lowdose risperidone (1 milligrams daily), psychotherapy, support. This treatment is prescribed based on the severity of the condition and should be followed as directed by a healthcare professional."
Lemierre’s Syndrome,"Metronidazole (500 mg IV every 8 hours), anticoagulation.","CT neck (jugular thrombus), blood culture (Fusobacterium).","Sore throat, neck swelling, fever, septic emboli.","Metronidazole (500 milligrams intravenous every 8 hours), anticoagulation. This treatment is prescribed based on the severity of the condition and should be followed as directed by a healthcare professional."
Bursitis (General),"Rest, naproxen (500 mg twice daily), corticosteroid injection.","Physical exam, ultrasound, aspiration if septic.","Joint pain, swelling, warmth, reduced motion.","Rest, naproxen (500 milligrams twice daily), corticosteroid injection. This treatment is prescribed based on the severity of the condition and should be followed as directed by a healthcare professional."
Hypercalciuria,"Hydrochlorothiazide (25 mg daily), lowsodium diet.","24hour urine calcium (>300 mg), renal ultrasound.","Frequent urination, kidney stones, back pain.","Hydrochlorothiazide (25 milligrams daily), lowsodium diet. This treatment is prescribed based on the severity of the condition and should be followed as directed by a healthcare professional."
Leg Pain (Entry 2),"Diclofenac (50 mg twice daily), treat cause (e.g., PT).","Exam, venous Doppler, nerve conduction if neuropathic.","Throbbing, stiffness, numbness, cramping.","Diclofenac (50 milligrams twice daily), treat cause (e.g., PT). This treatment is prescribed based on the severity of the condition and should be followed as directed by a healthcare professional."
Hyperhomocysteinemia,"Folic acid (5 mg daily), vitamin B6 (50 mg daily), B12.","Serum homocysteine (>15 µmol/L), B12/folate levels.","Fatigue, numbness, vascular issues, asymptomatic often.","Folic acid (5 milligrams daily), vitamin B6 (50 milligrams daily), B12. This treatment is prescribed based on the severity of the condition and should be followed as directed by a healthcare professional."
Angelman Syndrome (Entry 2),"Topiramate (25 mg twice daily), therapy, support.","Genetic test (UBE3A deletion), EEG (theta waves).","Seizures, developmental delay, jerky movements, laughter.","Topiramate (25 milligrams twice daily), therapy, support. This treatment is prescribed based on the severity of the condition and should be followed as directed by a healthcare professional."
Hyperlipidemia,"Atorvastatin (20 mg daily), lifestyle changes, niacin (500 mg).","Lipid panel (LDL >130 mg/dL), family history.","Asymptomatic often, xanthomas, chest pain (if severe).","Atorvastatin (20 milligrams daily), lifestyle changes, niacin (500 milligrams). This treatment is prescribed based on the severity of the condition and should be followed as directed by a healthcare professional."
Malignant Pleural Mesothelioma,"Pemetrexed (500 mg/m² IV), cisplatin (75 mg/m² IV), surgery.","Chest CT (pleural thickening), biopsy (mesothelial cells).","Chest pain, dyspnea, pleural effusion, weight loss.","Pemetrexed (500 milligrams/m² intravenous), cisplatin (75 milligrams/m² intravenous), surgery. This treatment is prescribed based on the severity of the condition and should be followed as directed by a healthcare professional."
Reye’s Syndrome (Entry 4),"IV glucose (10%), mannitol (0.25 g/kg IV), supportive care.","Ammonia (>150 µmol/L), liver enzymes, CT head.","Vomiting, lethargy, agitation, liver failure signs.","intravenous glucose (10%), mannitol (0.25 g/kg intravenous), supportive care. This treatment is prescribed based on the severity of the condition and should be followed as directed by a healthcare professional."
Hypermagnesemia,"IV calcium gluconate (10%), saline diuresis, dialysis.","Serum magnesium (>2.5 mmol/L), ECG (PR prolongation).","Weakness, nausea, confusion, slow heart rate.","intravenous calcium gluconate (10%), saline diuresis, dialysis. This treatment is prescribed based on the severity of the condition and should be followed as directed by a healthcare professional."
Reye’s Syndrome (Entry 5),"IV dextrose, mannitol (0.5 g/kg IV), ICU management.","Elevated liver enzymes, ammonia, brain imaging.","Persistent vomiting, drowsiness, seizures, coma risk.","intravenous dextrose, mannitol (0.5 g/kg intravenous), ICU management. This treatment is prescribed based on the severity of the condition and should be followed as directed by a healthcare professional."
Endometritis,"Doxycycline (100 mg twice daily), metronidazole (500 mg twice daily).","Endometrial culture, ultrasound, clinical exam.","Pelvic pain, fever, abnormal discharge, uterine tenderness.","Doxycycline (100 milligrams twice daily), metronidazole (500 milligrams twice daily). This treatment is prescribed based on the severity of the condition and should be followed as directed by a healthcare professional."
Knee Pain (NonSpecific),"Ibuprofen (400 mg), physical therapy, treat cause.","Physical exam, Xray/MRI, rule out arthritis.","Aching, swelling, stiffness, reduced mobility.","Ibuprofen (400 milligrams), physical therapy, treat cause. This treatment is prescribed based on the severity of the condition and should be followed as directed by a healthcare professional."
Vitamin D Deficiency (Entry 3),"Vitamin D3 (50,000 IU weekly), calcium (1000 mg daily).","25OH vitamin D (<10 ng/mL), DEXA if severe.","Bone fragility, muscle soreness, tiredness, low mood.","Vitamin D3 (50,000 IU weekly), calcium (1000 milligrams daily). This treatment is prescribed based on the severity of the condition and should be followed as directed by a healthcare professional."
Skin Rash (NonSpecific),"Hydrocortisone (1% cream), antihistamines, treat cause.","Dermatology exam, biopsy if persistent, allergy tests.","Redness, itching, scaling, bumps.","Hydrocortisone (1% cream), antihistamines, treat cause. This treatment is prescribed based on the severity of the condition and should be followed as directed by a healthcare professional."
Flank Pain (NonSpecific),"Ibuprofen (400 mg), treat cause (e.g., hydration, antibiotics).","Ultrasound/CT (rule out stones), urinalysis.","Side pain, tenderness, nausea, radiating discomfort.","Ibuprofen (400 milligrams), treat cause (e.g., hydration, antibiotics). This treatment is prescribed based on the severity of the condition and should be followed as directed by a healthcare professional."
Alzheimer Disease,"Donepezil (10 mg daily), memantine (10 mg twice daily), support.","MMSE, MRI (atrophy), PET (amyloid plaques).","Memory loss, confusion, language issues, disorientation.","Donepezil (10 milligrams daily), memantine (10 milligrams twice daily), support. This treatment is prescribed based on the severity of the condition and should be followed as directed by a healthcare professional."
Kidney Cancer,"Nephrectomy, sunitinib (50 mg daily), immunotherapy.","CT (renal mass), biopsy, staging PET.","Hematuria, flank pain, weight loss, palpable mass.","Nephrectomy, sunitinib (50 milligrams daily), immunotherapy. This treatment is prescribed based on the severity of the condition and should be followed as directed by a healthcare professional."
Hyperprolactinemia,"Cabergoline (0.5 mg twice weekly), treat tumor if present.","Serum prolactin (>25 ng/mL), pituitary MRI.","Galactorrhea, infertility, irregular periods, headache.","Cabergoline (0.5 milligrams twice weekly), treat tumor if present. This treatment is prescribed based on the severity of the condition and should be followed as directed by a healthcare professional."
Arm Pain (Entry 2),"Naproxen (500 mg twice daily), treat cause (e.g., rest).","Exam, Xray, EMG if nerve suspected.","Throbbing, weakness, tingling, stiffness.","Naproxen (500 milligrams twice daily), treat cause (e.g., rest). This treatment is prescribed based on the severity of the condition and should be followed as directed by a healthcare professional."
Alcohol Use Disorder (Entry 1),"Naltrexone (50 mg daily), acamprosate (666 mg 3x daily), therapy.","DSM5 criteria, AUDIT score, liver tests.","Craving, tolerance, withdrawal, loss of control.","Naltrexone (50 milligrams daily), acamprosate (666 milligrams 3 times a day), therapy. This treatment is prescribed based on the severity of the condition and should be followed as directed by a healthcare professional."
Tachycardia,"Metoprolol (25 mg daily), adenosine (6 mg IV if SVT).","ECG (HR >100 bpm), Holter monitor, EP study.","Rapid pulse, palpitations, dizziness, chest discomfort.","Metoprolol (25 milligrams daily), adenosine (6 milligrams intravenous if SVT). This treatment is prescribed based on the severity of the condition and should be followed as directed by a healthcare professional."
Gingivostomatitis,"Acyclovir (400 mg 3x daily), lidocaine gel (2%), hydration.","Oral exam, viral swab (e.g., HSV), clinical history.","Painful mouth sores, gum swelling, fever, bad breath.","Acyclovir (400 milligrams 3 times a day), lidocaine gel (2%), hydration. This treatment is prescribed based on the severity of the condition and should be followed as directed by a healthcare professional."
Anxiety Disorder,"Escitalopram (10 mg daily), lorazepam (0.5 mg PRN), CBT.","DSM5 criteria, GAD7 scale, rule out medical causes.","Restlessness, worry, sweating, rapid heartbeat.","Escitalopram (10 milligrams daily), lorazepam (0.5 milligrams PRN), CBT. This treatment is prescribed based on the severity of the condition and should be followed as directed by a healthcare professional."
Postnatal Depression,"Sertraline (50 mg daily), psychotherapy, support groups.","Edinburgh Postnatal Depression Scale, clinical eval.","Sadness, fatigue, irritability, bonding difficulty.","Sertraline (50 milligrams daily), psychotherapy, support groups. This treatment is prescribed based on the severity of the condition and should be followed as directed by a healthcare professional."
Nasal Allergies,"Cetirizine (10 mg daily), fluticasone (50 mcg nasal), avoidance.","Allergy skin test, IgE levels, nasal exam.","Sneezing, runny nose, itchy eyes, congestion.","Cetirizine (10 milligrams daily), fluticasone (50 micrograms nasal), avoidance. This treatment is prescribed based on the severity of the condition and should be followed as directed by a healthcare professional."
Endometrial Cancer (Entry 2),"Hysterectomy, radiotherapy, levonorgestrel IUD (early).","Hysteroscopy, biopsy, ultrasound (endometrial thickness).","Abnormal bleeding, pelvic discomfort, weight loss.","Hysterectomy, radiotherapy, levonorgestrel IUD (early). This treatment is prescribed based on the severity of the condition and should be followed as directed by a healthcare professional."
Vitamin A Deficiency,"Vitamin A (200,000 IU single dose), dietary improvement.","Serum retinol (<20 µg/dL), eye exam (xerophthalmia).","Night blindness, dry eyes, skin scaling, infections.","Vitamin A (200,000 IU single dose), dietary improvement. This treatment is prescribed based on the severity of the condition and should be followed as directed by a healthcare professional."
Juvenile EnthesitisRelated Arthritis,"Etanercept (0.8 mg/kg weekly SC), ibuprofen (10 mg/kg).","HLAB27, Xray (enthesitis), clinical criteria.","Joint pain, enthesis tenderness, stiffness, uveitis.","Etanercept (0.8 milligrams/kg weekly SC), ibuprofen (10 milligrams/kg). This treatment is prescribed based on the severity of the condition and should be followed as directed by a healthcare professional."
Pink Eye (Conjunctivitis),"Erythromycin ointment (0.5%), antihistamine drops, hygiene.","Eye exam, swab culture (viral/bacterial), history.","Red eyes, discharge, itching, tearing.","Erythromycin ointment (0.5%), antihistamine drops, hygiene. This treatment is prescribed based on the severity of the condition and should be followed as directed by a healthcare professional."
Heart Disease (NonSpecific),"Atorvastatin (40 mg daily), aspirin (81 mg), treat cause.","ECG, echocardiogram, stress test, troponin.","Chest pain, dyspnea, fatigue, palpitations.","Atorvastatin (40 milligrams daily), aspirin (81 milligrams), treat cause. This treatment is prescribed based on the severity of the condition and should be followed as directed by a healthcare professional."
"Aspergillosis, Aspergilloma","Voriconazole (200 mg twice daily), surgery if severe.","Chest CT (fungus ball), sputum culture (Aspergillus).","Cough, hemoptysis, chest pain, fatigue.","Voriconazole (200 milligrams twice daily), surgery if severe. This treatment is prescribed based on the severity of the condition and should be followed as directed by a healthcare professional."
Dengue Fever,"Acetaminophen (500 mg), fluids, avoid NSAIDs.","Dengue NS1 antigen, IgM serology, CBC (low platelets).","High fever, rash, joint pain, headache.","Acetaminophen (500 milligrams), fluids, avoid NSAIDs. This treatment is prescribed based on the severity of the condition and should be followed as directed by a healthcare professional."
Hypovolemia,"IV saline (0.9%, 1 L bolus), treat cause (e.g., bleeding).","Clinical exam (tachycardia), labs (elevated BUN), history.","Dizziness, rapid pulse, dry mouth, low BP.","intravenous saline (0.9%, 1 L bolus), treat cause (e.g., bleeding). This treatment is prescribed based on the severity of the condition and should be followed as directed by a healthcare professional."
Raynaud’s Disease,"Nifedipine (30 mg daily), warm clothing, avoid triggers.","Clinical exam, nailfold capillaroscopy, rule out secondary.","Cold fingers, color changes (white/blue), numbness.","Nifedipine (30 milligrams daily), warm clothing, avoid triggers. This treatment is prescribed based on the severity of the condition and should be followed as directed by a healthcare professional."
Fungal Meningitis,"Amphotericin B (0.7 mg/kg IV), fluconazole (400 mg daily).","CSF culture (e.g., Cryptococcus), antigen test, MRI.","Headache, fever, neck stiffness, photophobia.","Amphotericin B (0.7 milligrams/kg intravenous), fluconazole (400 milligrams daily). This treatment is prescribed based on the severity of the condition and should be followed as directed by a healthcare professional."
ChurgStrauss Syndrome (EGPA),"Prednisone (1 mg/kg daily), cyclophosphamide (2 mg/kg daily).","Eosinophilia (>10%), ANCA, biopsy (vasculitis).","Asthma, sinusitis, rash, neuropathy.","Prednisone (1 milligrams/kg daily), cyclophosphamide (2 milligrams/kg daily). This treatment is prescribed based on the severity of the condition and should be followed as directed by a healthcare professional."
Lichen Sclerosus,"Clobetasol (0.05% cream), tacrolimus (0.1%), hygiene.","Clinical exam, biopsy (atrophic epidermis).","White patches, itching, skin thinning, pain.","Clobetasol (0.05% cream), tacrolimus (0.1%), hygiene. This treatment is prescribed based on the severity of the condition and should be followed as directed by a healthcare professional."
Ledderhose Disease,"Orthotics, steroid injection, surgery if severe.","Physical exam, ultrasound, rule out malignancy.","Foot nodules, pain, difficulty walking, plantar fibrosis.","Orthotics, steroid injection, surgery if severe. This treatment is prescribed based on the severity of the condition and should be followed as directed by a healthcare professional."
Pressure Sores,"Wound dressings, offloading, antibiotics (e.g., clindamycin 300 mg).","Clinical staging (IIV), wound culture if infected.","Skin redness, ulcers, pain, infection risk.","Wound dressings, offloading, antibiotics (e.g., clindamycin 300 milligrams). This treatment is prescribed based on the severity of the condition and should be followed as directed by a healthcare professional."
Reye’s Syndrome (Entry 6),"IV glucose, mannitol (0.25 g/kg IV), supportive care.","Ammonia (>100 µmol/L), liver tests, brain CT.","Vomiting, lethargy, confusion, liver swelling.","intravenous glucose, mannitol (0.25 g/kg intravenous), supportive care. This treatment is prescribed based on the severity of the condition and should be followed as directed by a healthcare professional."
Coronavirus Disease 2019 (COVID19),"Dexamethasone (6 mg daily), remdesivir (200 mg IV day 1), oxygen.","RTPCR (SARSCoV2), chest CT (groundglass).","Fever, cough, fatigue, anosmia.","Dexamethasone (6 milligrams daily), remdesivir (200 milligrams intravenous day 1), oxygen. This treatment is prescribed based on the severity of the condition and should be followed as directed by a healthcare professional."
Esophageal Cancer,"Esophagectomy, 5FU (500 mg/m² IV), radiation.","Endoscopy with biopsy, CT staging, barium swallow.","Dysphagia, chest pain, weight loss, hoarseness.","Esophagectomy, 5FU (500 milligrams/m² intravenous), radiation. This treatment is prescribed based on the severity of the condition and should be followed as directed by a healthcare professional."
Alcohol Use Disorder (Entry 2),"Disulfiram (250 mg daily), therapy, support groups.","DSM5, AUDIT, liver function tests.","Craving, withdrawal, tolerance, social impairment.","Disulfiram (250 milligrams daily), therapy, support groups. This treatment is prescribed based on the severity of the condition and should be followed as directed by a healthcare professional."
"Raynaud Disease (Duplicate, Variation)","Amlodipine (5 mg daily), warm gloves, avoid cold.","Clinical history, capillaroscopy, rule out SLE.","Cold hands, color changes (white/red), tingling.","Amlodipine (5 milligrams daily), warm gloves, avoid cold. This treatment is prescribed based on the severity of the condition and should be followed as directed by a healthcare professional."
DubinJohnson Syndrome,"Supportive care, no specific treatment, monitor liver.","Liver biopsy (black pigment), urinary coproporphyrin I.","Jaundice, dark urine, fatigue, asymptomatic often.","Supportive care, no specific treatment, monitor liver. This treatment is prescribed based on the severity of the condition and should be followed as directed by a healthcare professional."
Low Blood Pressure (Hypotension),"Fluids, midodrine (5 mg 3x daily), compression stockings.","BP (<90/60 mmHg), orthostatic test, labs.","Dizziness, fainting, fatigue, blurred vision.","Fluids, midodrine (5 milligrams 3 times a day), compression stockings. This treatment is prescribed based on the severity of the condition and should be followed as directed by a healthcare professional."
Yellow Fever,"Supportive care, acetaminophen (500 mg), fluids.","RTPCR (yellow fever virus), IgM serology.","Fever, jaundice, bleeding, muscle pain.","Supportive care, acetaminophen (500 milligrams), fluids. This treatment is prescribed based on the severity of the condition and should be followed as directed by a healthcare professional."
Systemic Mast Cell Disease,"Cromolyn (200 mg 4x daily), epinephrine PRN, antihistamines.","Serum tryptase (>20 ng/mL), bone marrow biopsy.","Flushing, itching, anaphylaxis, GI distress.","Cromolyn (200 milligrams 4 times a day), epinephrine PRN, antihistamines. This treatment is prescribed based on the severity of the condition and should be followed as directed by a healthcare professional."
Addison’s Disease,"Hydrocortisone (20 mg AM, 10 mg PM), fludrocortisone (0.1 mg).","ACTH stimulation test, cortisol (<3 µg/dL), adrenal CT.","Fatigue, skin darkening, low BP, salt craving.","Hydrocortisone (20 milligrams AM, 10 milligrams PM), fludrocortisone (0.1 milligrams). This treatment is prescribed based on the severity of the condition and should be followed as directed by a healthcare professional."
Cryosurgery for Prostate Cancer (PostProcedure Context),"Cryoablation, leuprolide (7.5 mg IM monthly), monitor PSA.","PSA levels, prostate MRI, biopsy precryo.","Urinary issues, pelvic pain (posttreatment).","Cryoablation, leuprolide (7.5 milligrams IM monthly), monitor PSA. This treatment is prescribed based on the severity of the condition and should be followed as directed by a healthcare professional."
Type 2 Diabetes,"Metformin (500 mg twice daily), lifestyle changes, insulin.","HbA1c (>6.5%), fasting glucose (>126 mg/dL).","Thirst, polyuria, fatigue, slow healing.","Metformin (500 milligrams twice daily), lifestyle changes, insulin. This treatment is prescribed based on the severity of the condition and should be followed as directed by a healthcare professional."
Kidney Infection,"Ciprofloxacin (500 mg twice daily), IV fluids, pain relief.","Urinalysis (pyuria), urine culture, renal ultrasound.","Fever, flank pain, dysuria, nausea.","Ciprofloxacin (500 milligrams twice daily), intravenous fluids, pain relief. This treatment is prescribed based on the severity of the condition and should be followed as directed by a healthcare professional."
Neck and Shoulder Pain (NonSpecific),"Ibuprofen (400 mg), heat therapy, physical therapy.","Physical exam, Xray/MRI, rule out radiculopathy.","Stiffness, aching, radiating pain, limited motion.","Ibuprofen (400 milligrams), heat therapy, physical therapy. This treatment is prescribed based on the severity of the condition and should be followed as directed by a healthcare professional."
Vitamin B1 Deficiency (Beriberi),"Thiamine (100 mg IV daily), dietary improvement, Bcomplex.","Thiamine levels (<70 nmol/L), clinical exam.","Weakness, neuropathy, edema, confusion.","Thiamine (100 milligrams intravenous daily), dietary improvement, Bcomplex. This treatment is prescribed based on the severity of the condition and should be followed as directed by a healthcare professional."
Lymphoplasmacytic Lymphoma,"Rituximab (375 mg/m² IV), ibrutinib (420 mg daily).","Biopsy (lymphoplasmacytic cells), IgM elevation.","Fatigue, lymph node swelling, anemia, night sweats.","Rituximab (375 milligrams/m² intravenous), ibrutinib (420 milligrams daily). This treatment is prescribed based on the severity of the condition and should be followed as directed by a healthcare professional."
Dermatomyositis,"Prednisone (1 mg/kg daily), methotrexate (15 mg weekly).","Muscle biopsy (inflammation), CK levels, antiJo1.","Rash, muscle weakness, joint pain, fatigue.","Prednisone (1 milligrams/kg daily), methotrexate (15 milligrams weekly). This treatment is prescribed based on the severity of the condition and should be followed as directed by a healthcare professional."
Pulmonary Hypertension,"Sildenafil (20 mg 3x daily), bosentan (125 mg twice daily), oxygen.","Right heart cath (mPAP >20 mmHg), echo.","Dyspnea, fatigue, chest pain, leg swelling.","Sildenafil (20 milligrams 3 times a day), bosentan (125 milligrams twice daily), oxygen. This treatment is prescribed based on the severity of the condition and should be followed as directed by a healthcare professional."
Herpes Zoster Meningitis (Entry 2),"Acyclovir (10 mg/kg IV every 8 hours), gabapentin (300 mg).","CSF PCR (VZV), clinical exam (zoster history).","Headache, rash, fever, photophobia.","Acyclovir (10 milligrams/kg intravenous every 8 hours), gabapentin (300 milligrams). This treatment is prescribed based on the severity of the condition and should be followed as directed by a healthcare professional."
Fungal Meningitis (Entry 2),"Amphotericin B (0.7 mg/kg IV), flucytosine (25 mg/kg 4x daily).","CSF culture (e.g., Cryptococcus), antigen test.","Fever, headache, neck stiffness, confusion.","Amphotericin B (0.7 milligrams/kg intravenous), flucytosine (25 milligrams/kg 4 times a day). This treatment is prescribed based on the severity of the condition and should be followed as directed by a healthcare professional."
LeschNyhan Syndrome,"Allopurinol (300 mg daily), supportive care, no cure.","HPRT enzyme deficiency, genetic test (HPRT1), uric acid.","Selfmutilation, gout, neurological deficits, spasticity.","Allopurinol (300 milligrams daily), supportive care, no cure. This treatment is prescribed based on the severity of the condition and should be followed as directed by a healthcare professional."
Finger Dislocation,"Reduction, splinting, ibuprofen (400 mg), followup.","Xray (joint displacement), physical exam.","Pain, swelling, deformity, limited motion.","Reduction, splinting, ibuprofen (400 milligrams), followup. This treatment is prescribed based on the severity of the condition and should be followed as directed by a healthcare professional."
Fibrocystic Breast Changes,"Ibuprofen (400 mg), vitamin E (400 IU daily), supportive bra.","Clinical breast exam, ultrasound, biopsy if atypical.","Breast lumps, tenderness, pain before periods.","Ibuprofen (400 milligrams), vitamin E (400 IU daily), supportive bra. This treatment is prescribed based on the severity of the condition and should be followed as directed by a healthcare professional."
Influenza (Flu),"Oseltamivir (75 mg twice daily), acetaminophen (650 mg), rest.","Rapid flu test, RTPCR, clinical symptoms.","Fever, muscle aches, cough, fatigue.","Oseltamivir (75 milligrams twice daily), acetaminophen (650 milligrams), rest. This treatment is prescribed based on the severity of the condition and should be followed as directed by a healthcare professional."
Brain Metastasis,"Dexamethasone (4 mg 4x daily), radiation, surgery if solitary.","Brain MRI (multiple lesions), biopsy, primary cancer history.","Headache, seizures, confusion, motor deficits.","Dexamethasone (4 milligrams 4 times a day), radiation, surgery if solitary. This treatment is prescribed based on the severity of the condition and should be followed as directed by a healthcare professional."
Crohn Disease,"Mesalamine (2.4 g daily), infliximab (5 mg/kg IV), diet mods.","Colonoscopy (skip lesions), biopsy, CT enterography.","Diarrhea, abdominal pain, weight loss, fatigue.","Mesalamine (2.4 g daily), infliximab (5 milligrams/kg intravenous), diet mods. This treatment is prescribed based on the severity of the condition and should be followed as directed by a healthcare professional."
Gum Disease (Periodontitis),"Scaling/root planing, doxycycline (100 mg daily), oral hygiene.","Periodontal probing, Xrays (bone loss).","Bleeding gums, bad breath, tooth mobility, swelling.","Scaling/root planing, doxycycline (100 milligrams daily), oral hygiene. This treatment is prescribed based on the severity of the condition and should be followed as directed by a healthcare professional."
Bartter Syndrome,"Potassium chloride (40 mEq daily), indomethacin (50 mg daily).","Hypokalemia, metabolic alkalosis, renal ultrasound.","Fatigue, muscle cramps, polyuria, growth delay.","Potassium chloride (40 mEq daily), indomethacin (50 milligrams daily). This treatment is prescribed based on the severity of the condition and should be followed as directed by a healthcare professional."
Lichen Planopilaris,"Clobetasol (0.05% solution), hydroxychloroquine (200 mg daily).","Scalp biopsy (follicular inflammation), trichoscopy.","Scalp itching, hair loss, scarring, redness.","Clobetasol (0.05% solution), hydroxychloroquine (200 milligrams daily). This treatment is prescribed based on the severity of the condition and should be followed as directed by a healthcare professional."
Yeast Infection (Vaginal Candidiasis),"Fluconazole (150 mg single dose), clotrimazole (1% cream).","Wet mount (Candida), vaginal pH (<4.5).","Itching, thick white discharge, burning, redness.","Fluconazole (150 milligrams single dose), clotrimazole (1% cream). This treatment is prescribed based on the severity of the condition and should be followed as directed by a healthcare professional."
Herpes Zoster Meningitis (Entry 2),"Acyclovir (10 mg/kg IV every 8 hours), gabapentin (300 mg).","CSF analysis (VZV PCR), clinical zoster history.","Fever, rash, severe headache, photophobia.","Acyclovir (10 milligrams/kg intravenous every 8 hours), gabapentin (300 milligrams). This treatment is prescribed based on the severity of the condition and should be followed as directed by a healthcare professional."
Lichen Planus Follicularis (Variation of Lichen Planopilaris),"Topical tacrolimus (0.1%), minoxidil (5% topical), steroids.","Biopsy (lichenoid infiltrate), clinical exam.","Follicular papules, hair loss, scalp tenderness.","Topical tacrolimus (0.1%), minoxidil (5% topical), steroids. This treatment is prescribed based on the severity of the condition and should be followed as directed by a healthcare professional."
Type 1 Diabetes,"Insulin glargine (0.2 units/kg daily), carb counting, monitoring.","Fasting glucose (>126 mg/dL), HbA1c (>6.5%), autoantibodies.","Thirst, polyuria, weight loss, fatigue.","Insulin glargine (0.2 units/kg daily), carb counting, monitoring. This treatment is prescribed based on the severity of the condition and should be followed as directed by a healthcare professional."
Joint Pain (NonSpecific),"Ibuprofen (400 mg), physical therapy, treat underlying cause.","Physical exam, Xray/MRI, rule out arthritis.","Stiffness, swelling, aching, reduced motion.","Ibuprofen (400 milligrams), physical therapy, treat underlying cause. This treatment is prescribed based on the severity of the condition and should be followed as directed by a healthcare professional."
Huntington’s Disease (Entry 1),"Tetrabenazine (25 mg 3x daily), supportive care, no cure.","Genetic test (CAG >36), MRI, neuro exam.","Chorea, cognitive decline, mood swings, rigidity.","Tetrabenazine (25 milligrams 3 times a day), supportive care, no cure. This treatment is prescribed based on the severity of the condition and should be followed as directed by a healthcare professional."
Atrial Fibrillation,"Apixaban (5 mg twice daily), metoprolol (25 mg daily), ablation.","ECG (absent P waves), Holter monitor, echo.","Palpitations, fatigue, dizziness, irregular pulse.","Apixaban (5 milligrams twice daily), metoprolol (25 milligrams daily), ablation. This treatment is prescribed based on the severity of the condition and should be followed as directed by a healthcare professional."
Pneumococcal Meningitis,"Ceftriaxone (2 g IV every 12 hours), vancomycin (15 mg/kg IV).","CSF culture (S. pneumoniae), blood culture, CT head.","Fever, stiff neck, headache, confusion.","Ceftriaxone (2 g intravenous every 12 hours), vancomycin (15 milligrams/kg intravenous). This treatment is prescribed based on the severity of the condition and should be followed as directed by a healthcare professional."
Sickle Cell Disease,"Hydroxyurea (15 mg/kg daily), pain relief (morphine), transfusion.","Hemoglobin electrophoresis (HbS), CBC.","Pain crises, fatigue, jaundice, infections.","Hydroxyurea (15 milligrams/kg daily), pain relief (morphine), transfusion. This treatment is prescribed based on the severity of the condition and should be followed as directed by a healthcare professional."
Alzheimer’s Disease,"Donepezil (10 mg daily), memantine (10 mg twice daily), support.","MMSE, MRI (atrophy), PET (amyloid plaques).","Memory loss, confusion, language issues, disorientation.","Donepezil (10 milligrams daily), memantine (10 milligrams twice daily), support. This treatment is prescribed based on the severity of the condition and should be followed as directed by a healthcare professional."
Herpes Zoster Peripheral Neuropathy,"Pregabalin (150 mg twice daily), lidocaine patch (5%).","History of zoster, clinical exam, nerve conduction.","Burning pain, tingling, sensitivity (postshingles).","Pregabalin (150 milligrams twice daily), lidocaine patch (5%). This treatment is prescribed based on the severity of the condition and should be followed as directed by a healthcare professional."
Uterine Adenocarcinoma,"Hysterectomy, cisplatin (40 mg/m² IV), radiation.","Endometrial biopsy, ultrasound, CT staging.","Abnormal bleeding, pelvic pain, weight loss.","Hysterectomy, cisplatin (40 milligrams/m² intravenous), radiation. This treatment is prescribed based on the severity of the condition and should be followed as directed by a healthcare professional."
Polymyositis/Dermatomyositis,"Prednisone (1 mg/kg daily), methotrexate (15 mg weekly).","CK elevation, muscle biopsy, antiJo1 antibodies.","Muscle weakness, rash, joint pain, fatigue.","Prednisone (1 milligrams/kg daily), methotrexate (15 milligrams weekly). This treatment is prescribed based on the severity of the condition and should be followed as directed by a healthcare professional."
Munchausen Syndrome,"Psychotherapy, no specific drugs, monitor behavior.","Psychiatric eval, rule out genuine illness, history.","Fabricated symptoms, frequent medical visits, selfharm.","Psychotherapy, no specific drugs, monitor behavior. This treatment is prescribed based on the severity of the condition and should be followed as directed by a healthcare professional."
Meniere’s Disease,"Betahistine (16 mg 3x daily), diuretics, lowsalt diet.","Audiometry, MRI (rule out tumor), clinical criteria.","Vertigo, tinnitus, hearing loss, ear fullness.","Betahistine (16 milligrams 3 times a day), diuretics, lowsalt diet. This treatment is prescribed based on the severity of the condition and should be followed as directed by a healthcare professional."
Cervical Intraepithelial Neoplasia,"LEEP, cryotherapy, monitor if lowgrade.","Pap smear (CIN 13), colposcopy, HPV test.","Often asymptomatic, abnormal bleeding if advanced.","LEEP, cryotherapy, monitor if lowgrade. This treatment is prescribed based on the severity of the condition and should be followed as directed by a healthcare professional."
Infectious Gastroenteritis,"Hydration, loperamide (2 mg PRN), antibiotics if bacterial.","Stool culture (e.g., Salmonella), clinical symptoms.","Diarrhea, vomiting, abdominal cramps, fever.","Hydration, loperamide (2 milligrams PRN), antibiotics if bacterial. This treatment is prescribed based on the severity of the condition and should be followed as directed by a healthcare professional."
Sarcoma,"Surgery, doxorubicin (60 mg/m² IV), radiation.","MRI (soft tissue mass), biopsy, PET staging.","Painful mass, swelling, limited mobility, fatigue.","Surgery, doxorubicin (60 milligrams/m² intravenous), radiation. This treatment is prescribed based on the severity of the condition and should be followed as directed by a healthcare professional."
Peyronie’s Disease,"Collagenase (0.58 mg injection), tadalafil (5 mg daily), surgery.","Physical exam, ultrasound (plaque).","Penile curvature, pain during erection, plaque.","Collagenase (0.58 milligrams injection), tadalafil (5 milligrams daily), surgery. This treatment is prescribed based on the severity of the condition and should be followed as directed by a healthcare professional."
Peritoneal Cancer,"Cytoreductive surgery, cisplatin (75 mg/m² IV), chemotherapy.","CT abdomen (ascites), biopsy, CA125 levels.","Abdominal swelling, pain, nausea, weight loss.","Cytoreductive surgery, cisplatin (75 milligrams/m² intravenous), chemotherapy. This treatment is prescribed based on the severity of the condition and should be followed as directed by a healthcare professional."
PraderWilli Syndrome,"Growth hormone (0.24 mg/kg weekly), strict diet, support.","Methylation test (15q11q13), clinical features.","Obesity, hypotonia, intellectual delay, hunger.","Growth hormone (0.24 milligrams/kg weekly), strict diet, support. This treatment is prescribed based on the severity of the condition and should be followed as directed by a healthcare professional."
Angioedema,"Epinephrine (0.3 mg IM), antihistamines, C1 inhibitor concentrate.","Clinical exam, C1 inhibitor levels (if hereditary).","Sudden swelling (face, throat), itching, dyspnea.","Epinephrine (0.3 milligrams IM), antihistamines, C1 inhibitor concentrate. This treatment is prescribed based on the severity of the condition and should be followed as directed by a healthcare professional."
Mouth Cancer,"Surgery, cisplatin (100 mg/m² IV), radiation therapy.","Biopsy, CT neck, HPV testing.","Oral sores, pain, difficulty swallowing, white patches.","Surgery, cisplatin (100 milligrams/m² intravenous), radiation therapy. This treatment is prescribed based on the severity of the condition and should be followed as directed by a healthcare professional."
Hyperlipoproteinemia,"Atorvastatin (40 mg daily), ezetimibe (10 mg daily), diet.","Lipid panel (e.g., LDL >190 mg/dL), genetic testing.","Asymptomatic often, xanthomas, chest pain (if severe).","Atorvastatin (40 milligrams daily), ezetimibe (10 milligrams daily), diet. This treatment is prescribed based on the severity of the condition and should be followed as directed by a healthcare professional."
Diabetic Kidney Disease,"Lisinopril (10 mg daily), SGLT2 inhibitors (e.g., empagliflozin).","Urine albumin (>30 mg/g), eGFR (<60 mL/min).","Swelling, fatigue, proteinuria, hypertension.","Lisinopril (10 milligrams daily), SGLT2 inhibitors (e.g., empagliflozin). This treatment is prescribed based on the severity of the condition and should be followed as directed by a healthcare professional."
"Infection, Whipworm","Mebendazole (100 mg twice daily for 3 days), iron supplements.","Stool microscopy (Trichuris eggs), eosinophil count.","Diarrhea, abdominal pain, rectal prolapse, anemia.","Mebendazole (100 milligrams twice daily for 3 days), iron supplements. This treatment is prescribed based on the severity of the condition and should be followed as directed by a healthcare professional."
Rift Valley Fever,"Supportive care, ribavirin (experimental), fluids.","RTPCR (RVF virus), serology, travel history.","Fever, headache, muscle pain, bleeding (severe).","Supportive care, ribavirin (experimental), fluids. This treatment is prescribed based on the severity of the condition and should be followed as directed by a healthcare professional."
Burning Thigh Pain (Meralgia Paresthetica),"Gabapentin (300 mg 3x daily), weight loss, loose clothing.","Clinical exam, nerve conduction, rule out lumbar issues.","Thigh burning, numbness, tingling, pain.","Gabapentin (300 milligrams 3 times a day), weight loss, loose clothing. This treatment is prescribed based on the severity of the condition and should be followed as directed by a healthcare professional."
Leg Pain (NonSpecific),"Ibuprofen (400 mg), treat cause (e.g., compression stockings).","Physical exam, Doppler ultrasound, EMG if nerverelated.","Aching, cramping, numbness, swelling.","Ibuprofen (400 milligrams), treat cause (e.g., compression stockings). This treatment is prescribed based on the severity of the condition and should be followed as directed by a healthcare professional."
"Lung Cancer, Small Cell","Etoposide (100 mg/m² IV), cisplatin (80 mg/m² IV), chemotherapy.","Chest CT (central mass), biopsy (small cells), brain MRI.","Cough, dyspnea, weight loss, paraneoplastic symptoms.","Etoposide (100 milligrams/m² intravenous), cisplatin (80 milligrams/m² intravenous), chemotherapy. This treatment is prescribed based on the severity of the condition and should be followed as directed by a healthcare professional."
Sudden Cardiac Arrest,"CPR, defibrillation, epinephrine (1 mg IV every 35 min).","ECG (asystole/VF), clinical event, troponin postresuscitation.","Collapse, no pulse, unresponsiveness, gasping.","CPR, defibrillation, epinephrine (1 milligrams intravenous every 35 min). This treatment is prescribed based on the severity of the condition and should be followed as directed by a healthcare professional."
Chronic Dysphagia,"Dietary modification, omeprazole (20 mg daily), dilation.","Barium swallow, endoscopy, manometry.","Difficulty swallowing, choking, weight loss, pain.","Dietary modification, omeprazole (20 milligrams daily), dilation. This treatment is prescribed based on the severity of the condition and should be followed as directed by a healthcare professional."
Hypertensive Encephalopathy,"Nicardipine (5 mg/hr IV), labetalol (20 mg IV), BP control.","BP (>180/120 mmHg), brain MRI (edema), fundoscopy.","Headache, confusion, seizures, vision loss.","Nicardipine (5 milligrams/hr intravenous), labetalol (20 milligrams intravenous), BP control. This treatment is prescribed based on the severity of the condition and should be followed as directed by a healthcare professional."
Thumb Arthritis,"Splinting, naproxen (500 mg twice daily), steroid injection.","Xray (joint space loss), physical exam.","Thumb pain, stiffness, swelling, weak grip.","Splinting, naproxen (500 milligrams twice daily), steroid injection. This treatment is prescribed based on the severity of the condition and should be followed as directed by a healthcare professional."
MalloryWeiss Syndrome,"Pantoprazole (40 mg IV), endoscopic hemostasis, fluids.","Endoscopy (mucosal tear), hemoglobin drop.","Hematemesis, epigastric pain, retching history.","Pantoprazole (40 milligrams intravenous), endoscopic hemostasis, fluids. This treatment is prescribed based on the severity of the condition and should be followed as directed by a healthcare professional."
Herpes Simplex Dendritic Keratitis,"Acyclovir (400 mg 5x daily), trifluridine drops (1%).","Fluorescein stain (dendritic pattern), slitlamp exam.","Eye pain, redness, tearing, branching ulcer.","Acyclovir (400 milligrams 5 times a day), trifluridine drops (1%). This treatment is prescribed based on the severity of the condition and should be followed as directed by a healthcare professional."
"Heart Transplant (Entry 1, PostProcedure Context)","Tacrolimus (0.1 mg/kg daily), prednisone (5 mg daily), monitor.","Biopsy (rejection grade), echo, immunosuppression levels.","Fatigue, swelling (if rejection), fever (infection).","Tacrolimus (0.1 milligrams/kg daily), prednisone (5 milligrams daily), monitor. This treatment is prescribed based on the severity of the condition and should be followed as directed by a healthcare professional."
Soft Tissue Sarcoma,"Surgery, ifosfamide (9 g/m² IV), radiotherapy.","MRI (soft tissue mass), biopsy, PET staging.","Painless lump, swelling, pain if large, fatigue.","Surgery, ifosfamide (9 g/m² intravenous), radiotherapy. This treatment is prescribed based on the severity of the condition and should be followed as directed by a healthcare professional."
Arm Pain (NonSpecific),"Naproxen (500 mg twice daily), treat cause (e.g., rest, PT).","Physical exam, Xray, EMG if nerverelated.","Aching, numbness, weakness, stiffness.","Naproxen (500 milligrams twice daily), treat cause (e.g., rest, PT). This treatment is prescribed based on the severity of the condition and should be followed as directed by a healthcare professional."
"Infection, Chlamydia (Entry 1)","Azithromycin (1 g single dose), doxycycline (100 mg twice daily).","Urine NAAT (Chlamydia trachomatis), swab test.","Discharge, burning urination, pelvic pain, asymptomatic often.","Azithromycin (1 g single dose), doxycycline (100 milligrams twice daily). This treatment is prescribed based on the severity of the condition and should be followed as directed by a healthcare professional."
Psychiatric Disorders (General),"Varies (e.g., sertraline 50 mg daily), psychotherapy, support.","DSM5 criteria, psychiatric eval, rule out organic causes.","Mood swings, anxiety, hallucinations, behavior changes.","Varies (e.g., sertraline 50 milligrams daily), psychotherapy, support. This treatment is prescribed based on the severity of the condition and should be followed as directed by a healthcare professional."
Neurocysticercosis,"Albendazole (15 mg/kg daily), prednisone (40 mg daily), antiseizure meds.","Brain MRI (cysts), serology (Taenia solium).","Seizures, headache, focal deficits, vision changes.","Albendazole (15 milligrams/kg daily), prednisone (40 milligrams daily), antiseizure meds. This treatment is prescribed based on the severity of the condition and should be followed as directed by a healthcare professional."
Huntington’s Disease (Entry 2),"Deutetrabenazine (12 mg twice daily), supportive care, no cure.","Genetic test (CAG repeats), MRI, clinical exam.","Involuntary movements, memory loss, mood instability.","Deutetrabenazine (12 milligrams twice daily), supportive care, no cure. This treatment is prescribed based on the severity of the condition and should be followed as directed by a healthcare professional."
Bone Cancer,"Surgery, methotrexate (12 g/m² IV), chemotherapy.","Xray (lytic lesions), biopsy (e.g., osteosarcoma), bone scan.","Bone pain, swelling, fractures, fatigue.","Surgery, methotrexate (12 g/m² intravenous), chemotherapy. This treatment is prescribed based on the severity of the condition and should be followed as directed by a healthcare professional."
Malignant Glioma,"Surgery, temozolomide (150 mg/m² daily), radiation.","Brain MRI (ringenhancing), biopsy (glial cells).","Headache, seizures, cognitive decline, motor deficits.","Surgery, temozolomide (150 milligrams/m² daily), radiation. This treatment is prescribed based on the severity of the condition and should be followed as directed by a healthcare professional."
"Heart Transplant (Entry 2, PostProcedure Context)","Cyclosporine (100 mg twice daily), mycophenolate (1 g twice daily).","Endomyocardial biopsy, echo, cyclosporine levels.","Fever (infection), fatigue, swelling (rejection).","Cyclosporine (100 milligrams twice daily), mycophenolate (1 g twice daily). This treatment is prescribed based on the severity of the condition and should be followed as directed by a healthcare professional."
Chemical Pneumonitis,"Oxygen, prednisone (40 mg daily), remove exposure.","Chest Xray (infiltrates), history of chemical inhalation.","Cough, dyspnea, chest pain, fever (postexposure).","Oxygen, prednisone (40 milligrams daily), remove exposure. This treatment is prescribed based on the severity of the condition and should be followed as directed by a healthcare professional."
Dysarthria,"Speech therapy, treat cause (e.g., baclofen for spasticity).","Neurological exam, MRI (brainstem), speech assessment.","Slurred speech, weak voice, difficulty articulating.","Speech therapy, treat cause (e.g., baclofen for spasticity). This treatment is prescribed based on the severity of the condition and should be followed as directed by a healthcare professional."
Neuroendocrine Carcinoma,"Octreotide (200 mcg 3x daily), everolimus (10 mg daily), surgery.","CT (mass), chromogranin A, biopsy (neuroendocrine cells).","Abdominal pain, flushing, diarrhea, weight loss.","Octreotide (200 micrograms 3 times a day), everolimus (10 milligrams daily), surgery. This treatment is prescribed based on the severity of the condition and should be followed as directed by a healthcare professional."
Hyperacousis,"Sound therapy, gabapentin (300 mg nightly), ear protection.","Audiometry, clinical history, rule out nerve damage.","Sound sensitivity, ear pain, distress from noise.","Sound therapy, gabapentin (300 milligrams nightly), ear protection. This treatment is prescribed based on the severity of the condition and should be followed as directed by a healthcare professional."
Acute Lymphoblastic Leukemia,"Vincristine (2 mg/m² IV), prednisone (60 mg/m² daily), chemo.","Bone marrow biopsy (blasts >20%), CBC (anemia).","Fatigue, bruising, fever, bone pain.","Vincristine (2 milligrams/m² intravenous), prednisone (60 milligrams/m² daily), chemo. This treatment is prescribed based on the severity of the condition and should be followed as directed by a healthcare professional."
Anxiety Disorders,"Escitalopram (10 mg daily), lorazepam (0.5 mg PRN), CBT.","DSM5 criteria, GAD7 scale, rule out medical causes.","Worry, restlessness, palpitations, insomnia.","Escitalopram (10 milligrams daily), lorazepam (0.5 milligrams PRN), CBT. This treatment is prescribed based on the severity of the condition and should be followed as directed by a healthcare professional."
Epiploic Appendagitis,"Ibuprofen (400 mg), rest, resolves naturally.","CT abdomen (fat stranding), rule out appendicitis.","Localized abdominal pain, tenderness, nausea.","Ibuprofen (400 milligrams), rest, resolves naturally. This treatment is prescribed based on the severity of the condition and should be followed as directed by a healthcare professional."
Malignant Perivascular Epithelioid Cell Neoplasm (PEComa),"Surgery, sirolimus (2 mg daily), chemotherapy.","CT/MRI (mass), biopsy (PEComa cells), IHC.","Mass, pain, weight loss, organspecific symptoms.","Surgery, sirolimus (2 milligrams daily), chemotherapy. This treatment is prescribed based on the severity of the condition and should be followed as directed by a healthcare professional."
KlippelTrenaunay Syndrome,"Compression therapy, laser for skin, surgery if severe.","Clinical exam, Doppler ultrasound, MRI.","Portwine stains, limb overgrowth, varicose veins.","Compression therapy, laser for skin, surgery if severe. This treatment is prescribed based on the severity of the condition and should be followed as directed by a healthcare professional."
Hypophosphatemia,"Phosphate (15 mmol IV), vitamin D (800 IU daily), monitor.","Serum phosphate (<2.5 mg/dL), renal function tests.","Muscle weakness, bone pain, confusion, fatigue.","Phosphate (15 mmol intravenous), vitamin D (800 IU daily), monitor. This treatment is prescribed based on the severity of the condition and should be followed as directed by a healthcare professional."
PAH (Pulmonary Arterial Hypertension),"Tadalafil (40 mg daily), ambrisentan (10 mg daily), oxygen.","Right heart cath (mPAP >20 mmHg), echo.","Dyspnea, fatigue, chest pain, syncope.","Tadalafil (40 milligrams daily), ambrisentan (10 milligrams daily), oxygen. This treatment is prescribed based on the severity of the condition and should be followed as directed by a healthcare professional."
Choledocholithiasis,"ERCP with stone removal, ursodiol (300 mg 3x daily).","Ultrasound (bile duct stones), MRCP, LFTs.","Jaundice, right upper quadrant pain, nausea, fever.","ERCP with stone removal, ursodiol (300 milligrams 3 times a day). This treatment is prescribed based on the severity of the condition and should be followed as directed by a healthcare professional."
Chronic Cholecystitis,"Cholecystectomy, pain relief (diclofenac 50 mg), diet.","Ultrasound (gallbladder thickening), HIDA scan.","Recurrent abdominal pain, nausea, bloating, fatty food intolerance.","Cholecystectomy, pain relief (diclofenac 50 milligrams), diet. This treatment is prescribed based on the severity of the condition and should be followed as directed by a healthcare professional."
Flatfoot,"Orthotics, ibuprofen (400 mg), physical therapy.","Physical exam, Xray (arch loss), gait analysis.","Foot pain, arch collapse, fatigue, swelling.","Orthotics, ibuprofen (400 milligrams), physical therapy. This treatment is prescribed based on the severity of the condition and should be followed as directed by a healthcare professional."
Dermatosclerosis (Scleroderma),"Methotrexate (15 mg weekly), nifedipine (30 mg daily).","ANA, antiScl70, skin biopsy, PFTs.","Skin tightening, Raynaud’s, joint stiffness, dyspnea.","Methotrexate (15 milligrams weekly), nifedipine (30 milligrams daily). This treatment is prescribed based on the severity of the condition and should be followed as directed by a healthcare professional."
Insect Sting Allergies,"Epinephrine (0.3 mg IM), antihistamines (cetirizine 10 mg).","Skin prick test, serum IgE, history of sting.","Swelling, hives, anaphylaxis, itching.","Epinephrine (0.3 milligrams IM), antihistamines (cetirizine 10 milligrams). This treatment is prescribed based on the severity of the condition and should be followed as directed by a healthcare professional."
Keratosis (Actinic),"5fluorouracil (5% cream), cryotherapy, photodynamic therapy.","Clinical exam, biopsy if suspicious for SCC.","Rough, scaly patches, sunexposed areas, itching.","5fluorouracil (5% cream), cryotherapy, photodynamic therapy. This treatment is prescribed based on the severity of the condition and should be followed as directed by a healthcare professional."
Chronic Diarrhea,"Loperamide (2 mg PRN), treat cause (e.g., mesalamine).","Stool studies, colonoscopy, labs (e.g., celiac panel).","Frequent loose stools, cramping, dehydration, fatigue.","Loperamide (2 milligrams PRN), treat cause (e.g., mesalamine). This treatment is prescribed based on the severity of the condition and should be followed as directed by a healthcare professional."
Ear Pain (NonSpecific),"Ibuprofen (400 mg), treat cause (e.g., amoxicillin for infection).","Otoscopy, audiometry, rule out infection.","Earache, fullness, hearing loss, discharge.","Ibuprofen (400 milligrams), treat cause (e.g., amoxicillin for infection). This treatment is prescribed based on the severity of the condition and should be followed as directed by a healthcare professional."
Urothelial Carcinoma,"TURBT, BCG instillations, cisplatin (70 mg/m² IV).","Cystoscopy, biopsy (transitional cells), CT urogram.","Hematuria, urgency, pelvic pain, weight loss.","TURBT, BCG instillations, cisplatin (70 milligrams/m² intravenous). This treatment is prescribed based on the severity of the condition and should be followed as directed by a healthcare professional."
Marburg Virus Disease,"Supportive care, IV fluids, experimental antivirals.","RTPCR (Marburg virus), serology, exposure history.","Fever, rash, bleeding, organ failure.","Supportive care, intravenous fluids, experimental antivirals. This treatment is prescribed based on the severity of the condition and should be followed as directed by a healthcare professional."
Middle Ear Infection (Otitis Media),"Amoxicillin (80 mg/kg daily), ibuprofen (10 mg/kg), ear drops.","Otoscopy (bulging TM), tympanometry.","Ear pain, fever, hearing loss, drainage.","Amoxicillin (80 milligrams/kg daily), ibuprofen (10 milligrams/kg), ear drops. This treatment is prescribed based on the severity of the condition and should be followed as directed by a healthcare professional."
Spondylitis,"Adalimumab (40 mg SC every 2 weeks), NSAIDs (naproxen 500 mg).","Xray (bamboo spine), HLAB27, MRI (inflammation).","Back pain, stiffness, fatigue, reduced mobility.","Adalimumab (40 milligrams SC every 2 weeks), NSAIDs (naproxen 500 milligrams). This treatment is prescribed based on the severity of the condition and should be followed as directed by a healthcare professional."
Lymphocytic Leukemia (CLL),"Ibrutinib (420 mg daily), fludarabine (25 mg/m² IV), watchandwait.","CBC (lymphocytosis), flow cytometry, bone marrow biopsy.","Fatigue, lymph node swelling, infections, anemia.","Ibrutinib (420 milligrams daily), fludarabine (25 milligrams/m² intravenous), watchandwait. This treatment is prescribed based on the severity of the condition and should be followed as directed by a healthcare professional."
Chronic Sinusitis,"Fluticasone (50 mcg nasal twice daily), amoxicillin (500 mg 3x daily).","Nasal endoscopy, CT sinuses, allergy testing.","Nasal congestion, facial pain, discharge, headache.","Fluticasone (50 micrograms nasal twice daily), amoxicillin (500 milligrams 3 times a day). This treatment is prescribed based on the severity of the condition and should be followed as directed by a healthcare professional."
"Infection, Chlamydia (Entry 2)","Doxycycline (100 mg twice daily for 7 days), partner treatment.","NAAT (urine/swab), clinical exam.","Painful urination, discharge, pelvic discomfort.","Doxycycline (100 milligrams twice daily for 7 days), partner treatment. This treatment is prescribed based on the severity of the condition and should be followed as directed by a healthcare professional."
Diverticulosis,"Highfiber diet, psyllium (10 g daily), monitor.","Colonoscopy (diverticula), CT if complicated.","Asymptomatic often, bloating, mild pain, constipation.","Highfiber diet, psyllium (10 g daily), monitor. This treatment is prescribed based on the severity of the condition and should be followed as directed by a healthcare professional."
"Lymphocytic Leukemia (ALL, Variation)","Vincristine (2 mg/m² IV), prednisone (60 mg/m² daily), chemo.","Bone marrow biopsy (blasts), CBC (lymphocytosis).","Fever, bruising, bone pain, fatigue.","Vincristine (2 milligrams/m² intravenous), prednisone (60 milligrams/m² daily), chemo. This treatment is prescribed based on the severity of the condition and should be followed as directed by a healthcare professional."
Fusariosis,"Voriconazole (200 mg twice daily), amphotericin B (0.7 mg/kg IV).","Skin biopsy (Fusarium), blood culture, fungal PCR.","Fever, skin lesions, pain, immunocompromised state.","Voriconazole (200 milligrams twice daily), amphotericin B (0.7 milligrams/kg intravenous). This treatment is prescribed based on the severity of the condition and should be followed as directed by a healthcare professional."
Bacterial Conjunctivitis,"Erythromycin ointment (0.5%), fluoroquinolone drops (moxifloxacin).","Eye exam, conjunctival swab culture (e.g., S. aureus).","Red eyes, purulent discharge, crusting, irritation.","Erythromycin ointment (0.5%), fluoroquinolone drops (moxifloxacin). This treatment is prescribed based on the severity of the condition and should be followed as directed by a healthcare professional."
Ear Infection (Otitis Media),"Amoxicillin (80 mg/kg daily), ibuprofen (10 mg/kg), ear drops.","Otoscopy (bulging TM), tympanometry.","Ear pain, fever, hearing loss, discharge.","Amoxicillin (80 milligrams/kg daily), ibuprofen (10 milligrams/kg), ear drops. This treatment is prescribed based on the severity of the condition and should be followed as directed by a healthcare professional."
Esophageal Cancer,"Esophagectomy, cisplatin (75 mg/m² IV), radiation therapy.","Endoscopy with biopsy, CT staging, barium swallow.","Dysphagia, chest pain, weight loss, hoarseness.","Esophagectomy, cisplatin (75 milligrams/m² intravenous), radiation therapy. This treatment is prescribed based on the severity of the condition and should be followed as directed by a healthcare professional."
Aortic Valve Stenosis (Entry 1),"Valve replacement, metoprolol (25 mg daily), diuretics.","Echocardiogram (valve area <1 cm²), ECG.","Dyspnea, chest pain, syncope, heart murmur.","Valve replacement, metoprolol (25 milligrams daily), diuretics. This treatment is prescribed based on the severity of the condition and should be followed as directed by a healthcare professional."
Infectious Myositis,"Vancomycin (15 mg/kg IV), clindamycin (600 mg IV), surgical drainage.","MRI (muscle inflammation), biopsy (bacteria), blood culture.","Muscle pain, swelling, fever, weakness.","Vancomycin (15 milligrams/kg intravenous), clindamycin (600 milligrams intravenous), surgical drainage. This treatment is prescribed based on the severity of the condition and should be followed as directed by a healthcare professional."
Peripheral Vascular Disease,"Cilostazol (100 mg twice daily), aspirin (81 mg daily), revascularization.","Anklebrachial index (<0.9), Doppler ultrasound.","Leg pain (claudication), cold extremities, weak pulses.","Cilostazol (100 milligrams twice daily), aspirin (81 milligrams daily), revascularization. This treatment is prescribed based on the severity of the condition and should be followed as directed by a healthcare professional."
Hypomagnesemia,"Magnesium sulfate (2 g IV), oral magnesium (400 mg daily).","Serum magnesium (<1.7 mg/dL), ECG (QT prolongation).","Muscle cramps, tremors, confusion, arrhythmias.","Magnesium sulfate (2 g intravenous), oral magnesium (400 milligrams daily). This treatment is prescribed based on the severity of the condition and should be followed as directed by a healthcare professional."
CMV Infection,"Ganciclovir (5 mg/kg IV twice daily), valganciclovir (900 mg twice daily).","CMV PCR (blood), serology, tissue biopsy.","Fever, fatigue, swollen glands, organ involvement (immunocompromised).","Ganciclovir (5 milligrams/kg intravenous twice daily), valganciclovir (900 milligrams twice daily). This treatment is prescribed based on the severity of the condition and should be followed as directed by a healthcare professional."
Swollen Lymph Nodes (Lymphadenopathy),"Treat cause (e.g., antibiotics), observation, ibuprofen (400 mg).","Physical exam, ultrasound, biopsy if persistent.","Enlarged nodes, tenderness, fever, fatigue.","Treat cause (e.g., antibiotics), observation, ibuprofen (400 milligrams). This treatment is prescribed based on the severity of the condition and should be followed as directed by a healthcare professional."
PNH (Paroxysmal Nocturnal Hemoglobinuria),"Eculizumab (900 mg IV every 2 weeks), iron supplements.","Flow cytometry (CD55/CD59 loss), bone marrow exam.","Dark urine, anemia, fatigue, thrombosis.","Eculizumab (900 milligrams intravenous every 2 weeks), iron supplements. This treatment is prescribed based on the severity of the condition and should be followed as directed by a healthcare professional."
Meningococcal Disease,"Ceftriaxone (2 g IV every 12 hours), rifampin (600 mg) prophylaxis.","Blood/CSF culture (N. meningitidis), PCR.","Fever, rash (petechial), neck stiffness, shock.","Ceftriaxone (2 g intravenous every 12 hours), rifampin (600 milligrams) prophylaxis. This treatment is prescribed based on the severity of the condition and should be followed as directed by a healthcare professional."
Dyspnea (NonSpecific),"Oxygen, treat cause (e.g., albuterol for asthma), supportive care.","Chest Xray, PFTs, BNP (if cardiac), rule out causes.","Shortness of breath, wheezing, chest tightness.","Oxygen, treat cause (e.g., albuterol for asthma), supportive care. This treatment is prescribed based on the severity of the condition and should be followed as directed by a healthcare professional."
Hepatitis B,"Tenofovir (300 mg daily), entecavir (0.5 mg daily), monitor.","HBsAg positive, HBV DNA PCR, liver enzymes.","Jaundice, fatigue, dark urine, abdominal pain.","Tenofovir (300 milligrams daily), entecavir (0.5 milligrams daily), monitor. This treatment is prescribed based on the severity of the condition and should be followed as directed by a healthcare professional."
Chikungunya Virus,"Acetaminophen (500 mg), hydration, rest, no antiviral.","RTPCR (Chikungunya), IgM serology, clinical symptoms.","Fever, severe joint pain, rash, headache.","Acetaminophen (500 milligrams), hydration, rest, no antiviral. This treatment is prescribed based on the severity of the condition and should be followed as directed by a healthcare professional."
Infectious Hepatitis (General),"Supportive care, antivirals (e.g., tenofovir for HBV), rest.","Viral serology (e.g., HAV, HBV), liver function tests.","Nausea, jaundice, fever, liver tenderness.","Supportive care, antivirals (e.g., tenofovir for HBV), rest. This treatment is prescribed based on the severity of the condition and should be followed as directed by a healthcare professional."
Ovarian Cysts,"Observation, ibuprofen (400 mg), laparoscopy if large.","Transvaginal ultrasound, CA125 if suspicious.","Pelvic pain, bloating, irregular periods, fullness.","Observation, ibuprofen (400 milligrams), laparoscopy if large. This treatment is prescribed based on the severity of the condition and should be followed as directed by a healthcare professional."
Chronic Myelogenous Leukemia,"Imatinib (400 mg daily), dasatinib (100 mg daily), monitor.","BCRABL fusion (PCR), bone marrow biopsy, CBC.","Fatigue, splenomegaly, night sweats, weight loss.","Imatinib (400 milligrams daily), dasatinib (100 milligrams daily), monitor. This treatment is prescribed based on the severity of the condition and should be followed as directed by a healthcare professional."
Viral Encephalitis,"Acyclovir (10 mg/kg IV every 8 hours), supportive care.","CSF PCR (e.g., HSV), MRI (brain inflammation), EEG.","Fever, headache, confusion, seizures.","Acyclovir (10 milligrams/kg intravenous every 8 hours), supportive care. This treatment is prescribed based on the severity of the condition and should be followed as directed by a healthcare professional."
Osteopetrosis,"Calcitriol (0.5 mcg daily), bone marrow transplant, support.","Xray (dense bones), genetic testing (e.g., CLCN7).","Bone pain, fractures, anemia, vision loss.","Calcitriol (0.5 micrograms daily), bone marrow transplant, support. This treatment is prescribed based on the severity of the condition and should be followed as directed by a healthcare professional."
Hyperadrenocorticism (Cushing’s Syndrome),"Ketoconazole (200 mg twice daily), surgery (adrenalectomy).","Dexamethasone suppression test, cortisol levels, MRI.","Weight gain, moon face, hypertension, bruising.","Ketoconazole (200 milligrams twice daily), surgery (adrenalectomy). This treatment is prescribed based on the severity of the condition and should be followed as directed by a healthcare professional."
Burkitt’s Tumor (Lymphoma),"Cyclophosphamide (600 mg/m² IV), rituximab (375 mg/m² IV).","Biopsy (starry sky), PETCT, bone marrow exam.","Rapid lymph node growth, jaw swelling, fever.","Cyclophosphamide (600 milligrams/m² intravenous), rituximab (375 milligrams/m² intravenous). This treatment is prescribed based on the severity of the condition and should be followed as directed by a healthcare professional."
Atopic Eczema,"Hydrocortisone (1% cream), tacrolimus (0.1% topical), moisturizers.","Clinical exam, allergy history, rule out psoriasis.","Itchy, red, dry skin, rash, scaling.","Hydrocortisone (1% cream), tacrolimus (0.1% topical), moisturizers. This treatment is prescribed based on the severity of the condition and should be followed as directed by a healthcare professional."
ACL Injury,"Rest, naproxen (500 mg twice daily), ACL reconstruction.","Lachman test, MRI (ACL tear confirmation).","Knee pain, swelling, instability, popping sound.","Rest, naproxen (500 milligrams twice daily), ACL reconstruction. This treatment is prescribed based on the severity of the condition and should be followed as directed by a healthcare professional."
Brain Aneurysm (Cerebral Aneurysm),"Coil embolization, nimodipine (60 mg every 4 hours), surgery.","CT angiogram (aneurysm sac), lumbar puncture (SAH).","Sudden headache, nausea, vision loss, neck stiffness.","Coil embolization, nimodipine (60 milligrams every 4 hours), surgery. This treatment is prescribed based on the severity of the condition and should be followed as directed by a healthcare professional."
BernhardtRoth Syndrome (Meralgia Paresthetica),"Gabapentin (300 mg 3x daily), weight loss, loose clothing.","Clinical exam, nerve conduction, rule out lumbar issues.","Thigh burning, numbness, tingling, pain.","Gabapentin (300 milligrams 3 times a day), weight loss, loose clothing. This treatment is prescribed based on the severity of the condition and should be followed as directed by a healthcare professional."
"PAH (Pulmonary Arterial Hypertension, Entry 1)","Sildenafil (20 mg 3x daily), bosentan (125 mg twice daily), oxygen.","Right heart cath (mPAP >20 mmHg), echo.","Dyspnea, fatigue, chest pain, leg swelling.","Sildenafil (20 milligrams 3 times a day), bosentan (125 milligrams twice daily), oxygen. This treatment is prescribed based on the severity of the condition and should be followed as directed by a healthcare professional."
Ischemic Cardiomyopathy,"Carvedilol (25 mg twice daily), lisinopril (10 mg daily), ICD.","Echo (reduced EF), coronary angiography, ECG.","Fatigue, dyspnea, edema, chest pain.","Carvedilol (25 milligrams twice daily), lisinopril (10 milligrams daily), ICD. This treatment is prescribed based on the severity of the condition and should be followed as directed by a healthcare professional."
Earache (NonSpecific),"Ibuprofen (400 mg), treat cause (e.g., amoxicillin for infection).","Otoscopy, audiometry, rule out infection.","Ear pain, fullness, hearing loss, discharge.","Ibuprofen (400 milligrams), treat cause (e.g., amoxicillin for infection). This treatment is prescribed based on the severity of the condition and should be followed as directed by a healthcare professional."
Cutaneous Candidiasis,"Clotrimazole (1% cream), fluconazole (150 mg single dose).","Skin scraping (KOH prep), clinical exam.","Red, itchy rash, scaling, satellite lesions.","Clotrimazole (1% cream), fluconazole (150 milligrams single dose). This treatment is prescribed based on the severity of the condition and should be followed as directed by a healthcare professional."
Squamous Cell Carcinoma,"Excision, 5fluorouracil (5% cream), radiotherapy.","Skin biopsy (squamous cells), staging if advanced.","Scaly red patch, ulcer, wartlike growth, bleeding.","Excision, 5fluorouracil (5% cream), radiotherapy. This treatment is prescribed based on the severity of the condition and should be followed as directed by a healthcare professional."
Eosinophilic Folliculitis,"Topical steroids (clobetasol 0.05%), doxycycline (100 mg daily).","Skin biopsy (eosinophils), blood eosinophil count.","Itchy papules, pustules, facial redness, eosinophilia.","Topical steroids (clobetasol 0.05%), doxycycline (100 milligrams daily). This treatment is prescribed based on the severity of the condition and should be followed as directed by a healthcare professional."
Cryptosporidium Enteritis,"Nitazoxanide (500 mg twice daily), fluids, supportive care.","Stool microscopy (Cryptosporidium), antigen test.","Watery diarrhea, cramps, fever, dehydration.","Nitazoxanide (500 milligrams twice daily), fluids, supportive care. This treatment is prescribed based on the severity of the condition and should be followed as directed by a healthcare professional."
Acute Myelogenous Leukemia,"Cytarabine (100 mg/m² IV), daunorubicin (60 mg/m² IV), transplant.","Bone marrow biopsy (blasts >20%), cytogenetics.","Fatigue, bruising, infections, bone pain.","Cytarabine (100 milligrams/m² intravenous), daunorubicin (60 milligrams/m² intravenous), transplant. This treatment is prescribed based on the severity of the condition and should be followed as directed by a healthcare professional."
Chronic Bronchitis,"Salbutamol (100 mcg PRN), tiotropium (18 mcg daily), smoking cessation.","Spirometry (obstruction), chest Xray, history (>3 months).","Productive cough, wheezing, dyspnea, fatigue.","Salbutamol (100 micrograms PRN), tiotropium (18 micrograms daily), smoking cessation. This treatment is prescribed based on the severity of the condition and should be followed as directed by a healthcare professional."
Periorbital Cellulitis,"Ceftriaxone (1 g IV), vancomycin (15 mg/kg IV), drainage if abscess.","Clinical exam, CT orbit (rule out abscess), blood culture.","Eyelid swelling, redness, pain, fever.","Ceftriaxone (1 g intravenous), vancomycin (15 milligrams/kg intravenous), drainage if abscess. This treatment is prescribed based on the severity of the condition and should be followed as directed by a healthcare professional."
Cluster Headaches,"Sumatriptan (6 mg SC), oxygen (100% at 12 L/min), verapamil (240 mg).","Clinical history (short duration), rule out secondary via MRI.","Severe unilateral pain, tearing, nasal congestion, restlessness.","Sumatriptan (6 milligrams SC), oxygen (100% at 12 L/min), verapamil (240 milligrams). This treatment is prescribed based on the severity of the condition and should be followed as directed by a healthcare professional."
Joint Infection (Septic Arthritis),"Vancomycin (15 mg/kg IV), joint drainage, antibiotics.","Joint aspiration (WBC >50,000), culture (e.g., S. aureus).","Joint pain, swelling, warmth, fever.","Vancomycin (15 milligrams/kg intravenous), joint drainage, antibiotics. This treatment is prescribed based on the severity of the condition and should be followed as directed by a healthcare professional."
Gluten Intolerance (NonCeliac),"Glutenfree diet, probiotics, symptom management.","Symptom response to glutenfree diet, rule out celiac (tTGIgA).","Bloating, diarrhea, fatigue, abdominal pain.","Glutenfree diet, probiotics, symptom management. This treatment is prescribed based on the severity of the condition and should be followed as directed by a healthcare professional."
Parkinson Disease,"Levodopacarbidopa (25/100 mg 3x daily), rasagiline (1 mg daily).","Clinical exam, DaTscan, response to levodopa.","Tremor, rigidity, bradykinesia, postural instability.","Levodopacarbidopa (25/100 milligrams 3 times a day), rasagiline (1 milligrams daily). This treatment is prescribed based on the severity of the condition and should be followed as directed by a healthcare professional."
Kidney Infection (Pyelonephritis),"Ciprofloxacin (500 mg twice daily), IV fluids, pain relief.","Urinalysis (pyuria), urine culture, renal ultrasound.","Fever, flank pain, dysuria, nausea.","Ciprofloxacin (500 milligrams twice daily), intravenous fluids, pain relief. This treatment is prescribed based on the severity of the condition and should be followed as directed by a healthcare professional."
Panuveitis,"Prednisolone (1% drops), methotrexate (15 mg weekly), treat cause.","Slitlamp exam (panocular inflammation), rule out infection.","Eye pain, redness, vision loss, floaters.","Prednisolone (1% drops), methotrexate (15 milligrams weekly), treat cause. This treatment is prescribed based on the severity of the condition and should be followed as directed by a healthcare professional."
Seborrheic Keratosis,"Cryotherapy, curettage, observation if benign.","Clinical exam, biopsy if suspicious for malignancy.","Warty, pigmented skin growths, itching, cosmetic concern.","Cryotherapy, curettage, observation if benign. This treatment is prescribed based on the severity of the condition and should be followed as directed by a healthcare professional."
Choroidal Melanoma,"Plaque brachytherapy, enucleation, proton beam therapy.","Fundoscopy, ultrasound (eye mass), biopsy.","Vision changes, floaters, eye pain, retinal detachment.","Plaque brachytherapy, enucleation, proton beam therapy. This treatment is prescribed based on the severity of the condition and should be followed as directed by a healthcare professional."
TTP (Thrombotic Thrombocytopenic Purpura),"Plasma exchange, rituximab (375 mg/m² IV), steroids.","ADAMTS13 activity (<10%), microangiopathic anemia, labs.","Bruising, fever, confusion, renal issues.","Plasma exchange, rituximab (375 milligrams/m² intravenous), steroids. This treatment is prescribed based on the severity of the condition and should be followed as directed by a healthcare professional."
Broken Heart Syndrome (Takotsubo),"Metoprolol (25 mg daily), ACE inhibitors, emotional support.","ECG (ST elevation), echo (apical ballooning), cath (no CAD).","Chest pain, dyspnea, palpitations, mimics MI.","Metoprolol (25 milligrams daily), ACE inhibitors, emotional support. This treatment is prescribed based on the severity of the condition and should be followed as directed by a healthcare professional."
Patellofemoral Pain Syndrome,"Physical therapy, ibuprofen (400 mg), knee brace.","Physical exam, Xray/MRI to rule out other causes.","Knee pain (under kneecap), grinding, worse with activity.","Physical therapy, ibuprofen (400 milligrams), knee brace. This treatment is prescribed based on the severity of the condition and should be followed as directed by a healthcare professional."
Chronic Hepatitis B,"Entecavir (0.5 mg daily), tenofovir (300 mg daily), monitor.","HBsAg positive, HBV DNA, liver biopsy.","Fatigue, jaundice, abdominal pain, cirrhosis risk.","Entecavir (0.5 milligrams daily), tenofovir (300 milligrams daily), monitor. This treatment is prescribed based on the severity of the condition and should be followed as directed by a healthcare professional."
Diabetic Retinopathy,"Ranibizumab (0.3 mg intravitreal), laser, glucose control.","Fundoscopy, OCT, fluorescein angiography.","Blurred vision, floaters, dark spots, vision loss.","Ranibizumab (0.3 milligrams intravitreal), laser, glucose control. This treatment is prescribed based on the severity of the condition and should be followed as directed by a healthcare professional."
Sly Syndrome (MPS VII),"Enzyme replacement (vestronidase alfa), supportive care.","GUSB enzyme deficiency, genetic testing, urine GAGs.","Coarse facies, skeletal issues, organomegaly, developmental delay.","Enzyme replacement (vestronidase alfa), supportive care. This treatment is prescribed based on the severity of the condition and should be followed as directed by a healthcare professional."
Polycystic Kidney Disease,"Tolvaptan (60 mg daily), lisinopril (10 mg daily), pain management.","Renal ultrasound (>2 cysts), genetic testing (PKD1/2).","Flank pain, hematuria, hypertension, cysts.","Tolvaptan (60 milligrams daily), lisinopril (10 milligrams daily), pain management. This treatment is prescribed based on the severity of the condition and should be followed as directed by a healthcare professional."
Supraglottitis,"Ceftriaxone (1 g IV), airway management, steroids (dexamethasone 10 mg).","Laryngoscopy (epiglottic swelling), lateral neck Xray.","Sore throat, drooling, stridor, fever.","Ceftriaxone (1 g intravenous), airway management, steroids (dexamethasone 10 milligrams). This treatment is prescribed based on the severity of the condition and should be followed as directed by a healthcare professional."
Congenital Cytomegalovirus,"Valganciclovir (16 mg/kg twice daily), supportive care.","CMV PCR (urine/saliva), maternal serology, imaging.","Hearing loss, microcephaly, rash, jaundice (infants).","Valganciclovir (16 milligrams/kg twice daily), supportive care. This treatment is prescribed based on the severity of the condition and should be followed as directed by a healthcare professional."
CREST Syndrome (Limited Scleroderma),"Nifedipine (30 mg daily), PPI (omeprazole 20 mg), immunosuppression.","Anticentromere antibodies, clinical criteria, imaging.","Raynaud’s, skin tightening, calcinosis, esophageal issues.","Nifedipine (30 milligrams daily), PPI (omeprazole 20 milligrams), immunosuppression. This treatment is prescribed based on the severity of the condition and should be followed as directed by a healthcare professional."
Pulmonary Hypertension (Entry 2),"Tadalafil (40 mg daily), ambrisentan (10 mg daily), oxygen.","Echo (elevated RVSP), right heart cath (mPAP >20 mmHg).","Shortness of breath, fatigue, chest pain, swelling.","Tadalafil (40 milligrams daily), ambrisentan (10 milligrams daily), oxygen. This treatment is prescribed based on the severity of the condition and should be followed as directed by a healthcare professional."
Infertility (General),"Clomiphene (50 mg daily), IVF, treat cause (e.g., surgery).","Semen analysis, hormone levels (FSH, LH), HSG.","Inability to conceive, irregular cycles, hormonal symptoms.","Clomiphene (50 milligrams daily), intravenousF, treat cause (e.g., surgery). This treatment is prescribed based on the severity of the condition and should be followed as directed by a healthcare professional."
Hypoprothrombinemia,"Vitamin K (10 mg IV), fresh frozen plasma, treat cause.","PT/INR prolonged, vitamin K levels, liver function.","Bleeding, bruising, prolonged clotting, fatigue.","Vitamin K (10 milligrams intravenous), fresh frozen plasma, treat cause. This treatment is prescribed based on the severity of the condition and should be followed as directed by a healthcare professional."
Atypical Pneumonia,"Azithromycin (500 mg day 1, 250 mg days 25), oxygen.","Chest Xray (patchy), PCR (e.g., Mycoplasma), serology.","Fever, dry cough, fatigue, atypical chest pain.","Azithromycin (500 milligrams day 1, 250 milligrams days 25), oxygen. This treatment is prescribed based on the severity of the condition and should be followed as directed by a healthcare professional."
Hepatitis E Virus,"Supportive care, ribavirin (600 mg daily if chronic), rest.","HEV IgM, RNA PCR, liver enzymes (ALT >100 U/L).","Jaundice, fatigue, nausea, abdominal pain.","Supportive care, ribavirin (600 milligrams daily if chronic), rest. This treatment is prescribed based on the severity of the condition and should be followed as directed by a healthcare professional."
ChurgStrauss Syndrome,"Prednisone (1 mg/kg daily), cyclophosphamide (2 mg/kg daily).","Eosinophilia (>10%), ANCA, biopsy (vasculitis).","Asthma, sinusitis, rash, neuropathy.","Prednisone (1 milligrams/kg daily), cyclophosphamide (2 milligrams/kg daily). This treatment is prescribed based on the severity of the condition and should be followed as directed by a healthcare professional."
BK Virus Infection,"Reduce immunosuppression, cidofovir (0.25 mg/kg IV), fluids.","Urine/Blood BK PCR, renal biopsy (viral inclusions).","Hematuria, renal dysfunction (transplant patients), fever.","Reduce immunosuppression, cidofovir (0.25 milligrams/kg intravenous), fluids. This treatment is prescribed based on the severity of the condition and should be followed as directed by a healthcare professional."
Hodgkin’s Lymphoma,"ABVD (doxorubicin 25 mg/m² IV), radiation, chemo.","Biopsy (ReedSternberg cells), PETCT staging.","Painless lymphadenopathy, fever, night sweats, weight loss.","ABVD (doxorubicin 25 milligrams/m² intravenous), radiation, chemo. This treatment is prescribed based on the severity of the condition and should be followed as directed by a healthcare professional."
Erythema (NonSpecific),"Treat cause (e.g., hydrocortisone 1% cream), supportive care.","Clinical exam, biopsy if persistent, rule out infection.","Red skin, warmth, itching, variable patterns.","Treat cause (e.g., hydrocortisone 1% cream), supportive care. This treatment is prescribed based on the severity of the condition and should be followed as directed by a healthcare professional."
Glioblastoma,"Surgery, temozolomide (150 mg/m² daily), radiation.","Brain MRI (ringenhancing), biopsy (GBM cells).","Headache, seizures, cognitive decline, motor deficits.","Surgery, temozolomide (150 milligrams/m² daily), radiation. This treatment is prescribed based on the severity of the condition and should be followed as directed by a healthcare professional."
Rhinorrhea,"Antihistamines (loratadine 10 mg), nasal saline, treat cause.","Nasal exam, allergy testing, rule out infection.","Runny nose, nasal congestion, sneezing, postnasal drip.","Antihistamines (loratadine 10 milligrams), nasal saline, treat cause. This treatment is prescribed based on the severity of the condition and should be followed as directed by a healthcare professional."
Tachyarrhythmia,"Adenosine (6 mg IV push), metoprolol (25 mg daily), ablation.","ECG (e.g., SVT, AFib), Holter monitor, EP study.","Rapid heartbeat, palpitations, dizziness, chest pain.","Adenosine (6 milligrams intravenous push), metoprolol (25 milligrams daily), ablation. This treatment is prescribed based on the severity of the condition and should be followed as directed by a healthcare professional."
Acute Myeloid Leukemia (AML),"Cytarabine (100 mg/m² IV), daunorubicin (60 mg/m² IV), transplant.","Bone marrow biopsy (blasts >20%), cytogenetics.","Fatigue, bruising, fever, bone pain.","Cytarabine (100 milligrams/m² intravenous), daunorubicin (60 milligrams/m² intravenous), transplant. This treatment is prescribed based on the severity of the condition and should be followed as directed by a healthcare professional."
Lymphoblastic Lymphoma,"CHOP regimen, rituximab (375 mg/m² IV), chemotherapy.","Biopsy (lymphoblasts), PETCT, bone marrow exam.","Lymph node swelling, fever, weight loss, fatigue.","CHOP regimen, rituximab (375 milligrams/m² intravenous), chemotherapy. This treatment is prescribed based on the severity of the condition and should be followed as directed by a healthcare professional."
Juvenile Idiopathic Arthritis,"Methotrexate (10 mg/m² weekly), naproxen (10 mg/kg).","ANA, Xray (joint erosions), clinical criteria.","Joint swelling, stiffness, pain, fever (systemic).","Methotrexate (10 milligrams/m² weekly), naproxen (10 milligrams/kg). This treatment is prescribed based on the severity of the condition and should be followed as directed by a healthcare professional."
Giant Cell Arteritis (Temporal Arteritis),"Prednisone (60 mg daily), tocilizumab (162 mg SC weekly).","Temporal artery biopsy, ESR (>50 mm/h), ultrasound.","Headache, jaw claudication, vision loss, scalp tenderness.","Prednisone (60 milligrams daily), tocilizumab (162 milligrams SC weekly). This treatment is prescribed based on the severity of the condition and should be followed as directed by a healthcare professional."
CHF (Congestive Heart Failure),"Furosemide (40 mg daily), lisinopril (10 mg daily), carvedilol.","Echo (EF <40%), BNP (>400 pg/mL), chest Xray.","Dyspnea, edema, fatigue, orthopnea.","Furosemide (40 milligrams daily), lisinopril (10 milligrams daily), carvedilol. This treatment is prescribed based on the severity of the condition and should be followed as directed by a healthcare professional."
CNS Infection (General),"Cefepime (2 g IV every 8 hours), acyclovir (10 mg/kg IV), treat cause.","CSF analysis (e.g., bacterial, viral), MRI, culture.","Fever, headache, confusion, seizures.","Cefepime (2 g intravenous every 8 hours), acyclovir (10 milligrams/kg intravenous), treat cause. This treatment is prescribed based on the severity of the condition and should be followed as directed by a healthcare professional."
Aspiration Pneumonia,"Clindamycin (600 mg IV), amoxicillinclavulanate (875/125 mg).","Chest Xray (infiltrates), sputum culture, swallowing study.","Cough, fever, chest pain, foul sputum.","Clindamycin (600 milligrams intravenous), amoxicillinclavulanate (875/125 milligrams). This treatment is prescribed based on the severity of the condition and should be followed as directed by a healthcare professional."
Cholelithiasis,"Cholecystectomy, ursodiol (300 mg 3x daily), pain relief.","Ultrasound (gallstones), LFTs, HIDA scan if needed.","Right upper quadrant pain, nausea, bloating after meals.","Cholecystectomy, ursodiol (300 milligrams 3 times a day), pain relief. This treatment is prescribed based on the severity of the condition and should be followed as directed by a healthcare professional."
De Quervain Disease (Tenosynovitis),"Thumb splint, naproxen (500 mg twice daily), steroid injection.","Finkelstein test, ultrasound of tendon sheath.","Thumb/wrist pain, swelling, difficulty gripping.","Thumb splint, naproxen (500 milligrams twice daily), steroid injection. This treatment is prescribed based on the severity of the condition and should be followed as directed by a healthcare professional."
Aortic Valve Stenosis (Entry 2),"TAVR, metoprolol (50 mg daily), diuretics (furosemide 20 mg).","Echo (gradient >40 mmHg), cardiac cath.","Shortness of breath, fatigue, murmur, syncope.","TAVR, metoprolol (50 milligrams daily), diuretics (furosemide 20 milligrams). This treatment is prescribed based on the severity of the condition and should be followed as directed by a healthcare professional."
Reye’s Syndrome,"IV glucose (10%), mannitol (0.5 g/kg IV), ICU care.","Elevated ammonia, liver enzymes, brain CT.","Vomiting, lethargy, confusion, liver dysfunction.","intravenous glucose (10%), mannitol (0.5 g/kg intravenous), ICU care. This treatment is prescribed based on the severity of the condition and should be followed as directed by a healthcare professional."
Pelvic Organ Prolapse,"Pessary, estrogen cream (0.5 mg nightly), surgery (colporrhaphy).","Pelvic exam, imaging if unclear, urodynamics.","Pelvic pressure, bulging, urinary issues, discomfort.","Pessary, estrogen cream (0.5 milligrams nightly), surgery (colporrhaphy). This treatment is prescribed based on the severity of the condition and should be followed as directed by a healthcare professional."
Hepatocellular Carcinoma,"Resection, sorafenib (400 mg twice daily), TACE.","CT/MRI (liver mass), AFP (>400 ng/mL), biopsy.","Jaundice, abdominal pain, weight loss, ascites.","Resection, sorafenib (400 milligrams twice daily), TACE. This treatment is prescribed based on the severity of the condition and should be followed as directed by a healthcare professional."
Pfeiffer Syndrome,"Cranial surgery, supportive care, no specific drugs.","Clinical features, FGFR2 genetic testing, skull Xray.","Craniosynostosis, broad thumbs, developmental delay.","Cranial surgery, supportive care, no specific drugs. This treatment is prescribed based on the severity of the condition and should be followed as directed by a healthcare professional."
Umbilical Hernia,"Surgical repair (herniorrhaphy), observation if small.","Physical exam, ultrasound if complicated.","Umbilical bulge, pain, nausea if incarcerated.","Surgical repair (herniorrhaphy), observation if small. This treatment is prescribed based on the severity of the condition and should be followed as directed by a healthcare professional."
CP (Chronic Prostatitis),"Tamsulosin (0.4 mg daily), ciprofloxacin (500 mg twice daily).","Urine culture, prostate massage fluid, PSA.","Pelvic pain, dysuria, urgency, chronic discomfort.","Tamsulosin (0.4 milligrams daily), ciprofloxacin (500 milligrams twice daily). This treatment is prescribed based on the severity of the condition and should be followed as directed by a healthcare professional."
Anxious Personality Disorder,"Buspirone (10 mg twice daily), psychotherapy, SSRIs.","DSM5 (avoidant/anxiety traits), psychiatric eval.","Excessive worry, avoidance, tension, social anxiety.","Buspirone (10 milligrams twice daily), psychotherapy, SSRIs. This treatment is prescribed based on the severity of the condition and should be followed as directed by a healthcare professional."
Bladder Infection (Cystitis),"Nitrofurantoin (100 mg twice daily), hydration.","Urinalysis (pyuria), urine culture.","Burning urination, urgency, pelvic pain, cloudy urine.","Nitrofurantoin (100 milligrams twice daily), hydration. This treatment is prescribed based on the severity of the condition and should be followed as directed by a healthcare professional."
DCIS (Ductal Carcinoma In Situ Breast Cancer),"Lumpectomy, tamoxifen (20 mg daily), radiation if high risk.","Mammogram, biopsy (noninvasive cancer).","Often asymptomatic, nipple discharge, detected on mammogram.","Lumpectomy, tamoxifen (20 milligrams daily), radiation if high risk. This treatment is prescribed based on the severity of the condition and should be followed as directed by a healthcare professional."
Upper Respiratory Infection,"Decongestants (pseudoephedrine 60 mg), fluids, rest.","Clinical exam, rule out strep (rapid test).","Nasal congestion, sore throat, cough, mild fever.","Decongestants (pseudoephedrine 60 milligrams), fluids, rest. This treatment is prescribed based on the severity of the condition and should be followed as directed by a healthcare professional."
Urinary Tract Cancer,"Surgery (nephroureterectomy), cisplatin (70 mg/m² IV), BCG.","Cystoscopy, biopsy (urothelial), CT urogram.","Hematuria, flank pain, frequent urination, fatigue.","Surgery (nephroureterectomy), cisplatin (70 milligrams/m² intravenous), BCG. This treatment is prescribed based on the severity of the condition and should be followed as directed by a healthcare professional."
Huntington’s Disease,"Deutetrabenazine (12 mg twice daily), supportive care, no cure.","Genetic test (CAG repeats), MRI, clinical exam.","Chorea, memory loss, mood instability, rigidity.","Deutetrabenazine (12 milligrams twice daily), supportive care, no cure. This treatment is prescribed based on the severity of the condition and should be followed as directed by a healthcare professional."
"MD (Muscular Dystrophy, General)","Prednisone (0.75 mg/kg daily), physical therapy, support.","Genetic testing (e.g., DMD), EMG, muscle biopsy.","Muscle weakness, atrophy, contractures, fatigue.","Prednisone (0.75 milligrams/kg daily), physical therapy, support. This treatment is prescribed based on the severity of the condition and should be followed as directed by a healthcare professional."
Cervical Radiculopathy,"Gabapentin (300 mg 3x daily), cervical collar, surgery if severe.","MRI (nerve root compression), EMG, Xray.","Neck pain, radiating arm pain, numbness, weakness.","Gabapentin (300 milligrams 3 times a day), cervical collar, surgery if severe. This treatment is prescribed based on the severity of the condition and should be followed as directed by a healthcare professional."
Abdominal Pain (NonSpecific),"Antispasmodics (hyoscyamine 0.125 mg), treat cause, hydration.","Physical exam, ultrasound, labs (e.g., CRP).","Cramping, bloating, tenderness, nausea.","Antispasmodics (hyoscyamine 0.125 milligrams), treat cause, hydration. This treatment is prescribed based on the severity of the condition and should be followed as directed by a healthcare professional."
Hereditary TransthyretinRelated Amyloidosis,"Tafamidis (20 mg daily), patisiran (0.3 mg/kg IV), support.","TTR gene mutation, biopsy (amyloid deposits), echo.","Neuropathy, heart failure, fatigue, weight loss.","Tafamidis (20 milligrams daily), patisiran (0.3 milligrams/kg intravenous), support. This treatment is prescribed based on the severity of the condition and should be followed as directed by a healthcare professional."
Carpal Tunnel Syndrome,"Night splint, prednisone (20 mg daily), carpal tunnel release.","Phalen’s test, EMG, wrist ultrasound.","Wrist pain, hand tingling, numbness at night.","Night splint, prednisone (20 milligrams daily), carpal tunnel release. This treatment is prescribed based on the severity of the condition and should be followed as directed by a healthcare professional."
Hyperexplexia,"Clonazepam (0.5 mg twice daily), supportive care.","Clinical exam, genetic testing (GLRA1), EMG.","Exaggerated startle, muscle stiffness, falls.","Clonazepam (0.5 milligrams twice daily), supportive care. This treatment is prescribed based on the severity of the condition and should be followed as directed by a healthcare professional."
Polymyositis and Dermatomyositis,"Prednisone (1 mg/kg daily), azathioprine (2 mg/kg daily).","CK elevation, muscle biopsy, antiJo1 antibodies.","Muscle weakness, rash, joint pain, fatigue.","Prednisone (1 milligrams/kg daily), azathioprine (2 milligrams/kg daily). This treatment is prescribed based on the severity of the condition and should be followed as directed by a healthcare professional."
Neurosis (General),"SSRIs (e.g., fluoxetine 20 mg daily), psychotherapy.","Psychiatric eval, DSM5 criteria, rule out psychosis.","Anxiety, obsessive thoughts, emotional distress.","SSRIs (e.g., fluoxetine 20 milligrams daily), psychotherapy. This treatment is prescribed based on the severity of the condition and should be followed as directed by a healthcare professional."
Mitral Valve Regurgitation,"Mitral valve repair, lisinopril (10 mg daily), diuretics.","Echocardiogram (regurgitant jet), ECG.","Dyspnea, fatigue, palpitations, murmur.","Mitral valve repair, lisinopril (10 milligrams daily), diuretics. This treatment is prescribed based on the severity of the condition and should be followed as directed by a healthcare professional."
Pneumothorax,"Chest tube, oxygen, surgery (VATS) if recurrent.","Chest Xray (lung collapse), CT if small.","Sudden chest pain, shortness of breath, tachycardia.","Chest tube, oxygen, surgery (VATS) if recurrent. This treatment is prescribed based on the severity of the condition and should be followed as directed by a healthcare professional."
Plasma Cell Myeloma (Multiple Myeloma),"Lenalidomide (25 mg daily), bortezomib (1.3 mg/m² IV).","Serum protein electrophoresis, bone marrow biopsy (plasma cells).","Bone pain, fatigue, anemia, renal issues.","Lenalidomide (25 milligrams daily), bortezomib (1.3 milligrams/m² intravenous). This treatment is prescribed based on the severity of the condition and should be followed as directed by a healthcare professional."
Acute Childhood Leukemia (ALL),"Vincristine (2 mg/m² IV), prednisone (60 mg/m² daily), chemo.","Bone marrow biopsy (blasts >20%), CBC (anemia).","Fever, bruising, bone pain, fatigue.","Vincristine (2 milligrams/m² intravenous), prednisone (60 milligrams/m² daily), chemo. This treatment is prescribed based on the severity of the condition and should be followed as directed by a healthcare professional."
Anxiety Disorders (General),"Escitalopram (10 mg daily), lorazepam (0.5 mg PRN), CBT.","DSM5 criteria, GAD7 scale, rule out medical causes.","Worry, restlessness, palpitations, insomnia.","Escitalopram (10 milligrams daily), lorazepam (0.5 milligrams PRN), CBT. This treatment is prescribed based on the severity of the condition and should be followed as directed by a healthcare professional."
Orbital Infection (Cellulitis),"Ceftriaxone (1 g IV), vancomycin (15 mg/kg IV), drainage if abscess.","CT orbit (soft tissue involvement), blood culture.","Eyelid swelling, redness, pain, vision changes.","Ceftriaxone (1 g intravenous), vancomycin (15 milligrams/kg intravenous), drainage if abscess. This treatment is prescribed based on the severity of the condition and should be followed as directed by a healthcare professional."
Abnormal Uterine Bleeding,"Tranexamic acid (1300 mg 3x daily), hormonal IUD, treat cause.","Pelvic ultrasound, endometrial biopsy, labs (e.g., TSH).","Heavy periods, irregular bleeding, pelvic pain.","Tranexamic acid (1300 milligrams 3 times a day), hormonal IUD, treat cause. This treatment is prescribed based on the severity of the condition and should be followed as directed by a healthcare professional."
Neurosarcoidosis,"Prednisone (1 mg/kg daily), methotrexate (15 mg weekly), symptom management.","Brain MRI (granulomas), CSF analysis, biopsy.","Headaches, seizures, cranial nerve deficits, fatigue.","Prednisone (1 milligrams/kg daily), methotrexate (15 milligrams weekly), symptom management. This treatment is prescribed based on the severity of the condition and should be followed as directed by a healthcare professional."
Viral Syndrome,"Supportive care, acetaminophen (650 mg), fluids.","Clinical symptoms, viral PCR if needed, rule out bacterial.","Fever, fatigue, muscle aches, runny nose.","Supportive care, acetaminophen (650 milligrams), fluids. This treatment is prescribed based on the severity of the condition and should be followed as directed by a healthcare professional."
Pneumonic Plague,"Streptomycin (1 g IM twice daily), doxycycline (100 mg twice daily).","Sputum culture (Yersinia pestis), chest Xray, PCR.","Fever, cough, bloody sputum, chest pain, dyspnea.","Streptomycin (1 g IM twice daily), doxycycline (100 milligrams twice daily). This treatment is prescribed based on the severity of the condition and should be followed as directed by a healthcare professional."
Neurodermatitis,"Hydrocortisone (1% cream), doxepin (25 mg nightly), behavior mod.","Clinical exam, rule out eczema/psoriasis, biopsy if needed.","Chronic itching, thickened skin, scratching marks.","Hydrocortisone (1% cream), doxepin (25 milligrams nightly), behavior mod. This treatment is prescribed based on the severity of the condition and should be followed as directed by a healthcare professional."
Peripheral TCell Lymphoma,"CHOP regimen, brentuximab (1.8 mg/kg IV), stem cell transplant.","Biopsy (Tcell predominance), PETCT, flow cytometry.","Swollen lymph nodes, fever, night sweats, rash.","CHOP regimen, brentuximab (1.8 milligrams/kg intravenous), stem cell transplant. This treatment is prescribed based on the severity of the condition and should be followed as directed by a healthcare professional."
TMJ Syndrome,"Ibuprofen (400 mg), bite splint, physical therapy.","Physical exam, MRI (TMJ disc), dental evaluation.","Jaw pain, clicking, limited motion, earache.","Ibuprofen (400 milligrams), bite splint, physical therapy. This treatment is prescribed based on the severity of the condition and should be followed as directed by a healthcare professional."
Acute Nonlymphocytic Leukemia (AML),"Cytarabine (100 mg/m² IV), daunorubicin (60 mg/m² IV), transplant.","Bone marrow biopsy (blasts >20%), cytogenetics.","Fatigue, bruising, fever, bone pain.","Cytarabine (100 milligrams/m² intravenous), daunorubicin (60 milligrams/m² intravenous), transplant. This treatment is prescribed based on the severity of the condition and should be followed as directed by a healthcare professional."
Hypoproteinemia,"IV albumin (25 g), treat cause (e.g., nutrition, liver support).","Serum albumin (<3.5 g/dL), total protein, liver/renal tests.","Edema, fatigue, muscle wasting, weakness.","intravenous albumin (25 g), treat cause (e.g., nutrition, liver support). This treatment is prescribed based on the severity of the condition and should be followed as directed by a healthcare professional."
Hyperacusis,"Sound therapy, gabapentin (300 mg nightly), ear protection.","Audiometry, clinical history, rule out nerve damage.","Sound sensitivity, ear pain, distress from noise.","Sound therapy, gabapentin (300 milligrams nightly), ear protection. This treatment is prescribed based on the severity of the condition and should be followed as directed by a healthcare professional."
African Trypanosomiasis,"Suramin (20 mg/kg IV), melarsoprol (2.2 mg/kg IV), supportive care.","Blood smear (Trypanosoma), CSF PCR, serology.","Fever, lymphadenopathy, sleep disturbances, headache.","Suramin (20 milligrams/kg intravenous), melarsoprol (2.2 milligrams/kg intravenous), supportive care. This treatment is prescribed based on the severity of the condition and should be followed as directed by a healthcare professional."
Chromoblastomycosis,"Itraconazole (200 mg twice daily), cryotherapy, excision.","Skin biopsy (sclerotic bodies), fungal culture.","Warty skin lesions, itching, slow growth, scarring.","Itraconazole (200 milligrams twice daily), cryotherapy, excision. This treatment is prescribed based on the severity of the condition and should be followed as directed by a healthcare professional."
Hereditary Angioedema,"C1 inhibitor concentrate (IV), icatibant (30 mg SC), prophylaxis.","C1 inhibitor levels (<50%), C4 low, genetic testing.","Sudden swelling (face, throat), abdominal pain, dyspnea.","C1 inhibitor concentrate (intravenous), icatibant (30 milligrams SC), prophylaxis. This treatment is prescribed based on the severity of the condition and should be followed as directed by a healthcare professional."
Dyspnoea (Dyspnea),"Oxygen, treat cause (e.g., albuterol for asthma), supportive care.","Chest Xray, PFTs, BNP (if cardiac), rule out causes.","Shortness of breath, wheezing, chest tightness.","Oxygen, treat cause (e.g., albuterol for asthma), supportive care. This treatment is prescribed based on the severity of the condition and should be followed as directed by a healthcare professional."
Trichuriasis (Whipworm),"Mebendazole (100 mg twice daily for 3 days), iron supplements.","Stool microscopy (Trichuris eggs), eosinophil count.","Diarrhea, abdominal pain, rectal prolapse, anemia.","Mebendazole (100 milligrams twice daily for 3 days), iron supplements. This treatment is prescribed based on the severity of the condition and should be followed as directed by a healthcare professional."
CHAPLE Syndrome,"Anticomplement therapy (experimental), albumin infusion.","CD55 deficiency (genetic), albumin (<3 g/dL), biopsy.","Edema, diarrhea, malabsorption, lymphangiectasia.","Anticomplement therapy (experimental), albumin infusion. This treatment is prescribed based on the severity of the condition and should be followed as directed by a healthcare professional."
Systemic Mastocytosis,"Cromolyn (200 mg 4x daily), epinephrine PRN, antihistamines.","Serum tryptase (>20 ng/mL), bone marrow biopsy.","Flushing, itching, anaphylaxis, GI distress.","Cromolyn (200 milligrams 4 times a day), epinephrine PRN, antihistamines. This treatment is prescribed based on the severity of the condition and should be followed as directed by a healthcare professional."
Barlow Syndrome (Mitral Valve Prolapse),"Betablockers (propranolol 20 mg), surgery if severe, monitor.","Echocardiogram (valve prolapse), ECG.","Palpitations, chest pain, fatigue, murmur.","Betablockers (propranolol 20 milligrams), surgery if severe, monitor. This treatment is prescribed based on the severity of the condition and should be followed as directed by a healthcare professional."
Kidney Injury (Acute),"IV fluids, furosemide (20 mg IV if overloaded), treat cause.","Serum creatinine rise (>0.3 mg/dL), ultrasound, AKI staging.","Oliguria, swelling, fatigue, nausea.","intravenous fluids, furosemide (20 milligrams intravenous if overloaded), treat cause. This treatment is prescribed based on the severity of the condition and should be followed as directed by a healthcare professional."
Viral Hepatitis (General),"Supportive care, antivirals (e.g., tenofovir for HBV), rest.","Viral serology (e.g., HAV, HBV), liver enzymes (ALT >100 U/L).","Jaundice, fatigue, nausea, liver tenderness.","Supportive care, antivirals (e.g., tenofovir for HBV), rest. This treatment is prescribed based on the severity of the condition and should be followed as directed by a healthcare professional."
Fungal Infection (General),"Fluconazole (200 mg daily), amphotericin B (0.7 mg/kg IV).","Culture (e.g., Candida), biopsy, antigen testing.","Rash, itching, fever (if systemic), organspecific symptoms.","Fluconazole (200 milligrams daily), amphotericin B (0.7 milligrams/kg intravenous). This treatment is prescribed based on the severity of the condition and should be followed as directed by a healthcare professional."
Hemoglobinopathy (General),"Hydroxyurea (15 mg/kg daily if sickle), transfusions, folate.","Hemoglobin electrophoresis, genetic testing.","Anemia, jaundice, fatigue, pain (e.g., sickle cell).","Hydroxyurea (15 milligrams/kg daily if sickle), transfusions, folate. This treatment is prescribed based on the severity of the condition and should be followed as directed by a healthcare professional."
Aortic Insufficiency,"Valve replacement, lisinopril (10 mg daily), diuretics.","Echocardiogram (regurgitant flow), ECG (LVH).","Dyspnea, fatigue, wide pulse pressure, murmur.","Valve replacement, lisinopril (10 milligrams daily), diuretics. This treatment is prescribed based on the severity of the condition and should be followed as directed by a healthcare professional."
Angelman Syndrome (Entry 1),"Anticonvulsants (valproate 15 mg/kg daily), therapy, support.","Genetic test (UBE3A mutation), EEG (delta waves).","Developmental delay, seizures, ataxia, happy demeanor.","Anticonvulsants (valproate 15 milligrams/kg daily), therapy, support. This treatment is prescribed based on the severity of the condition and should be followed as directed by a healthcare professional."
Cutaneous Mastocytosis,"Antihistamines (cetirizine 10 mg), cromolyn cream, avoid triggers.","Skin biopsy (mast cell aggregates), tryptase levels.","Skin spots (urticaria pigmentosa), itching, flushing.","Antihistamines (cetirizine 10 milligrams), cromolyn cream, avoid triggers. This treatment is prescribed based on the severity of the condition and should be followed as directed by a healthcare professional."
Aplastic Anemia,"ATG (40 mg/kg daily), cyclosporine (5 mg/kg daily), transfusion.","Bone marrow biopsy (hypocellular), CBC (pancytopenia).","Fatigue, bruising, infections, pallor.","ATG (40 milligrams/kg daily), cyclosporine (5 milligrams/kg daily), transfusion. This treatment is prescribed based on the severity of the condition and should be followed as directed by a healthcare professional."
OslerWeberRendu Syndrome (HHT),"Tranexamic acid (1300 mg 3x daily), iron (325 mg daily), laser.","Genetic testing (ENG, ACVRL1), Curaçao criteria.","Nosebleeds, telangiectasias, GI bleeding, anemia.","Tranexamic acid (1300 milligrams 3 times a day), iron (325 milligrams daily), laser. This treatment is prescribed based on the severity of the condition and should be followed as directed by a healthcare professional."
Sjogren Syndrome,"Pilocarpine (5 mg 4x daily), hydroxychloroquine (200 mg daily).","AntiSSA/SSB, Schirmer test, salivary gland biopsy.","Dry eyes, dry mouth, joint pain, fatigue.","Pilocarpine (5 milligrams 4 times a day), hydroxychloroquine (200 milligrams daily). This treatment is prescribed based on the severity of the condition and should be followed as directed by a healthcare professional."
Organ Transplant (PostProcedure Context),"Tacrolimus (0.1 mg/kg daily), prednisone (5 mg daily), monitor.","Biopsy (rejection), labs (e.g., creatinine), imaging.","Fatigue, swelling (rejection), fever (infection).","Tacrolimus (0.1 milligrams/kg daily), prednisone (5 milligrams daily), monitor. This treatment is prescribed based on the severity of the condition and should be followed as directed by a healthcare professional."
Abacterial Cystitis,"Amitriptyline (25 mg nightly), pentosan polysulfate (100 mg 3x daily).","Urine culture (negative), cystoscopy, symptom history.","Bladder pain, urgency, frequency, no infection.","Amitriptyline (25 milligrams nightly), pentosan polysulfate (100 milligrams 3 times a day). This treatment is prescribed based on the severity of the condition and should be followed as directed by a healthcare professional."
Lemierre’s Syndrome,"Metronidazole (500 mg IV every 8 hours), anticoagulation.","CT neck (jugular thrombus), blood culture (Fusobacterium).","Sore throat, neck pain, fever, septic emboli.","Metronidazole (500 milligrams intravenous every 8 hours), anticoagulation. This treatment is prescribed based on the severity of the condition and should be followed as directed by a healthcare professional."
Granulopenia,"GCSF (filgrastim 5 mcg/kg daily), treat cause (e.g., antibiotics).","CBC (neutrophils <1500/µL), bone marrow exam.","Frequent infections, fever, fatigue, mouth sores.","GCSF (filgrastim 5 micrograms/kg daily), treat cause (e.g., antibiotics). This treatment is prescribed based on the severity of the condition and should be followed as directed by a healthcare professional."
ZollingerEllison Syndrome,"Omeprazole (40 mg twice daily), surgery (tumor resection).","Gastrin (>1000 pg/mL), secretin test, imaging (gastrinoma).","Peptic ulcers, abdominal pain, diarrhea, reflux.","Omeprazole (40 milligrams twice daily), surgery (tumor resection). This treatment is prescribed based on the severity of the condition and should be followed as directed by a healthcare professional."
Fecal Incontinence,"Loperamide (2 mg PRN), biofeedback, surgery (sphincter repair).","Anorectal manometry, endoanal ultrasound, history.","Uncontrolled bowel leakage, urgency, soiling.","Loperamide (2 milligrams PRN), biofeedback, surgery (sphincter repair). This treatment is prescribed based on the severity of the condition and should be followed as directed by a healthcare professional."
Juvenile Idiopathic Arthritis (Entry 1),"Methotrexate (10 mg/m² weekly), naproxen (10 mg/kg).","ANA, Xray (joint erosions), clinical criteria.","Joint swelling, stiffness, pain, fever (systemic).","Methotrexate (10 milligrams/m² weekly), naproxen (10 milligrams/kg). This treatment is prescribed based on the severity of the condition and should be followed as directed by a healthcare professional."
Thyroid Disorders (General),"Levothyroxine (50100 mcg daily if hypo), methimazole (if hyper).","TSH, free T4, thyroid ultrasound, antibody tests.","Fatigue, weight changes, palpitations, neck swelling.","Levothyroxine (50100 micrograms daily if hypo), methimazole (if hyper). This treatment is prescribed based on the severity of the condition and should be followed as directed by a healthcare professional."
Zika Virus Infection,"Supportive care, acetaminophen (500 mg), fluids.","RTPCR (Zika virus), IgM serology, travel history.","Mild fever, rash, joint pain, conjunctivitis.","Supportive care, acetaminophen (500 milligrams), fluids. This treatment is prescribed based on the severity of the condition and should be followed as directed by a healthcare professional."
Motion Sickness (Entry 1),"Dimenhydrinate (50 mg every 6 hours), scopolamine patch (1.5 mg).","History of motion exposure, clinical symptoms.","Nausea, dizziness, sweating, vomiting during travel.","Dimenhydrinate (50 milligrams every 6 hours), scopolamine patch (1.5 milligrams). This treatment is prescribed based on the severity of the condition and should be followed as directed by a healthcare professional."
Chronic Myeloid Leukemia,"Imatinib (400 mg daily), dasatinib (100 mg daily), monitor.","BCRABL fusion (PCR), bone marrow biopsy, CBC.","Fatigue, splenomegaly, night sweats, weight loss.","Imatinib (400 milligrams daily), dasatinib (100 milligrams daily), monitor. This treatment is prescribed based on the severity of the condition and should be followed as directed by a healthcare professional."
Cutaneous Apudoma (Neuroendocrine Tumor),"Surgery, octreotide (200 mcg 3x daily), chemotherapy.","Biopsy (neuroendocrine cells), chromogranin A, imaging.","Skin nodules, flushing, pain, systemic symptoms.","Surgery, octreotide (200 micrograms 3 times a day), chemotherapy. This treatment is prescribed based on the severity of the condition and should be followed as directed by a healthcare professional."
Rhinosinusitis,"Fluticasone (50 mcg nasal twice daily), amoxicillin (500 mg 3x daily).","Nasal endoscopy, CT sinuses, clinical criteria.","Nasal congestion, facial pain, discharge, headache.","Fluticasone (50 micrograms nasal twice daily), amoxicillin (500 milligrams 3 times a day). This treatment is prescribed based on the severity of the condition and should be followed as directed by a healthcare professional."
Constrictive Pericarditis,"Pericardiectomy, ibuprofen (600 mg), treat cause (e.g., TB).","Echo (thickened pericardium), CT/MRI, cath (equalization).","Dyspnea, edema, fatigue, pericardial knock.","Pericardiectomy, ibuprofen (600 milligrams), treat cause (e.g., TB). This treatment is prescribed based on the severity of the condition and should be followed as directed by a healthcare professional."
Soft Tissue Infection,"Clindamycin (300 mg 3x daily), incision/drainage, antibiotics.","Clinical exam, culture (e.g., S. aureus), imaging if deep.","Redness, swelling, pain, fever, drainage.","Clindamycin (300 milligrams 3 times a day), incision/drainage, antibiotics. This treatment is prescribed based on the severity of the condition and should be followed as directed by a healthcare professional."
Anxiety Disorders (Entry 1),"Escitalopram (10 mg daily), lorazepam (0.5 mg PRN), CBT.","DSM5 criteria, GAD7 scale, rule out medical causes.","Worry, restlessness, palpitations, insomnia.","Escitalopram (10 milligrams daily), lorazepam (0.5 milligrams PRN), CBT. This treatment is prescribed based on the severity of the condition and should be followed as directed by a healthcare professional."
"PAH (Pulmonary Arterial Hypertension, Entry 2)","Tadalafil (40 mg daily), ambrisentan (10 mg daily), oxygen.","Echo (elevated RVSP), right heart cath (mPAP >20 mmHg).","Shortness of breath, fatigue, chest pain, swelling.","Tadalafil (40 milligrams daily), ambrisentan (10 milligrams daily), oxygen. This treatment is prescribed based on the severity of the condition and should be followed as directed by a healthcare professional."
Idiopathic Scoliosis,"Bracing (if progressive), surgery (fusion >45°), monitor.","Xray (Cobb angle >10°), physical exam.","Uneven shoulders, back pain, spinal curve, fatigue.","Bracing (if progressive), surgery (fusion >45°), monitor. This treatment is prescribed based on the severity of the condition and should be followed as directed by a healthcare professional."
Angioblastoma (Hemangioblastoma),"Surgery, radiosurgery, monitor if asymptomatic.","MRI (cerebellar mass), VHL gene testing.","Headache, ataxia, vision changes, nausea.","Surgery, radiosurgery, monitor if asymptomatic. This treatment is prescribed based on the severity of the condition and should be followed as directed by a healthcare professional."
COPD (Chronic Obstructive Pulmonary Disease),"Salbutamol (100 mcg PRN), tiotropium (18 mcg daily), rehab.","Spirometry (FEV1/FVC <0.7), chest Xray.","Chronic cough, wheezing, dyspnea, sputum.","Salbutamol (100 micrograms PRN), tiotropium (18 micrograms daily), rehab. This treatment is prescribed based on the severity of the condition and should be followed as directed by a healthcare professional."
Sialorrhea,"Glycopyrrolate (1 mg 3x daily), botulinum toxin (salivary glands).","Clinical exam, rule out neurologic/swallowing issues.","Excessive drooling, swallowing difficulty, wet chin.","Glycopyrrolate (1 milligrams 3 times a day), botulinum toxin (salivary glands). This treatment is prescribed based on the severity of the condition and should be followed as directed by a healthcare professional."
Mood Disorder (General),"Sertraline (50200 mg daily), psychotherapy, mood stabilizers.","DSM5 criteria, mood scales (e.g., PHQ9), psych eval.","Mood swings, depression, irritability, sleep changes.","Sertraline (50200 milligrams daily), psychotherapy, mood stabilizers. This treatment is prescribed based on the severity of the condition and should be followed as directed by a healthcare professional."
"PAH (Pulmonary Arterial Hypertension, Entry 3)","Epoprostenol (IV continuous), treprostinil (subQ), oxygen.","Right heart cath (mPAP >20 mmHg), echo (RV strain).","Breathlessness, fatigue, chest pain, cyanosis.","Epoprostenol (intravenous continuous), treprostinil (subQ), oxygen. This treatment is prescribed based on the severity of the condition and should be followed as directed by a healthcare professional."
Chronic Hepatitis C,"Sofosbuvir/ledipasvir (400/90 mg daily), ribavirin (1000 mg daily).","HCV antibody, RNA PCR, liver biopsy.","Fatigue, jaundice, nausea, liver pain (chronic).","Sofosbuvir/ledipasvir (400/90 milligrams daily), ribavirin (1000 milligrams daily). This treatment is prescribed based on the severity of the condition and should be followed as directed by a healthcare professional."
Hair Loss (Alopecia),"Minoxidil (5% topical), finasteride (1 mg daily), treat cause.","Scalp exam, pull test, hormone levels (e.g., DHT).","Thinning, bald patches, scalp irritation, shedding.","Minoxidil (5% topical), finasteride (1 milligrams daily), treat cause. This treatment is prescribed based on the severity of the condition and should be followed as directed by a healthcare professional."
Septicemia,"Ceftriaxone (2 g IV), fluids (30 mL/kg), vasopressors.","Blood culture (e.g., E. coli), lactate (>2 mmol/L), SIRS criteria.","Fever, chills, rapid pulse, confusion, shock.","Ceftriaxone (2 g intravenous), fluids (30 mL/kg), vasopressors. This treatment is prescribed based on the severity of the condition and should be followed as directed by a healthcare professional."
Ventricular Tachycardia,"Amiodarone (150 mg IV bolus), defibrillation, ablation.","ECG (wide QRS >120 ms), electrophysiology study.","Rapid heartbeat, dizziness, syncope, chest pain.","Amiodarone (150 milligrams intravenous bolus), defibrillation, ablation. This treatment is prescribed based on the severity of the condition and should be followed as directed by a healthcare professional."
Liver Disease (General),"Treat cause (e.g., antivirals), ursodiol (300 mg 3x daily), support.","Liver function tests (ALT >100 U/L), ultrasound, biopsy.","Jaundice, fatigue, abdominal swelling, bruising.","Treat cause (e.g., antivirals), ursodiol (300 milligrams 3 times a day), support. This treatment is prescribed based on the severity of the condition and should be followed as directed by a healthcare professional."
MuckleWells Syndrome,"Anakinra (100 mg SC daily), canakinumab (150 mg SC).","NLRP3 gene mutation, clinical criteria (CAPS).","Fever, rash, joint pain, hearing loss.","Anakinra (100 milligrams SC daily), canakinumab (150 milligrams SC). This treatment is prescribed based on the severity of the condition and should be followed as directed by a healthcare professional."
Serous Papillary Carcinoma,"Surgery (debulking), carboplatin (AUC 5 IV), paclitaxel.","Biopsy (papillary serous), CA125, CT staging.","Pelvic pain, bloating, abnormal bleeding, ascites.","Surgery (debulking), carboplatin (AUC 5 intravenous), paclitaxel. This treatment is prescribed based on the severity of the condition and should be followed as directed by a healthcare professional."
Portal Hypertension,"Propranolol (40 mg twice daily), TIPS, treat cause (e.g., cirrhosis).","Ultrasound (portal vein), hepatic vein pressure gradient.","Ascites, variceal bleeding, splenomegaly, jaundice.","Propranolol (40 milligrams twice daily), TIPS, treat cause (e.g., cirrhosis). This treatment is prescribed based on the severity of the condition and should be followed as directed by a healthcare professional."
Epidermolysis Bullosa (EB),"Wound care, pain management (morphine), gene therapy trials.","Skin biopsy, genetic testing (e.g., COL7A1).","Fragile skin, blisters, scarring, pain.","Wound care, pain management (morphine), gene therapy trials. This treatment is prescribed based on the severity of the condition and should be followed as directed by a healthcare professional."
Parathyroid Adenoma,"Parathyroidectomy, cinacalcet (30 mg daily), hydration.","PTH (>65 pg/mL), sestamibi scan, ultrasound.","Hypercalcemia, bone pain, fatigue, kidney stones.","Parathyroidectomy, cinacalcet (30 milligrams daily), hydration. This treatment is prescribed based on the severity of the condition and should be followed as directed by a healthcare professional."
Gastric Cancer,"Gastrectomy, 5FU (500 mg/m² IV), chemotherapy.","Endoscopy with biopsy, CT abdomen, tumor markers.","Epigastric pain, nausea, early satiety, weight loss.","Gastrectomy, 5FU (500 milligrams/m² intravenous), chemotherapy. This treatment is prescribed based on the severity of the condition and should be followed as directed by a healthcare professional."
Congenital Heart Disease (General),"Surgery (e.g., VSD closure), propranolol (1 mg/kg), monitor.","Echocardiogram (e.g., VSD), cardiac cath, chest Xray.","Cyanosis, dyspnea, murmurs, growth delay.","Surgery (e.g., VSD closure), propranolol (1 milligrams/kg), monitor. This treatment is prescribed based on the severity of the condition and should be followed as directed by a healthcare professional."
Conjunctivitis,"Erythromycin ointment (0.5%), antihistamine drops, hygiene.","Eye exam, swab culture (viral/bacterial), history.","Red eyes, discharge, itching, tearing.","Erythromycin ointment (0.5%), antihistamine drops, hygiene. This treatment is prescribed based on the severity of the condition and should be followed as directed by a healthcare professional."
Intellectual Development Disorder,"Behavioral therapy, educational support, no specific drugs.","IQ testing (<70), developmental assessment, genetic testing.","Learning difficulty, delayed milestones, social issues.","Behavioral therapy, educational support, no specific drugs. This treatment is prescribed based on the severity of the condition and should be followed as directed by a healthcare professional."
Polyarteritis,"Prednisone (1 mg/kg daily), cyclophosphamide (2 mg/kg daily).","Biopsy (vasculitis), angiography (aneurysms), HBV test.","Fever, muscle pain, neuropathy, skin nodules.","Prednisone (1 milligrams/kg daily), cyclophosphamide (2 milligrams/kg daily). This treatment is prescribed based on the severity of the condition and should be followed as directed by a healthcare professional."
"Juvenile Rheumatoid Arthritis (JRA, Variation of JIA)","Etanercept (0.8 mg/kg weekly SC), ibuprofen (10 mg/kg).","RF, ANA, Xray (joint damage), clinical criteria.","Joint swelling, stiffness, pain, uveitis risk.","Etanercept (0.8 milligrams/kg weekly SC), ibuprofen (10 milligrams/kg). This treatment is prescribed based on the severity of the condition and should be followed as directed by a healthcare professional."
Neuropathy (General),"Pregabalin (150 mg twice daily), duloxetine (60 mg daily), B12.","Nerve conduction studies, EMG, blood glucose.","Numbness, tingling, burning pain, weakness.","Pregabalin (150 milligrams twice daily), duloxetine (60 milligrams daily), B12. This treatment is prescribed based on the severity of the condition and should be followed as directed by a healthcare professional."
Blepharoconjunctivitis,"Tobramycin drops (0.3%), warm compresses, lid hygiene.","Slitlamp exam, swab culture if bacterial.","Eyelid redness, crusting, itchy eyes, discharge.","Tobramycin drops (0.3%), warm compresses, lid hygiene. This treatment is prescribed based on the severity of the condition and should be followed as directed by a healthcare professional."
Acute Headache (NonSpecific),"Ibuprofen (400 mg), sumatriptan (50 mg if migraine), hydration.","Clinical history, CT/MRI if red flags (e.g., thunderclap).","Sudden head pain, nausea, photophobia, stiffness.","Ibuprofen (400 milligrams), sumatriptan (50 milligrams if migraine), hydration. This treatment is prescribed based on the severity of the condition and should be followed as directed by a healthcare professional."
MERS (Middle East Respiratory Syndrome),"Supportive care, oxygen, no specific antiviral.","RTPCR (MERSCoV), chest CT, travel history.","Fever, cough, dyspnea, kidney failure risk.","Supportive care, oxygen, no specific antiviral. This treatment is prescribed based on the severity of the condition and should be followed as directed by a healthcare professional."
Heart Attack (Myocardial Infarction),"Aspirin (325 mg), PCI, heparin (60 units/kg IV bolus).","ECG (ST elevation), troponin (>0.04 ng/mL), cath.","Chest pain, dyspnea, sweating, nausea.","Aspirin (325 milligrams), PCI, heparin (60 units/kg intravenous bolus). This treatment is prescribed based on the severity of the condition and should be followed as directed by a healthcare professional."
Chronic Neck Pain,"Ibuprofen (400 mg), heat therapy, physical therapy.","Physical exam, Xray/MRI, rule out radiculopathy.","Stiffness, aching, radiating pain, limited motion.","Ibuprofen (400 milligrams), heat therapy, physical therapy. This treatment is prescribed based on the severity of the condition and should be followed as directed by a healthcare professional."
Episcleritis,"NSAID drops (e.g., ketorolac 0.5%), observation, treat cause.","Slitlamp exam, rule out scleritis/systemic disease.","Eye redness, mild pain, tearing, sectoral involvement.","NSAID drops (e.g., ketorolac 0.5%), observation, treat cause. This treatment is prescribed based on the severity of the condition and should be followed as directed by a healthcare professional."
Hepatitis C Virus,"Sofosbuvir/ledipasvir (400/90 mg daily), ribavirin (1000 mg daily).","HCV antibody, RNA PCR, liver biopsy.","Fatigue, jaundice, nausea, liver pain (chronic).","Sofosbuvir/ledipasvir (400/90 milligrams daily), ribavirin (1000 milligrams daily). This treatment is prescribed based on the severity of the condition and should be followed as directed by a healthcare professional."
Motion Sickness (Entry 2),"Meclizine (25 mg every 6 hours), ginger, fix gaze.","History of motion exposure, clinical symptoms.","Nausea, vomiting, dizziness, sweating during travel.","Meclizine (25 milligrams every 6 hours), ginger, fix gaze. This treatment is prescribed based on the severity of the condition and should be followed as directed by a healthcare professional."
Lymphangitis,"Penicillin (500 mg 4x daily), clindamycin (300 mg 3x daily).","Clinical exam, blood culture, lymph node ultrasound.","Red streaks, swelling, pain, fever.","Penicillin (500 milligrams 4 times a day), clindamycin (300 milligrams 3 times a day). This treatment is prescribed based on the severity of the condition and should be followed as directed by a healthcare professional."
Pulmonary Hypertension (Entry 3),"Epoprostenol (IV continuous), treprostinil (subQ), oxygen.","Echo (elevated RVSP), right heart cath (mPAP >20 mmHg).","Dyspnea, fatigue, chest pain, syncope.","Epoprostenol (intravenous continuous), treprostinil (subQ), oxygen. This treatment is prescribed based on the severity of the condition and should be followed as directed by a healthcare professional."
Histoplasmosis,"Itraconazole (200 mg twice daily), amphotericin B (0.7 mg/kg IV).","Chest Xray (nodules), Histoplasma antigen, culture.","Fever, cough, fatigue, chest pain (disseminated).","Itraconazole (200 milligrams twice daily), amphotericin B (0.7 milligrams/kg intravenous). This treatment is prescribed based on the severity of the condition and should be followed as directed by a healthcare professional."
Cerebral Palsy,"Baclofen (10 mg 3x daily), physical therapy, support.","Clinical exam, MRI (brain injury), developmental history.","Spasticity, motor delay, coordination issues, seizures.","Baclofen (10 milligrams 3 times a day), physical therapy, support. This treatment is prescribed based on the severity of the condition and should be followed as directed by a healthcare professional."
DCIS (Ductal Carcinoma In Situ Breast Cancer),"Lumpectomy, tamoxifen (20 mg daily), radiation if high risk.","Mammogram, biopsy (noninvasive cancer).","Often asymptomatic, nipple discharge, mammogram finding.","Lumpectomy, tamoxifen (20 milligrams daily), radiation if high risk. This treatment is prescribed based on the severity of the condition and should be followed as directed by a healthcare professional."
Cholangiocarcinoma,"Surgery (resection), gemcitabine (1000 mg/m² IV), stenting.","ERCP with biopsy, CA 199, MRCP imaging.","Jaundice, abdominal pain, weight loss, itching.","Surgery (resection), gemcitabine (1000 milligrams/m² intravenous), stenting. This treatment is prescribed based on the severity of the condition and should be followed as directed by a healthcare professional."
Pericoronitis,"Amoxicillin (500 mg 3x daily), saline rinse, extraction.","Oral exam (impacted tooth), Xray.","Gum pain, swelling, bad taste, difficulty opening mouth.","Amoxicillin (500 milligrams 3 times a day), saline rinse, extraction. This treatment is prescribed based on the severity of the condition and should be followed as directed by a healthcare professional."
Klinefelter Syndrome (Entry 1),"Testosterone (1% gel 50 mg daily), fertility support.","Karyotype (47,XXY), testosterone levels.","Small testes, infertility, gynecomastia, tall stature.","Testosterone (1% gel 50 milligrams daily), fertility support. This treatment is prescribed based on the severity of the condition and should be followed as directed by a healthcare professional."
Behcet Syndrome,"Colchicine (0.6 mg twice daily), prednisone (20 mg daily).","Clinical criteria (recurrent ulcers), HLAB51, biopsy.","Mouth ulcers, genital sores, uveitis, skin lesions.","Colchicine (0.6 milligrams twice daily), prednisone (20 milligrams daily). This treatment is prescribed based on the severity of the condition and should be followed as directed by a healthcare professional."
Spinal Stenosis,"Pregabalin (75 mg twice daily), physical therapy, laminectomy.","MRI (canal narrowing), Xray, physical exam.","Back pain, leg numbness, weakness, claudication.","Pregabalin (75 milligrams twice daily), physical therapy, laminectomy. This treatment is prescribed based on the severity of the condition and should be followed as directed by a healthcare professional."
Chromomycosis (Variation of Chromoblastomycosis),"Itraconazole (200 mg twice daily), cryotherapy, excision.","Skin biopsy (sclerotic bodies), fungal culture.","Warty skin lesions, itching, slow growth, scarring.","Itraconazole (200 milligrams twice daily), cryotherapy, excision. This treatment is prescribed based on the severity of the condition and should be followed as directed by a healthcare professional."
Chronic Pericarditis,"Colchicine (0.5 mg twice daily), ibuprofen (600 mg), pericardiectomy.","Echo (effusion), CT/MRI (thickening), ESR.","Chest pain, fatigue, pericardial rub, fever.","Colchicine (0.5 milligrams twice daily), ibuprofen (600 milligrams), pericardiectomy. This treatment is prescribed based on the severity of the condition and should be followed as directed by a healthcare professional."
Biliary Fistula,"Surgery (fistula closure), antibiotics (ceftriaxone 1 g IV).","ERCP (fistula tract), CT abdomen, cholangiogram.","Abdominal pain, bile leakage, fever, jaundice.","Surgery (fistula closure), antibiotics (ceftriaxone 1 g intravenous). This treatment is prescribed based on the severity of the condition and should be followed as directed by a healthcare professional."
Aortic Stenosis (Entry 2),"TAVR, metoprolol (50 mg daily), diuretics (furosemide 20 mg).","Echo (valve area <1 cm²), cardiac cath.","Dyspnea, angina, syncope, heart murmur.","TAVR, metoprolol (50 milligrams daily), diuretics (furosemide 20 milligrams). This treatment is prescribed based on the severity of the condition and should be followed as directed by a healthcare professional."
Castleman Disease,"Siltuximab (11 mg/kg IV every 3 weeks), prednisone (40 mg daily).","Lymph node biopsy, CT/PET, IL6 levels.","Enlarged lymph nodes, fever, fatigue, weight loss.","Siltuximab (11 milligrams/kg intravenous every 3 weeks), prednisone (40 milligrams daily). This treatment is prescribed based on the severity of the condition and should be followed as directed by a healthcare professional."
Erythema Multiforme,"Prednisone (40 mg daily), antihistamines, treat trigger (e.g., HSV).","Clinical exam, biopsy (interface dermatitis), rule out SJS.","Target lesions, rash, itching, mucosal involvement.","Prednisone (40 milligrams daily), antihistamines, treat trigger (e.g., HSV). This treatment is prescribed based on the severity of the condition and should be followed as directed by a healthcare professional."
Herpes Zoster Meningitis (Entry 2),"Acyclovir (10 mg/kg IV every 8 hours), gabapentin (300 mg).","CSF PCR (VZV), clinical zoster history, MRI.","Fever, rash, severe headache, confusion.","Acyclovir (10 milligrams/kg intravenous every 8 hours), gabapentin (300 milligrams). This treatment is prescribed based on the severity of the condition and should be followed as directed by a healthcare professional."
Klinefelter Syndrome (Entry 2),"Testosterone (1% gel 50 mg daily), fertility counseling.","Chromosomal analysis (47,XXY), low testosterone.","Infertility, small testes, breast enlargement, tall stature.","Testosterone (1% gel 50 milligrams daily), fertility counseling. This treatment is prescribed based on the severity of the condition and should be followed as directed by a healthcare professional."
Mycoplasma Pneumonia (Entry 1),"Azithromycin (500 mg day 1, 250 mg days 25), rest.","Chest Xray (patchy infiltrates), Mycoplasma IgM, PCR.","Dry cough, fever, fatigue, sore throat.","Azithromycin (500 milligrams day 1, 250 milligrams days 25), rest. This treatment is prescribed based on the severity of the condition and should be followed as directed by a healthcare professional."
Dercum Syndrome,"Pain management (gabapentin 300 mg), surgery (lipoma removal).","Clinical exam (lipomas), rule out other causes, biopsy.","Painful fatty lumps, fatigue, weight gain.","Pain management (gabapentin 300 milligrams), surgery (lipoma removal). This treatment is prescribed based on the severity of the condition and should be followed as directed by a healthcare professional."
Chorioblastoma (Choriocarcinoma),"Methotrexate (1 mg/kg IM), surgery, chemo (EMACO).","hCG (>100,000 IU/L), biopsy, CT (metastases).","Vaginal bleeding, pelvic pain, high hCG, lung mets.","Methotrexate (1 milligrams/kg IM), surgery, chemo (EMACO). This treatment is prescribed based on the severity of the condition and should be followed as directed by a healthcare professional."
Cervical Dysplasia,"LEEP, cryotherapy, monitor if lowgrade.","Pap smear (CIN 13), colposcopy, HPV test.","Often asymptomatic, abnormal bleeding if advanced.","LEEP, cryotherapy, monitor if lowgrade. This treatment is prescribed based on the severity of the condition and should be followed as directed by a healthcare professional."
Malignant Perivascular Epithelioid Cell Tumor (PEComa),"Surgery, sirolimus (2 mg daily), chemotherapy.","CT/MRI (mass), biopsy (PEComa cells), IHC.","Mass, pain, weight loss, organspecific symptoms.","Surgery, sirolimus (2 milligrams daily), chemotherapy. This treatment is prescribed based on the severity of the condition and should be followed as directed by a healthcare professional."
Mycoplasma Pneumonia (Entry 2),"Clarithromycin (500 mg twice daily), supportive care.","Serology (Mycoplasma IgM), chest Xray, PCR.","Persistent cough, lowgrade fever, fatigue, headache.","Clarithromycin (500 milligrams twice daily), supportive care. This treatment is prescribed based on the severity of the condition and should be followed as directed by a healthcare professional."
Proctitis,"Mesalamine (1 g suppository), antibiotics if infectious.","Proctoscopy, biopsy, stool culture (e.g., STI).","Rectal pain, bleeding, mucus discharge, urgency.","Mesalamine (1 g suppository), antibiotics if infectious. This treatment is prescribed based on the severity of the condition and should be followed as directed by a healthcare professional."
Klinefelter Syndrome (Entry 3),"Testosterone (200 mg IM every 2 weeks), support.","Karyotype (47,XXY), testosterone (<300 ng/dL).","Reduced muscle mass, infertility, gynecomastia.","Testosterone (200 milligrams IM every 2 weeks), support. This treatment is prescribed based on the severity of the condition and should be followed as directed by a healthcare professional."
Anxiety Disorders (Entry 2),"Paroxetine (20 mg daily), hydroxyzine (25 mg PRN), therapy.","DSM5 criteria, Hamilton Anxiety Scale.","Restlessness, racing thoughts, sweating, insomnia.","Paroxetine (20 milligrams daily), hydroxyzine (25 milligrams PRN), therapy. This treatment is prescribed based on the severity of the condition and should be followed as directed by a healthcare professional."
Polycythemia,"Phlebotomy, hydroxyurea (500 mg daily), aspirin (81 mg).","Hematocrit (>49% men), JAK2 mutation, bone marrow.","Fatigue, headache, ruddy complexion, itching.","Phlebotomy, hydroxyurea (500 milligrams daily), aspirin (81 milligrams). This treatment is prescribed based on the severity of the condition and should be followed as directed by a healthcare professional."
Viral Infection (General),"Supportive care, antivirals if specific (e.g., oseltamivir), rest.","Viral PCR (e.g., flu, EBV), clinical symptoms.","Fever, fatigue, muscle aches, rash (varies).","Supportive care, antivirals if specific (e.g., oseltamivir), rest. This treatment is prescribed based on the severity of the condition and should be followed as directed by a healthcare professional."
Sinus Infection (Sinusitis),"Amoxicillin (500 mg 3x daily), saline rinse, decongestants.","Nasal endoscopy, CT sinuses, culture if chronic.","Facial pain, nasal congestion, discharge, fever.","Amoxicillin (500 milligrams 3 times a day), saline rinse, decongestants. This treatment is prescribed based on the severity of the condition and should be followed as directed by a healthcare professional."
BPH (Benign Prostatic Hyperplasia),"Tamsulosin (0.4 mg daily), finasteride (5 mg daily), TURP.","PSA, DRE, uroflowmetry, ultrasound.","Urinary hesitancy, weak stream, nocturia, urgency.","Tamsulosin (0.4 milligrams daily), finasteride (5 milligrams daily), TURP. This treatment is prescribed based on the severity of the condition and should be followed as directed by a healthcare professional."
Chronic Granulocytic Leukemia (CML),"Imatinib (400 mg daily), dasatinib (100 mg daily), monitor.","BCRABL fusion (PCR), bone marrow biopsy, CBC.","Fatigue, splenomegaly, night sweats, weight loss.","Imatinib (400 milligrams daily), dasatinib (100 milligrams daily), monitor. This treatment is prescribed based on the severity of the condition and should be followed as directed by a healthcare professional."
Soft Tissue Chest Tumor (General),"Surgery, doxorubicin (60 mg/m² IV), radiation.","CT chest (mass), biopsy (e.g., sarcoma), PET.","Chest mass, pain, weight loss, dyspnea.","Surgery, doxorubicin (60 milligrams/m² intravenous), radiation. This treatment is prescribed based on the severity of the condition and should be followed as directed by a healthcare professional."
"Meningitis, Listeriosis","Ampicillin (2 g IV every 4 hours), gentamicin (1 mg/kg IV).","CSF culture (Listeria), blood culture, MRI.","Fever, headache, neck stiffness, confusion.","Ampicillin (2 g intravenous every 4 hours), gentamicin (1 milligrams/kg intravenous). This treatment is prescribed based on the severity of the condition and should be followed as directed by a healthcare professional."
Bladder Stones,"Cystolitholapaxy, tamsulosin (0.4 mg daily), hydration.","Ultrasound (stones), cystoscopy, urinalysis.","Painful urination, hematuria, lower abdominal pain.","Cystolitholapaxy, tamsulosin (0.4 milligrams daily), hydration. This treatment is prescribed based on the severity of the condition and should be followed as directed by a healthcare professional."
Swine Flu (H1N1 Influenza),"Oseltamivir (75 mg twice daily), acetaminophen (650 mg), rest.","RTPCR (H1N1), rapid flu test, clinical symptoms.","Fever, cough, sore throat, body aches, fatigue.","Oseltamivir (75 milligrams twice daily), acetaminophen (650 milligrams), rest. This treatment is prescribed based on the severity of the condition and should be followed as directed by a healthcare professional."
Pulmonary Hemorrhage,"Prednisone (1 mg/kg daily), cyclophosphamide (2 mg/kg IV), oxygen.","Chest CT (bleeding), bronchoscopy, labs (e.g., ANCA).","Hemoptysis, dyspnea, chest pain, anemia.","Prednisone (1 milligrams/kg daily), cyclophosphamide (2 milligrams/kg intravenous), oxygen. This treatment is prescribed based on the severity of the condition and should be followed as directed by a healthcare professional."
Tracheoesophageal Fistula,"Surgical repair, supportive care, antibiotics if infected.","Esophagram (fistula), bronchoscopy, CT chest.","Coughing with feeding, choking, respiratory distress (infants).","Surgical repair, supportive care, antibiotics if infected. This treatment is prescribed based on the severity of the condition and should be followed as directed by a healthcare professional."
Colorectal Cancer,"Colectomy, oxaliplatin (85 mg/m² IV), 5FU (400 mg/m² IV).","Colonoscopy with biopsy, CEA, CT staging.","Rectal bleeding, bowel changes, abdominal pain, anemia.","Colectomy, oxaliplatin (85 milligrams/m² intravenous), 5FU (400 milligrams/m² intravenous). This treatment is prescribed based on the severity of the condition and should be followed as directed by a healthcare professional."
Eosinophilic Pustular Folliculitis,"Topical steroids (clobetasol 0.05%), doxycycline (100 mg daily).","Skin biopsy (eosinophils), blood eosinophil count.","Itchy pustules, facial redness, eosinophilia.","Topical steroids (clobetasol 0.05%), doxycycline (100 milligrams daily). This treatment is prescribed based on the severity of the condition and should be followed as directed by a healthcare professional."
"Sinusitis (Sinus Infection, Entry 2)","Augmentin (875/125 mg twice daily), saline rinse, decongestants.","CT sinuses, nasal swab, clinical criteria.","Nasal congestion, facial pressure, thick discharge, fever.","Augmentin (875/125 milligrams twice daily), saline rinse, decongestants. This treatment is prescribed based on the severity of the condition and should be followed as directed by a healthcare professional."
Ovarian Abscess,"Metronidazole (500 mg IV), ceftriaxone (1 g IV), drainage.","Pelvic ultrasound (abscess), culture, labs (WBC).","Pelvic pain, fever, vaginal discharge, nausea.","Metronidazole (500 milligrams intravenous), ceftriaxone (1 g intravenous), drainage. This treatment is prescribed based on the severity of the condition and should be followed as directed by a healthcare professional."
Pulmonary Edema (Entry 2),"Furosemide (40 mg IV), nitroglycerin (0.4 mg SL), oxygen.","Chest Xray (interstitial markings), BNP (>500 pg/mL).","Shortness of breath, frothy sputum, cyanosis, distress.","Furosemide (40 milligrams intravenous), nitroglycerin (0.4 milligrams SL), oxygen. This treatment is prescribed based on the severity of the condition and should be followed as directed by a healthcare professional."
"Bursitis (General, Entry 2)","Rest, naproxen (500 mg twice daily), corticosteroid injection.","Physical exam, ultrasound, aspiration if septic.","Joint pain, swelling, warmth, reduced motion.","Rest, naproxen (500 milligrams twice daily), corticosteroid injection. This treatment is prescribed based on the severity of the condition and should be followed as directed by a healthcare professional."
High Triglycerides (Hypertriglyceridemia),"Fenofibrate (145 mg daily), omega3 fatty acids (2 g daily).","Serum triglycerides (>150 mg/dL), lipid panel.","Asymptomatic often, abdominal pain (if severe), xanthomas.","Fenofibrate (145 milligrams daily), omega3 fatty acids (2 g daily). This treatment is prescribed based on the severity of the condition and should be followed as directed by a healthcare professional."
Ventricular Arrhythmia,"Amiodarone (200 mg daily), betablockers, ablation.","ECG (ventricular ectopy), Holter monitor, EP study.","Palpitations, dizziness, syncope, chest pain.","Amiodarone (200 milligrams daily), betablockers, ablation. This treatment is prescribed based on the severity of the condition and should be followed as directed by a healthcare professional."
Zika Fever (Variation of Zika Virus),"Supportive care, acetaminophen (500 mg), fluids.","RTPCR (Zika virus), IgM serology, travel history.","Mild fever, rash, joint pain, conjunctivitis.","Supportive care, acetaminophen (500 milligrams), fluids. This treatment is prescribed based on the severity of the condition and should be followed as directed by a healthcare professional."
Follicular Lymphoma,"Rituximab (375 mg/m² IV), bendamustine (90 mg/m² IV), watchandwait.","Biopsy (follicular pattern), PETCT, staging.","Painless lymphadenopathy, fatigue, night sweats.","Rituximab (375 milligrams/m² intravenous), bendamustine (90 milligrams/m² intravenous), watchandwait. This treatment is prescribed based on the severity of the condition and should be followed as directed by a healthcare professional."
Septicemic Plague,"Gentamicin (5 mg/kg IV daily), doxycycline (100 mg twice daily).","Blood culture (Yersinia pestis), PCR, clinical history.","Fever, chills, shock, purpura, organ failure.","Gentamicin (5 milligrams/kg intravenous daily), doxycycline (100 milligrams twice daily). This treatment is prescribed based on the severity of the condition and should be followed as directed by a healthcare professional."
Hypochromic Anemia,"Ferrous sulfate (325 mg 3x daily), vitamin C (500 mg).","CBC (low MCV, MCH), iron studies (low ferritin).","Fatigue, pallor, weakness, shortness of breath.","Ferrous sulfate (325 milligrams 3 times a day), vitamin C (500 milligrams). This treatment is prescribed based on the severity of the condition and should be followed as directed by a healthcare professional."
Carotid Artery Disease,"Carotid endarterectomy, aspirin (81 mg daily), statins.","Carotid Doppler (stenosis >70%), CTA/MRA.","TIA (transient weakness), bruit, stroke risk.","Carotid endarterectomy, aspirin (81 milligrams daily), statins. This treatment is prescribed based on the severity of the condition and should be followed as directed by a healthcare professional."
Acute Myeloblastic Leukemia (AML),"Cytarabine (100 mg/m² IV), daunorubicin (60 mg/m² IV), transplant.","Bone marrow biopsy (blasts >20%), cytogenetics.","Fatigue, bruising, infections, bone pain.","Cytarabine (100 milligrams/m² intravenous), daunorubicin (60 milligrams/m² intravenous), transplant. This treatment is prescribed based on the severity of the condition and should be followed as directed by a healthcare professional."
Juvenile Spondylarthropathy,"Sulfasalazine (1 g twice daily), naproxen (10 mg/kg).","HLAB27, Xray (sacroiliitis), clinical criteria.","Joint pain, stiffness, enthesitis, back pain.","Sulfasalazine (1 g twice daily), naproxen (10 milligrams/kg). This treatment is prescribed based on the severity of the condition and should be followed as directed by a healthcare professional."
Keratoconjunctivitis,"Antiviral drops (ganciclovir 0.15%), artificial tears, treat cause.","Slitlamp exam, swab culture (viral/bacterial).","Red eyes, gritty sensation, discharge, photophobia.","Antiviral drops (ganciclovir 0.15%), artificial tears, treat cause. This treatment is prescribed based on the severity of the condition and should be followed as directed by a healthcare professional."
Pulmonary Edema (Entry 3),"Furosemide (40 mg IV), morphine (2 mg IV), oxygen.","Chest Xray (fluid), BNP (>500 pg/mL), echo.","Severe shortness of breath, coughing blood, cyanosis.","Furosemide (40 milligrams intravenous), morphine (2 milligrams intravenous), oxygen. This treatment is prescribed based on the severity of the condition and should be followed as directed by a healthcare professional."
Intracerebral Hemorrhage,"Surgery (craniotomy if large), BP control (labetalol IV), ICU.","CT head (hyperdense bleed), neurological exam.","Sudden headache, weakness, confusion, coma.","Surgery (craniotomy if large), BP control (labetalol intravenous), ICU. This treatment is prescribed based on the severity of the condition and should be followed as directed by a healthcare professional."
SjogrenLarsson Syndrome,"Moisturizers, baclofen (10 mg 3x daily), supportive care.","ALDH3A2 mutation, skin biopsy, neurological exam.","Ichthyosis, spasticity, intellectual disability.","Moisturizers, baclofen (10 milligrams 3 times a day), supportive care. This treatment is prescribed based on the severity of the condition and should be followed as directed by a healthcare professional."
Intraocular Hypertension,"Latanoprost (0.005% drops nightly), timolol (0.5% drops).","Tonometry (IOP >21 mmHg), gonioscopy.","Eye pressure sensation, blurred vision, halos.","Latanoprost (0.005% drops nightly), timolol (0.5% drops). This treatment is prescribed based on the severity of the condition and should be followed as directed by a healthcare professional."
PANDAS Syndrome,"Penicillin (500 mg twice daily), CBT, IVIG if severe.","ASO titers, clinical criteria, rule out other causes.","Sudden OCD, tics, behavior changes poststrep.","Penicillin (500 milligrams twice daily), CBT, intravenousIG if severe. This treatment is prescribed based on the severity of the condition and should be followed as directed by a healthcare professional."
Dysthymia,"Bupropion (150 mg daily), psychotherapy, lifestyle changes.","DSM5 (2+ years), PHQ9, rule out MDD.","Chronic low mood, fatigue, hopelessness, sleep issues.","Bupropion (150 milligrams daily), psychotherapy, lifestyle changes. This treatment is prescribed based on the severity of the condition and should be followed as directed by a healthcare professional."
Myalgia (NonSpecific),"Ibuprofen (400 mg), rest, treat cause (e.g., statins).","Clinical exam, CK levels, rule out systemic causes.","Muscle pain, stiffness, fatigue, tenderness.","Ibuprofen (400 milligrams), rest, treat cause (e.g., statins). This treatment is prescribed based on the severity of the condition and should be followed as directed by a healthcare professional."
Motion Sickness (Entry 3),"Promethazine (25 mg every 6 hours), wrist bands, rest.","History of motion exposure, clinical symptoms.","Nausea, dizziness, cold sweat during travel.","Promethazine (25 milligrams every 6 hours), wrist bands, rest. This treatment is prescribed based on the severity of the condition and should be followed as directed by a healthcare professional."
HutchinsonGilford Syndrome (Progeria),"Lonafarnib (150 mg/m² daily), supportive care, no cure.","LMNA gene mutation, clinical features, imaging.","Premature aging, hair loss, growth failure, joint stiffness.","Lonafarnib (150 milligrams/m² daily), supportive care, no cure. This treatment is prescribed based on the severity of the condition and should be followed as directed by a healthcare professional."
Acute Rash (NonSpecific),"Hydrocortisone (1% cream), antihistamines, treat cause.","Clinical exam, biopsy if persistent, allergy/infection tests.","Sudden redness, itching, bumps, possible fever.","Hydrocortisone (1% cream), antihistamines, treat cause. This treatment is prescribed based on the severity of the condition and should be followed as directed by a healthcare professional."
Serous Surface Papillary Carcinoma,"Surgery (debulking), carboplatin (AUC 5 IV), paclitaxel.","Biopsy (papillary serous), CA125, CT staging.","Pelvic pain, bloating, abnormal bleeding, ascites.","Surgery (debulking), carboplatin (AUC 5 intravenous), paclitaxel. This treatment is prescribed based on the severity of the condition and should be followed as directed by a healthcare professional."
Dyshidrosis,"Topical steroids (clobetasol 0.05%), moisturizers, avoid triggers.","Clinical exam, rule out fungal infection, patch testing.","Itchy blisters (hands/feet), redness, peeling skin.","Topical steroids (clobetasol 0.05%), moisturizers, avoid triggers. This treatment is prescribed based on the severity of the condition and should be followed as directed by a healthcare professional."
Sprue (Celiac Disease),"Glutenfree diet, dapsone (50 mg daily for rash), no cure.","tTGIgA, small bowel biopsy, gluten challenge.","Diarrhea, bloating, fatigue, dermatitis herpetiformis.","Glutenfree diet, dapsone (50 milligrams daily for rash), no cure. This treatment is prescribed based on the severity of the condition and should be followed as directed by a healthcare professional."
Malignant Melanoma,"Excision, nivolumab (240 mg IV every 2 weeks), radiation.","Skin biopsy (melanoma cells), sentinel node biopsy.","Asymmetrical mole, color change, bleeding, growth.","Excision, nivolumab (240 milligrams intravenous every 2 weeks), radiation. This treatment is prescribed based on the severity of the condition and should be followed as directed by a healthcare professional."
Mycoplasma Pneumonia,"Azithromycin (500 mg day 1, 250 mg days 25), rest.","Chest Xray (patchy infiltrates), Mycoplasma IgM, PCR.","Dry cough, fever, fatigue, sore throat.","Azithromycin (500 milligrams day 1, 250 milligrams days 25), rest. This treatment is prescribed based on the severity of the condition and should be followed as directed by a healthcare professional."
Schnitzler Syndrome,"Anakinra (100 mg SC daily), colchicine (0.6 mg twice daily).","IgM gammopathy, clinical criteria, IL1 elevation.","Chronic urticaria, fever, bone pain, fatigue.","Anakinra (100 milligrams SC daily), colchicine (0.6 milligrams twice daily). This treatment is prescribed based on the severity of the condition and should be followed as directed by a healthcare professional."
Hypoplasminogenemia,"Plasminogen replacement (IV), supportive care.","Plasminogen activity (<50%), genetic testing (PLG).","Ligneous conjunctivitis, gum lesions, respiratory issues.","Plasminogen replacement (intravenous), supportive care. This treatment is prescribed based on the severity of the condition and should be followed as directed by a healthcare professional."
Gallbladder Cancer,"Cholecystectomy, gemcitabine (1000 mg/m² IV), palliation.","Ultrasound (mass), CT, biopsy (adenocarcinoma).","Right upper quadrant pain, jaundice, weight loss.","Cholecystectomy, gemcitabine (1000 milligrams/m² intravenous), palliation. This treatment is prescribed based on the severity of the condition and should be followed as directed by a healthcare professional."
Lactose Intolerance,"Lactase enzyme (9000 IU), lactosefree diet, calcium supplements.","Hydrogen breath test, symptom response to lactose avoidance.","Bloating, diarrhea, gas, abdominal pain after dairy.","Lactase enzyme (9000 IU), lactosefree diet, calcium supplements. This treatment is prescribed based on the severity of the condition and should be followed as directed by a healthcare professional."
Piriformis Syndrome,"Physical therapy, gabapentin (300 mg 3x daily), steroid injection.","Physical exam (piriformis tenderness), MRI to rule out disc.","Buttock pain, sciatica, numbness, worse with sitting.","Physical therapy, gabapentin (300 milligrams 3 times a day), steroid injection. This treatment is prescribed based on the severity of the condition and should be followed as directed by a healthcare professional."
WaterhouseFriderichsen Syndrome,"Hydrocortisone (100 mg IV), ceftriaxone (2 g IV), ICU care.","Blood culture (N. meningitidis), cortisol (<10 µg/dL), CT.","Fever, shock, petechial rash, adrenal failure.","Hydrocortisone (100 milligrams intravenous), ceftriaxone (2 g intravenous), ICU care. This treatment is prescribed based on the severity of the condition and should be followed as directed by a healthcare professional."
Dystrophic Epidermolysis Bullosa,"Wound care, pain management (morphine), gene therapy trials.","Skin biopsy (subepidermal split), COL7A1 mutation.","Fragile skin, blisters, scarring, nail loss.","Wound care, pain management (morphine), gene therapy trials. This treatment is prescribed based on the severity of the condition and should be followed as directed by a healthcare professional."
Microscopic Colitis,"Budesonide (9 mg daily), loperamide (2 mg PRN), hydration.","Colonoscopy with biopsy (lymphocytic), fecal tests.","Chronic watery diarrhea, abdominal pain, fatigue.","Budesonide (9 milligrams daily), loperamide (2 milligrams PRN), hydration. This treatment is prescribed based on the severity of the condition and should be followed as directed by a healthcare professional."
Alcohol Use Disorder (Entry 1),"Naltrexone (50 mg daily), acamprosate (666 mg 3x daily), therapy.","DSM5, AUDIT score, liver function tests.","Craving, withdrawal, tolerance, social impairment.","Naltrexone (50 milligrams daily), acamprosate (666 milligrams 3 times a day), therapy. This treatment is prescribed based on the severity of the condition and should be followed as directed by a healthcare professional."
Arthritis (General),"Ibuprofen (400 mg), methotrexate (15 mg weekly if RA), PT.","Xray (joint changes), RF/ANA, clinical exam.","Joint pain, swelling, stiffness, reduced motion.","Ibuprofen (400 milligrams), methotrexate (15 milligrams weekly if RA), PT. This treatment is prescribed based on the severity of the condition and should be followed as directed by a healthcare professional."
Pancreaticoduodenectomy (PostProcedure Context),"Pancreatic enzymes (Creon 36,000 units), pain relief, diet support.","Postop imaging (CT), labs (nutrition), history.","Pain, digestive issues, weight loss (postsurgical).","Pancreatic enzymes (Creon 36,000 units), pain relief, diet support. This treatment is prescribed based on the severity of the condition and should be followed as directed by a healthcare professional."
Condyloma (Genital Warts),"Imiquimod (5% cream), cryotherapy, podophyllotoxin (0.5%).","Visual inspection, HPV typing, biopsy if atypical.","Small bumps, itching, clustered growths, discomfort.","Imiquimod (5% cream), cryotherapy, podophyllotoxin (0.5%). This treatment is prescribed based on the severity of the condition and should be followed as directed by a healthcare professional."
McCuneAlbright Syndrome,"Letrozole (2.5 mg daily for puberty), bisphosphonates, surgery.","GNAS mutation, bone Xray (polyostotic), endocrine labs.","Caféaulait spots, precocious puberty, bone deformities.","Letrozole (2.5 milligrams daily for puberty), bisphosphonates, surgery. This treatment is prescribed based on the severity of the condition and should be followed as directed by a healthcare professional."
WPW Syndrome (WolffParkinsonWhite),"Radiofrequency ablation, propranolol (40 mg 3x daily).","ECG (delta wave), EP study.","Palpitations, tachycardia, dizziness, syncope.","Radiofrequency ablation, propranolol (40 milligrams 3 times a day). This treatment is prescribed based on the severity of the condition and should be followed as directed by a healthcare professional."
"DJD (Degenerative Joint Disease, Osteoarthritis)","Acetaminophen (1 g 3x daily), glucosamine (1500 mg), injection.","Xray (joint space narrowing), physical exam.","Joint pain, stiffness, swelling, crepitus.","Acetaminophen (1 g 3 times a day), glucosamine (1500 milligrams), injection. This treatment is prescribed based on the severity of the condition and should be followed as directed by a healthcare professional."
"DCIS (Ductal Carcinoma In Situ Breast Cancer, Entry 1)","Lumpectomy, tamoxifen (20 mg daily), radiation if high risk.","Mammogram, biopsy (noninvasive cancer).","Often asymptomatic, nipple discharge, mammogram finding.","Lumpectomy, tamoxifen (20 milligrams daily), radiation if high risk. This treatment is prescribed based on the severity of the condition and should be followed as directed by a healthcare professional."
Small Bowel Cancer,"Surgery (resection), chemotherapy (5FU 400 mg/m² IV).","CT enterography, biopsy (adenocarcinoma), capsule endoscopy.","Abdominal pain, bleeding, obstruction, weight loss.","Surgery (resection), chemotherapy (5FU 400 milligrams/m² intravenous). This treatment is prescribed based on the severity of the condition and should be followed as directed by a healthcare professional."
Tick Bite,"Doxycycline (100 mg twice daily if infected), antiseptic, monitor.","Clinical history, Lyme serology if symptomatic.","Redness, itching, fever (if infected), rash.","Doxycycline (100 milligrams twice daily if infected), antiseptic, monitor. This treatment is prescribed based on the severity of the condition and should be followed as directed by a healthcare professional."
Bipolar Disorder,"Lithium (900 mg daily), valproate (500 mg daily), therapy.","DSM5 criteria, mood charting, psych eval.","Mood swings, mania, depression, irritability.","Lithium (900 milligrams daily), valproate (500 milligrams daily), therapy. This treatment is prescribed based on the severity of the condition and should be followed as directed by a healthcare professional."
Dyspareunia,"Lubricants, estrogen cream (0.5 mg nightly), treat cause.","Pelvic exam, history, rule out infection/endometriosis.","Painful intercourse, burning, pelvic discomfort.","Lubricants, estrogen cream (0.5 milligrams nightly), treat cause. This treatment is prescribed based on the severity of the condition and should be followed as directed by a healthcare professional."
Hyperaldosteronism,"Spironolactone (100 mg daily), adrenalectomy if adenoma.","Aldosterone/renin ratio (>30), adrenal CT.","Hypertension, muscle cramps, fatigue, hypokalemia.","Spironolactone (100 milligrams daily), adrenalectomy if adenoma. This treatment is prescribed based on the severity of the condition and should be followed as directed by a healthcare professional."
Idiopathic Hypersomnolence,"Modafinil (200 mg daily), clarithromycin (500 mg), sleep management.","Polysomnography, MSLT (>8 hr sleep), rule out narcolepsy.","Excessive daytime sleepiness, long naps, grogginess.","Modafinil (200 milligrams daily), clarithromycin (500 milligrams), sleep management. This treatment is prescribed based on the severity of the condition and should be followed as directed by a healthcare professional."
Pemphigus Vulgaris,"Prednisone (1 mg/kg daily), rituximab (1 g IV), topical steroids.","Skin biopsy (acantholysis), immunofluorescence.","Painful blisters, mouth sores, skin erosions, itching.","Prednisone (1 milligrams/kg daily), rituximab (1 g intravenous), topical steroids. This treatment is prescribed based on the severity of the condition and should be followed as directed by a healthcare professional."
Alcoholic Liver Disease,"Abstinence, prednisolone (40 mg daily), nutritional support.","Liver function tests (AST >ALT), ultrasound, biopsy.","Jaundice, fatigue, abdominal pain, ascites.","Abstinence, prednisolone (40 milligrams daily), nutritional support. This treatment is prescribed based on the severity of the condition and should be followed as directed by a healthcare professional."
Campylobacter Gastroenteritis,"Azithromycin (500 mg daily), fluids, supportive care.","Stool culture (Campylobacter), clinical symptoms.","Diarrhea (bloody), fever, abdominal cramps, nausea.","Azithromycin (500 milligrams daily), fluids, supportive care. This treatment is prescribed based on the severity of the condition and should be followed as directed by a healthcare professional."
ITP (Immune Thrombocytopenia),"Prednisolone (1 mg/kg daily), IVIG (1 g/kg), rituximab.","CBC (platelets <100,000/µL), peripheral smear, rule out causes.","Bruising, petechiae, bleeding gums, fatigue.","Prednisolone (1 milligrams/kg daily), intravenousIG (1 g/kg), rituximab. This treatment is prescribed based on the severity of the condition and should be followed as directed by a healthcare professional."
Keratosis Pilaris (KP),"Urea cream (10%), lactic acid lotion (12%), moisturizers.","Clinical exam, rule out eczema, skin inspection.","Rough, bumpy skin, small red/white papules, dryness.","Urea cream (10%), lactic acid lotion (12%), moisturizers. This treatment is prescribed based on the severity of the condition and should be followed as directed by a healthcare professional."
Renovascular Hypertension,"Angioplasty, lisinopril (10 mg daily), statins.","Renal artery Doppler, CTA (stenosis), renin levels.","Severe hypertension, renal bruit, fatigue, edema.","Angioplasty, lisinopril (10 milligrams daily), statins. This treatment is prescribed based on the severity of the condition and should be followed as directed by a healthcare professional."
Epigastric Pain (NonSpecific),"Omeprazole (20 mg daily), treat cause (e.g., antibiotics).","Endoscopy (e.g., ulcer), H. pylori test, labs.","Upper abdominal discomfort, burning, nausea, bloating.","Omeprazole (20 milligrams daily), treat cause (e.g., antibiotics). This treatment is prescribed based on the severity of the condition and should be followed as directed by a healthcare professional."
Metabolic Disorders (General),"Dietary management, specific meds (e.g., metformin), treat cause.","Blood tests (e.g., glucose, lipids), genetic testing, biopsy.","Fatigue, weight changes, abnormal labs, organ dysfunction.","Dietary management, specific meds (e.g., metformin), treat cause. This treatment is prescribed based on the severity of the condition and should be followed as directed by a healthcare professional."
Tapeworm Infection (Entry 1),"Praziquantel (10 mg/kg single dose), albendazole (400 mg daily).","Stool ova/parasite exam, Taenia serology.","Abdominal discomfort, nausea, visible segments in stool.","Praziquantel (10 milligrams/kg single dose), albendazole (400 milligrams daily). This treatment is prescribed based on the severity of the condition and should be followed as directed by a healthcare professional."
Polyhidrosis (Hyperhidrosis),"Aluminum chloride (20% topical), botulinum toxin (50 units).","Clinical exam, starchiodine test, rule out secondary causes.","Excessive sweating, wet hands/feet, odor, discomfort.","Aluminum chloride (20% topical), botulinum toxin (50 units). This treatment is prescribed based on the severity of the condition and should be followed as directed by a healthcare professional."
Gilbert Syndrome,"No specific treatment, reassurance, avoid fasting.","Unconjugated bilirubin elevation, UGT1A1 mutation, normal LFTs.","Mild jaundice, fatigue, asymptomatic often.","No specific treatment, reassurance, avoid fasting. This treatment is prescribed based on the severity of the condition and should be followed as directed by a healthcare professional."
Addison Disease,"Hydrocortisone (20 mg AM, 10 mg PM), fludrocortisone (0.1 mg).","ACTH stimulation test, cortisol (<3 µg/dL), adrenal CT.","Fatigue, skin darkening, low BP, salt craving.","Hydrocortisone (20 milligrams AM, 10 milligrams PM), fludrocortisone (0.1 milligrams). This treatment is prescribed based on the severity of the condition and should be followed as directed by a healthcare professional."
Low Testosterone (LowT),"Testosterone (1% gel 50 mg daily), clomiphene (25 mg daily).","Serum testosterone (<300 ng/dL), LH/FSH levels.","Fatigue, low libido, muscle loss, mood changes.","Testosterone (1% gel 50 milligrams daily), clomiphene (25 milligrams daily). This treatment is prescribed based on the severity of the condition and should be followed as directed by a healthcare professional."
Dental Pain (NonSpecific),"Ibuprofen (400 mg), amoxicillin (500 mg 3x daily), dental repair.","Dental exam, Xray (caries/abscess), percussion test.","Toothache, sensitivity, swelling, gum pain.","Ibuprofen (400 milligrams), amoxicillin (500 milligrams 3 times a day), dental repair. This treatment is prescribed based on the severity of the condition and should be followed as directed by a healthcare professional."
Dercum’s Disease,"Pain management (gabapentin 300 mg), surgery (lipoma removal).","Clinical exam (lipomas), rule out other causes, biopsy.","Painful fatty lumps, fatigue, weight gain.","Pain management (gabapentin 300 milligrams), surgery (lipoma removal). This treatment is prescribed based on the severity of the condition and should be followed as directed by a healthcare professional."
Insulin Resistance Syndrome (Metabolic Syndrome),"Metformin (500 mg twice daily), lifestyle changes, statins.","NCEP ATP III (e.g., HDL <40 mg/dL), fasting glucose.","Obesity, hypertension, fatigue, acanthosis nigricans.","Metformin (500 milligrams twice daily), lifestyle changes, statins. This treatment is prescribed based on the severity of the condition and should be followed as directed by a healthcare professional."
CIC (Chronic Idiopathic Constipation),"Polyethylene glycol (17 g daily), lubiprostone (24 mcg twice daily).","Rome IV criteria, colonic transit study, rule out causes.","Infrequent stools, straining, bloating, hard stool.","Polyethylene glycol (17 g daily), lubiprostone (24 micrograms twice daily). This treatment is prescribed based on the severity of the condition and should be followed as directed by a healthcare professional."
Bacterial Infection (General),"Amoxicillin (500 mg 3x daily), treat site/cause, drainage.","Culture (e.g., S. aureus), blood tests, imaging.","Fever, pain, swelling, discharge (sitespecific).","Amoxicillin (500 milligrams 3 times a day), treat site/cause, drainage. This treatment is prescribed based on the severity of the condition and should be followed as directed by a healthcare professional."
EpididymoOrchitis,"Ceftriaxone (250 mg IM), doxycycline (100 mg twice daily), rest.","Scrotal ultrasound, urine culture, STI testing.","Testicular pain, swelling, fever, dysuria.","Ceftriaxone (250 milligrams IM), doxycycline (100 milligrams twice daily), rest. This treatment is prescribed based on the severity of the condition and should be followed as directed by a healthcare professional."
Meningococcal Meningitis,"Ceftriaxone (2 g IV every 12 hours), rifampin prophylaxis.","CSF culture (N. meningitidis), blood culture, PCR.","Fever, stiff neck, rash (petechial), headache.","Ceftriaxone (2 g intravenous every 12 hours), rifampin prophylaxis. This treatment is prescribed based on the severity of the condition and should be followed as directed by a healthcare professional."
MS (Multiple Sclerosis),"Interferon beta1a (30 mcg IM weekly), natalizumab (300 mg IV).","MRI (white matter lesions), CSF oligoclonal bands, EP.","Numbness, vision loss, fatigue, spasticity.","Interferon beta1a (30 micrograms IM weekly), natalizumab (300 milligrams intravenous). This treatment is prescribed based on the severity of the condition and should be followed as directed by a healthcare professional."
Vaginitis (Entry 1),"Metronidazole (500 mg twice daily for BV), fluconazole (150 mg).","Wet mount, pH test, culture (e.g., BV, yeast).","Discharge, itching, burning, odor.","Metronidazole (500 milligrams twice daily for BV), fluconazole (150 milligrams). This treatment is prescribed based on the severity of the condition and should be followed as directed by a healthcare professional."
Vaginitis (Entry 2),"Clotrimazole (1% cream), treat cause, hygiene.","Vaginal swab (e.g., Candida), clinical exam.","Vaginal irritation, abnormal discharge, pain, redness.","Clotrimazole (1% cream), treat cause, hygiene. This treatment is prescribed based on the severity of the condition and should be followed as directed by a healthcare professional."
Anal Fistula,"Fistulotomy, metronidazole (500 mg 3x daily), seton placement.","Physical exam, MRI, fistulography.","Anal pain, discharge, swelling, recurrent abscesses.","Fistulotomy, metronidazole (500 milligrams 3 times a day), seton placement. This treatment is prescribed based on the severity of the condition and should be followed as directed by a healthcare professional."
Pulmonary Eosinophilia,"Prednisone (40 mg daily), treat cause (e.g., parasite), monitor.","Chest Xray (infiltrates), BAL (eosinophils >25%).","Cough, dyspnea, wheezing, eosinophilia.","Prednisone (40 milligrams daily), treat cause (e.g., parasite), monitor. This treatment is prescribed based on the severity of the condition and should be followed as directed by a healthcare professional."
ChurgStrauss Syndrome (Entry 1),"Prednisone (1 mg/kg daily), cyclophosphamide (2 mg/kg daily).","Eosinophilia (>10%), ANCA, biopsy (vasculitis).","Asthma, sinusitis, rash, neuropathy.","Prednisone (1 milligrams/kg daily), cyclophosphamide (2 milligrams/kg daily). This treatment is prescribed based on the severity of the condition and should be followed as directed by a healthcare professional."
MF (Myelofibrosis),"Ruxolitinib (20 mg twice daily), transfusion, hydroxyurea.","Bone marrow biopsy (fibrosis), JAK2 mutation test.","Fatigue, splenomegaly, bone pain, night sweats.","Ruxolitinib (20 milligrams twice daily), transfusion, hydroxyurea. This treatment is prescribed based on the severity of the condition and should be followed as directed by a healthcare professional."
Broken Finger,"Splinting, ibuprofen (400 mg), surgery if complex.","Xray (fracture), physical exam.","Pain, swelling, deformity, limited motion.","Splinting, ibuprofen (400 milligrams), surgery if complex. This treatment is prescribed based on the severity of the condition and should be followed as directed by a healthcare professional."
Acute Diarrhea,"Oral rehydration solution, loperamide (2 mg PRN), treat cause.","Stool culture (e.g., viral), clinical history, labs.","Frequent loose stools, cramps, dehydration, fever.","Oral rehydration solution, loperamide (2 milligrams PRN), treat cause. This treatment is prescribed based on the severity of the condition and should be followed as directed by a healthcare professional."
Dysrhythmia (Arrhythmia),"Metoprolol (25 mg daily), amiodarone (200 mg daily), ablation.","ECG (e.g., AFib), Holter monitor, EP study.","Palpitations, dizziness, fatigue, irregular pulse.","Metoprolol (25 milligrams daily), amiodarone (200 milligrams daily), ablation. This treatment is prescribed based on the severity of the condition and should be followed as directed by a healthcare professional."
Eisenmenger Syndrome,"Bosentan (125 mg twice daily), oxygen, avoid exertion.","Echo (shunt reversal), cardiac cath, oxygen saturation.","Cyanosis, dyspnea, fatigue, clubbing.","Bosentan (125 milligrams twice daily), oxygen, avoid exertion. This treatment is prescribed based on the severity of the condition and should be followed as directed by a healthcare professional."
Malignant Myeloid/Lymphoid Neoplasm (General),"Chemotherapy (e.g., cytarabine), targeted therapy (e.g., ibrutinib).","Bone marrow biopsy (blasts), cytogenetics, flow cytometry.","Fatigue, bruising, infections, lymphadenopathy.","Chemotherapy (e.g., cytarabine), targeted therapy (e.g., ibrutinib). This treatment is prescribed based on the severity of the condition and should be followed as directed by a healthcare professional."
Uvulitis,"Dexamethasone (10 mg IV), antibiotics (penicillin 500 mg), fluids.","Throat exam, culture (e.g., strep), imaging if severe.","Swollen uvula, throat pain, difficulty swallowing, drooling.","Dexamethasone (10 milligrams intravenous), antibiotics (penicillin 500 milligrams), fluids. This treatment is prescribed based on the severity of the condition and should be followed as directed by a healthcare professional."
Hypertrophic Osteoarthritis,"Acetaminophen (1 g 3x daily), intraarticular steroids, PT.","Xray (osteophytes), physical exam, rule out RA.","Joint pain, stiffness, bony enlargement, swelling.","Acetaminophen (1 g 3 times a day), intraarticular steroids, PT. This treatment is prescribed based on the severity of the condition and should be followed as directed by a healthcare professional."
Acute Bronchitis,"Supportive care, albuterol (2.5 mg nebulized), fluids.","Clinical exam, chest Xray (rule out pneumonia).","Cough, wheezing, chest discomfort, mild fever.","Supportive care, albuterol (2.5 milligrams nebulized), fluids. This treatment is prescribed based on the severity of the condition and should be followed as directed by a healthcare professional."
West Syndrome,"ACTH (20 IU/m² IM daily), vigabatrin (50 mg/kg daily).","EEG (hypsarrhythmia), MRI, clinical history.","Infantile spasms, developmental regression, seizures.","ACTH (20 IU/m² IM daily), vigabatrin (50 milligrams/kg daily). This treatment is prescribed based on the severity of the condition and should be followed as directed by a healthcare professional."
Pityriasis Rubra Pilaris,"Acitretin (25 mg daily), methotrexate (15 mg weekly), steroids.","Skin biopsy (psoriasiform), clinical exam.","Redorange scaly rash, palm/sole thickening, itching.","Acitretin (25 milligrams daily), methotrexate (15 milligrams weekly), steroids. This treatment is prescribed based on the severity of the condition and should be followed as directed by a healthcare professional."
Alcohol Poisoning,"IV fluids, thiamine (100 mg IV), supportive care, monitor.","Blood alcohol level (>0.3%), clinical exam, glucose.","Confusion, vomiting, slow breathing, hypothermia.","intravenous fluids, thiamine (100 milligrams intravenous), supportive care, monitor. This treatment is prescribed based on the severity of the condition and should be followed as directed by a healthcare professional."
EatonLambert Syndrome (LEMS),"Pyridostigmine (60 mg 3x daily), 3,4DAP (20 mg 4x daily).","EMG (incremental response), VGCC antibodies, imaging.","Muscle weakness, fatigue, dry mouth, ptosis.","Pyridostigmine (60 milligrams 3 times a day), 3,4DAP (20 milligrams 4 times a day). This treatment is prescribed based on the severity of the condition and should be followed as directed by a healthcare professional."
Epithelioid Sarcoma,"Surgery (wide excision), doxorubicin (60 mg/m² IV), radiation.","Biopsy (epithelioid cells), MRI, PET staging.","Painless nodule, slow growth, ulceration, metastasis.","Surgery (wide excision), doxorubicin (60 milligrams/m² intravenous), radiation. This treatment is prescribed based on the severity of the condition and should be followed as directed by a healthcare professional."
Retinoblastoma,"Enucleation, carboplatin (18.6 mg/kg IV), laser therapy.","Fundoscopy, ultrasound (eye mass), RB1 gene testing.","White pupil reflex, strabismus, vision loss, eye redness.","Enucleation, carboplatin (18.6 milligrams/kg intravenous), laser therapy. This treatment is prescribed based on the severity of the condition and should be followed as directed by a healthcare professional."
Tinea Versicolor,"Ketoconazole cream (2%), fluconazole (300 mg weekly).","KOH skin scraping, Wood’s lamp exam.","Discolored skin patches, mild itching, scaling.","Ketoconazole cream (2%), fluconazole (300 milligrams weekly). This treatment is prescribed based on the severity of the condition and should be followed as directed by a healthcare professional."
"Granulomatous Disease (Chronic, CGD)","Trimethoprimsulfamethoxazole (160/800 mg daily), IFNgamma.","Nitroblue tetrazolium test, genetic testing (e.g., CYBB).","Recurrent infections, abscesses, granulomas, fever.","Trimethoprimsulfamethoxazole (160/800 milligrams daily), IFNgamma. This treatment is prescribed based on the severity of the condition and should be followed as directed by a healthcare professional."
Carbon Monoxide Poisoning,"100% oxygen, hyperbaric oxygen, supportive care.","COHb level (>3% nonsmokers), pulse COoximetry.","Headache, dizziness, confusion, cherryred skin.","100% oxygen, hyperbaric oxygen, supportive care. This treatment is prescribed based on the severity of the condition and should be followed as directed by a healthcare professional."
Blood Loss Anemia,"Blood transfusion, ferrous sulfate (325 mg 3x daily), treat cause.","CBC (Hgb <13 g/dL men), iron studies, bleeding source.","Fatigue, pallor, tachycardia, dizziness.","Blood transfusion, ferrous sulfate (325 milligrams 3 times a day), treat cause. This treatment is prescribed based on the severity of the condition and should be followed as directed by a healthcare professional."
Dyssomnia (General),"Zolpidem (5 mg nightly), CBTI, treat cause.","Sleep history, polysomnography, actigraphy.","Insomnia, hypersomnia, disrupted sleep, fatigue.","Zolpidem (5 milligrams nightly), CBTI, treat cause. This treatment is prescribed based on the severity of the condition and should be followed as directed by a healthcare professional."
Cutaneous Bacillus Anthracis,"Ciprofloxacin (500 mg twice daily), doxycycline (100 mg twice daily).","Skin swab (B. anthracis), PCR, culture.","Painless ulcer, black eschar, swelling, fever.","Ciprofloxacin (500 milligrams twice daily), doxycycline (100 milligrams twice daily). This treatment is prescribed based on the severity of the condition and should be followed as directed by a healthcare professional."
Pulmonary Contusion,"Oxygen, pain management (morphine 2 mg IV), supportive care.","Chest Xray (patchy infiltrates), CT chest.","Chest pain, dyspnea, hemoptysis, hypoxia.","Oxygen, pain management (morphine 2 milligrams intravenous), supportive care. This treatment is prescribed based on the severity of the condition and should be followed as directed by a healthcare professional."
Turner Syndrome,"Growth hormone (0.3 mg/kg weekly), estrogen replacement.","Karyotype (45,X), echo (e.g., coarctation), hormone levels.","Short stature, webbed neck, infertility, heart defects.","Growth hormone (0.3 milligrams/kg weekly), estrogen replacement. This treatment is prescribed based on the severity of the condition and should be followed as directed by a healthcare professional."
TEPH (Thromboembolic Pulmonary Hypertension),"Warfarin (INR 23), riociguat (2.5 mg 3x daily), endarterectomy.","V/Q scan, right heart cath, CT pulmonary angiogram.","Progressive dyspnea, leg swelling, fatigue, chest pain.","Warfarin (INR 23), riociguat (2.5 milligrams 3 times a day), endarterectomy. This treatment is prescribed based on the severity of the condition and should be followed as directed by a healthcare professional."
Pompe Disease,"Alglucosidase alfa (20 mg/kg IV every 2 weeks), support.","GAA enzyme deficiency, genetic testing (GAA), EMG.","Muscle weakness, respiratory issues, cardiomegaly.","Alglucosidase alfa (20 milligrams/kg intravenous every 2 weeks), support. This treatment is prescribed based on the severity of the condition and should be followed as directed by a healthcare professional."
Juvenile Myoclonic Epilepsy,"Valproate (500 mg twice daily), levetiracetam (500 mg twice daily).","EEG (polyspike waves), clinical history, MRI.","Myoclonic jerks, tonicclonic seizures, morning onset.","Valproate (500 milligrams twice daily), levetiracetam (500 milligrams twice daily). This treatment is prescribed based on the severity of the condition and should be followed as directed by a healthcare professional."
Herpes Simplex Otitis Externa,"Acyclovir (400 mg 5x daily), ear drops (hydrocortisone 1%).","Ear exam (vesicles), viral swab (HSV PCR).","Ear pain, vesicles, swelling, discharge.","Acyclovir (400 milligrams 5 times a day), ear drops (hydrocortisone 1%). This treatment is prescribed based on the severity of the condition and should be followed as directed by a healthcare professional."
Tonsil Cancer,"Tonsillectomy, cisplatin (100 mg/m² IV), radiation.","Tonsil biopsy, HPV testing, CT neck.","Sore throat, ear pain, tonsil mass, difficulty swallowing.","Tonsillectomy, cisplatin (100 milligrams/m² intravenous), radiation. This treatment is prescribed based on the severity of the condition and should be followed as directed by a healthcare professional."
Shin Splints,"Rest, ice, ibuprofen (400 mg), stretching exercises.","Physical exam, rule out stress fracture (Xray/MRI).","Shin pain during activity, tenderness, mild swelling.","Rest, ice, ibuprofen (400 milligrams), stretching exercises. This treatment is prescribed based on the severity of the condition and should be followed as directed by a healthcare professional."
ParsonageTurner Syndrome,"Prednisone (60 mg tapering), gabapentin (300 mg 3x daily), PT.","Clinical history, EMG (brachial plexus), MRI.","Sudden shoulder pain, weakness, atrophy, numbness.","Prednisone (60 milligrams tapering), gabapentin (300 milligrams 3 times a day), PT. This treatment is prescribed based on the severity of the condition and should be followed as directed by a healthcare professional."
SARSCoV2 Infection (COVID19),"Dexamethasone (6 mg daily), remdesivir (200 mg IV day 1), oxygen.","RTPCR (SARSCoV2), chest CT (groundglass).","Fever, cough, fatigue, anosmia.","Dexamethasone (6 milligrams daily), remdesivir (200 milligrams intravenous day 1), oxygen. This treatment is prescribed based on the severity of the condition and should be followed as directed by a healthcare professional."
Hyperpigmentation,"Hydroquinone (4% cream), tretinoin (0.025%), sunscreen.","Clinical exam, Wood’s lamp, rule out Addison’s/melasma.","Dark skin patches, uneven tone, cosmetic concern.","Hydroquinone (4% cream), tretinoin (0.025%), sunscreen. This treatment is prescribed based on the severity of the condition and should be followed as directed by a healthcare professional."
Tick Bite (Entry 2),"Doxycycline (100 mg twice daily if Lyme), clean site, monitor.","Clinical exam, serology (e.g., Lyme) if symptomatic.","Localized redness, itching, fever if infected.","Doxycycline (100 milligrams twice daily if Lyme), clean site, monitor. This treatment is prescribed based on the severity of the condition and should be followed as directed by a healthcare professional."
Wilson’s Disease,"Penicillamine (250 mg 4x daily), zinc (50 mg 3x daily).","Serum ceruloplasmin (<20 mg/dL), 24hr urine copper, genetic test.","Tremor, jaundice, liver issues, copper deposits in eyes.","Penicillamine (250 milligrams 4 times a day), zinc (50 milligrams 3 times a day). This treatment is prescribed based on the severity of the condition and should be followed as directed by a healthcare professional."
Malignant Pleural Mesothelioma (Entry 1),"Pemetrexed (500 mg/m² IV), cisplatin (75 mg/m² IV), surgery.","Chest CT (pleural thickening), biopsy (mesothelial cells).","Chest pain, dyspnea, pleural effusion, weight loss.","Pemetrexed (500 milligrams/m² intravenous), cisplatin (75 milligrams/m² intravenous), surgery. This treatment is prescribed based on the severity of the condition and should be followed as directed by a healthcare professional."
Teething Syndrome,"Teething rings, acetaminophen (15 mg/kg), gum massage.","Oral exam, agebased assessment (612 months).","Drooling, gum irritation, fussiness, mild fever (infants).","Teething rings, acetaminophen (15 milligrams/kg), gum massage. This treatment is prescribed based on the severity of the condition and should be followed as directed by a healthcare professional."
Acute Granulocytic Leukemia (AML),"Cytarabine (100 mg/m² IV), daunorubicin (60 mg/m² IV), transplant.","Bone marrow biopsy (blasts >20%), cytogenetics.","Fatigue, bruising, infections, bone pain.","Cytarabine (100 milligrams/m² intravenous), daunorubicin (60 milligrams/m² intravenous), transplant. This treatment is prescribed based on the severity of the condition and should be followed as directed by a healthcare professional."
Rheumatoid Pneumoconiosis (Caplan Syndrome),"Methotrexate (15 mg weekly), prednisone (20 mg daily), oxygen.","Chest Xray (nodules), RF positive, lung biopsy.","Cough, dyspnea, joint pain, lung nodules.","Methotrexate (15 milligrams weekly), prednisone (20 milligrams daily), oxygen. This treatment is prescribed based on the severity of the condition and should be followed as directed by a healthcare professional."
Alcoholic Hepatitis (Entry 1),"Prednisolone (40 mg daily), abstinence, nutritional support.","Liver function tests (AST >ALT), ultrasound, biopsy.","Jaundice, abdominal pain, fever, ascites.","Prednisolone (40 milligrams daily), abstinence, nutritional support. This treatment is prescribed based on the severity of the condition and should be followed as directed by a healthcare professional."
Bronchospastic Disease (Asthma),"Albuterol (90 mcg PRN), budesonide (200 mcg twice daily).","Spirometry (reversible obstruction), peak flow.","Wheezing, shortness of breath, chest tightness, cough.","Albuterol (90 micrograms PRN), budesonide (200 micrograms twice daily). This treatment is prescribed based on the severity of the condition and should be followed as directed by a healthcare professional."
Neuromyelitis Optica,"Methylprednisolone (1 g IV daily), rituximab (1 g IV).","MRI (spinal lesions), NMOIgG antibody test.","Vision loss, limb weakness, bladder dysfunction.","Methylprednisolone (1 g intravenous daily), rituximab (1 g intravenous). This treatment is prescribed based on the severity of the condition and should be followed as directed by a healthcare professional."
Tapeworm Infection (Entry 2),"Praziquantel (10 mg/kg single dose), supportive care.","Stool exam (Taenia eggs), serology if neurocysticercosis.","Mild abdominal pain, nausea, worms in stool.","Praziquantel (10 milligrams/kg single dose), supportive care. This treatment is prescribed based on the severity of the condition and should be followed as directed by a healthcare professional."
Primary Periodic Paralysis,"Potassium chloride (20 mEq oral), acetazolamide (250 mg daily).","Serum potassium (<3.5 mmol/L during attack), genetic testing.","Episodic muscle weakness, fatigue, hypokalemia.","Potassium chloride (20 mEq oral), acetazolamide (250 milligrams daily). This treatment is prescribed based on the severity of the condition and should be followed as directed by a healthcare professional."
Hypoglycemia,"Glucose (15 g oral), glucagon (1 mg IM), adjust diabetes meds.","Blood glucose (<70 mg/dL), Whipple’s triad.","Shakiness, sweating, confusion, hunger.","Glucose (15 g oral), glucagon (1 milligrams IM), adjust diabetes meds. This treatment is prescribed based on the severity of the condition and should be followed as directed by a healthcare professional."
Kidney Disease (General),"Lisinopril (10 mg daily), dialysis if severe, treat cause.","Serum creatinine (>1.5 mg/dL), eGFR, ultrasound.","Fatigue, swelling, oliguria, hypertension.","Lisinopril (10 milligrams daily), dialysis if severe, treat cause. This treatment is prescribed based on the severity of the condition and should be followed as directed by a healthcare professional."
Peripheral Artery Disease,"Cilostazol (100 mg twice daily), aspirin (81 mg), revascularization.","Anklebrachial index (<0.9), Doppler ultrasound.","Leg pain (claudication), cold feet, weak pulses.","Cilostazol (100 milligrams twice daily), aspirin (81 milligrams), revascularization. This treatment is prescribed based on the severity of the condition and should be followed as directed by a healthcare professional."
"Hepatitis B (HBV, Hep B)","Tenofovir (300 mg daily), entecavir (0.5 mg daily), monitor.","HBsAg positive, HBV DNA PCR, liver enzymes.","Jaundice, fatigue, dark urine, abdominal pain.","Tenofovir (300 milligrams daily), entecavir (0.5 milligrams daily), monitor. This treatment is prescribed based on the severity of the condition and should be followed as directed by a healthcare professional."
Atopic Dermatitis (Eczema),"Hydrocortisone (1% cream), tacrolimus (0.1% topical), moisturizers.","Clinical exam, allergy history, rule out psoriasis.","Itchy, red, dry skin, rash, scaling.","Hydrocortisone (1% cream), tacrolimus (0.1% topical), moisturizers. This treatment is prescribed based on the severity of the condition and should be followed as directed by a healthcare professional."
"Eating During Cancer Treatment (Entry 1, Contextual)","Ondansetron (8 mg), dietary supplements, small frequent meals.","Nutritional assessment, symptom diary, labs (albumin).","Nausea, taste changes, appetite loss (cancerrelated).","Ondansetron (8 milligrams), dietary supplements, small frequent meals. This treatment is prescribed based on the severity of the condition and should be followed as directed by a healthcare professional."
"Eating During Cancer Treatment (Entry 2, Contextual)","Megestrol (800 mg daily), protein shakes, mucositis care.","Clinical history, nutritional status, labs.","Vomiting, fatigue, mouth sores (chemorelated).","Megestrol (800 milligrams daily), protein shakes, mucositis care. This treatment is prescribed based on the severity of the condition and should be followed as directed by a healthcare professional."
West Nile Virus Infection,"Supportive care, IV fluids, pain relief (acetaminophen 650 mg).","Serum IgM, CSF PCR (WNV), clinical history.","Fever, headache, rash, muscle weakness (neuroinvasive).","Supportive care, intravenous fluids, pain relief (acetaminophen 650 milligrams). This treatment is prescribed based on the severity of the condition and should be followed as directed by a healthcare professional."
Breast Cysts,"Observation, ibuprofen (400 mg), aspiration if symptomatic.","Ultrasound (fluidfilled), mammogram, aspiration if needed.","Breast lumps, tenderness, pain before periods.","Observation, ibuprofen (400 milligrams), aspiration if symptomatic. This treatment is prescribed based on the severity of the condition and should be followed as directed by a healthcare professional."
Popliteal Artery Aneurysm,"Surgery (bypass), aspirin (81 mg daily), monitor if small.","Doppler ultrasound (aneurysm >1 cm), CTA.","Leg swelling, pulsatile mass, pain, claudication.","Surgery (bypass), aspirin (81 milligrams daily), monitor if small. This treatment is prescribed based on the severity of the condition and should be followed as directed by a healthcare professional."
Hypertensive Heart Disease,"Lisinopril (10 mg daily), metoprolol (50 mg daily), lifestyle.","Echo (LVH), ECG, BP (>140/90 mmHg chronic).","Dyspnea, chest pain, fatigue, hypertension.","Lisinopril (10 milligrams daily), metoprolol (50 milligrams daily), lifestyle. This treatment is prescribed based on the severity of the condition and should be followed as directed by a healthcare professional."
RTA (Renal Tubular Acidosis),"Sodium bicarbonate (650 mg 3x daily), treat cause (e.g., distal/proximal).","Urine pH (>5.5 in acidosis), serum bicarbonate, renal ultrasound.","Fatigue, muscle weakness, acidosis, kidney stones.","Sodium bicarbonate (650 milligrams 3 times a day), treat cause (e.g., distal/proximal). This treatment is prescribed based on the severity of the condition and should be followed as directed by a healthcare professional."
Food Impaction,"Endoscopic removal, PPI (omeprazole 20 mg), soft diet.","Endoscopy (impacted bolus), barium swallow.","Difficulty swallowing, chest pain, regurgitation.","Endoscopic removal, PPI (omeprazole 20 milligrams), soft diet. This treatment is prescribed based on the severity of the condition and should be followed as directed by a healthcare professional."
Lymphadenopathy (NonSpecific),"Treat cause (e.g., antibiotics), observation, ibuprofen (400 mg).","Physical exam, ultrasound, biopsy if persistent.","Swollen nodes, tenderness, fever, fatigue.","Treat cause (e.g., antibiotics), observation, ibuprofen (400 milligrams). This treatment is prescribed based on the severity of the condition and should be followed as directed by a healthcare professional."
Alcohol Intoxication,"IV fluids, thiamine (100 mg IV), supportive care, monitor.","Blood alcohol level (>0.08%), clinical exam, glucose.","Confusion, slurred speech, ataxia, vomiting.","intravenous fluids, thiamine (100 milligrams intravenous), supportive care, monitor. This treatment is prescribed based on the severity of the condition and should be followed as directed by a healthcare professional."
GramNegative Meningitis,"Ceftriaxone (2 g IV every 12 hours), meropenem (2 g IV).","CSF culture (e.g., E. coli), Gram stain, PCR.","Fever, headache, neck stiffness, altered mental status.","Ceftriaxone (2 g intravenous every 12 hours), meropenem (2 g intravenous). This treatment is prescribed based on the severity of the condition and should be followed as directed by a healthcare professional."
"DCIS (Ductal Carcinoma In Situ Breast Cancer, Entry 2)","Mastectomy (if extensive), radiation, tamoxifen (20 mg daily).","Mammogram, biopsy (noninvasive), ER/PR testing.","Usually none, detected on mammogram, rare discharge.","Mastectomy (if extensive), radiation, tamoxifen (20 milligrams daily). This treatment is prescribed based on the severity of the condition and should be followed as directed by a healthcare professional."
UC (Ulcerative Colitis),"Mesalamine (2.4 g daily), infliximab (5 mg/kg IV), steroids.","Colonoscopy (mucosal ulcers), fecal calprotectin.","Bloody diarrhea, abdominal pain, urgency, fatigue.","Mesalamine (2.4 g daily), infliximab (5 milligrams/kg intravenous), steroids. This treatment is prescribed based on the severity of the condition and should be followed as directed by a healthcare professional."
Malignant Pleural Mesothelioma (Entry 2),"Surgery (pleurectomy), pemetrexed (500 mg/m² IV), cisplatin.","Thoracentesis (malignant cells), biopsy, CT chest.","Chest pain, shortness of breath, weight loss, effusion.","Surgery (pleurectomy), pemetrexed (500 milligrams/m² intravenous), cisplatin. This treatment is prescribed based on the severity of the condition and should be followed as directed by a healthcare professional."
Bacterial Skin Infection (General),"Cephalexin (500 mg 4x daily), incision/drainage if abscess.","Skin swab (e.g., S. aureus), culture, clinical exam.","Redness, swelling, pain, pus, fever.","Cephalexin (500 milligrams 4 times a day), incision/drainage if abscess. This treatment is prescribed based on the severity of the condition and should be followed as directed by a healthcare professional."
Mitral Valve Prolapse,"Betablockers (propranolol 20 mg), surgery if severe, monitor.","Echocardiogram (valve prolapse), ECG.","Palpitations, chest pain, fatigue, murmur.","Betablockers (propranolol 20 milligrams), surgery if severe, monitor. This treatment is prescribed based on the severity of the condition and should be followed as directed by a healthcare professional."
Query Fever (Q Fever),"Doxycycline (100 mg twice daily), hydroxychloroquine (200 mg).","Serology (Coxiella burnetii), PCR, chest Xray.","Fever, headache, fatigue, pneumonia (chronic: endocarditis).","Doxycycline (100 milligrams twice daily), hydroxychloroquine (200 milligrams). This treatment is prescribed based on the severity of the condition and should be followed as directed by a healthcare professional."
Aortic Stenosis,"TAVR, metoprolol (50 mg daily), diuretics (furosemide 20 mg).","Echo (valve area <1 cm²), cardiac cath.","Dyspnea, angina, syncope, heart murmur.","TAVR, metoprolol (50 milligrams daily), diuretics (furosemide 20 milligrams). This treatment is prescribed based on the severity of the condition and should be followed as directed by a healthcare professional."
Paroxysmal Supraventricular Tachycardia (PSVT),"Adenosine (6 mg IV push), metoprolol (25 mg daily), ablation.","ECG (narrow QRS tachycardia), EP study.","Rapid heartbeat, palpitations, dizziness, chest pain.","Adenosine (6 milligrams intravenous push), metoprolol (25 milligrams daily), ablation. This treatment is prescribed based on the severity of the condition and should be followed as directed by a healthcare professional."
Ocular Fungal Infection,"Natamycin (5% drops), amphotericin B (0.15% drops).","Corneal scraping (fungal culture), slitlamp exam.","Eye pain, redness, discharge, vision loss.","Natamycin (5% drops), amphotericin B (0.15% drops). This treatment is prescribed based on the severity of the condition and should be followed as directed by a healthcare professional."
ChurgStrauss Syndrome (Entry 2),"Methylprednisolone (1 g IV), mepolizumab (300 mg SC).","Blood eosinophils (>10%), pANCA, biopsy.","Asthma, nasal polyps, eosinophilia, neuropathy.","Methylprednisolone (1 g intravenous), mepolizumab (300 milligrams SC). This treatment is prescribed based on the severity of the condition and should be followed as directed by a healthcare professional."
Alveolar Rhabdomyosarcoma,"Surgery, vincristine (1.5 mg/m² IV), chemotherapy.","Biopsy (alveolar pattern), PAX3FOXO1 fusion, PET.","Mass, pain, swelling, metastasis (e.g., lungs).","Surgery, vincristine (1.5 milligrams/m² intravenous), chemotherapy. This treatment is prescribed based on the severity of the condition and should be followed as directed by a healthcare professional."
Bronchial Asthma,"Albuterol (90 mcg PRN), budesonide (200 mcg twice daily).","Spirometry (reversible obstruction), peak flow.","Wheezing, shortness of breath, chest tightness, cough.","Albuterol (90 micrograms PRN), budesonide (200 micrograms twice daily). This treatment is prescribed based on the severity of the condition and should be followed as directed by a healthcare professional."
Ischemic Heart Disease,"Atorvastatin (40 mg daily), nitroglycerin (0.4 mg SL), PCI.","ECG (ST changes), coronary angiography, stress test.","Chest pain, dyspnea, fatigue, nausea.","Atorvastatin (40 milligrams daily), nitroglycerin (0.4 milligrams SL), PCI. This treatment is prescribed based on the severity of the condition and should be followed as directed by a healthcare professional."
Liver Hemangioma,"Observation, surgery if symptomatic, monitor.","Ultrasound (hyperechoic), CT/MRI (enhancing lesion).","Often asymptomatic, right upper quadrant pain if large.","Observation, surgery if symptomatic, monitor. This treatment is prescribed based on the severity of the condition and should be followed as directed by a healthcare professional."
Angular Cheilitis,"Nystatin cream (100,000 units/g), miconazole (2% cream).","Clinical exam, culture (Candida/staph), rule out deficiency.","Cracked corners of mouth, redness, pain, fissures.","Nystatin cream (100,000 units/g), miconazole (2% cream). This treatment is prescribed based on the severity of the condition and should be followed as directed by a healthcare professional."
Male Breast Cancer,"Mastectomy, tamoxifen (20 mg daily), chemotherapy.","Mammogram, biopsy (invasive ductal), ER/PR testing.","Breast lump, nipple discharge, skin changes, pain.","Mastectomy, tamoxifen (20 milligrams daily), chemotherapy. This treatment is prescribed based on the severity of the condition and should be followed as directed by a healthcare professional."
"COVID19 (Coronavirus, 2019nCoV)","Dexamethasone (6 mg daily), remdesivir (200 mg IV day 1), oxygen.","RTPCR (SARSCoV2), chest CT (groundglass).","Fever, cough, fatigue, loss of smell.","Dexamethasone (6 milligrams daily), remdesivir (200 milligrams intravenous day 1), oxygen. This treatment is prescribed based on the severity of the condition and should be followed as directed by a healthcare professional."
Colon Stricture,"Endoscopic dilation, surgery (resection), treat cause (e.g., IBD).","Colonoscopy (narrowing), CT abdomen, biopsy.","Bowel obstruction, pain, constipation, bloating.","Endoscopic dilation, surgery (resection), treat cause (e.g., IBD). This treatment is prescribed based on the severity of the condition and should be followed as directed by a healthcare professional."
Insulinoma,"Surgery (enucleation), diazoxide (100 mg 3x daily).","Fasting glucose (<50 mg/dL), insulin levels, CT (pancreas).","Hypoglycemia, sweating, confusion, seizures.","Surgery (enucleation), diazoxide (100 milligrams 3 times a day). This treatment is prescribed based on the severity of the condition and should be followed as directed by a healthcare professional."
Asperger Syndrome,"Behavioral therapy, social skills training, no specific drugs.","DSM5 criteria, developmental history, ADOS.","Social difficulties, repetitive behaviors, focused interests.","Behavioral therapy, social skills training, no specific drugs. This treatment is prescribed based on the severity of the condition and should be followed as directed by a healthcare professional."
Chemical Cystitis,"Pentosan polysulfate (100 mg 3x daily), hydration, treat cause.","Cystoscopy (inflammation), urine analysis, history (e.g., chemo).","Bladder pain, urgency, hematuria, burning.","Pentosan polysulfate (100 milligrams 3 times a day), hydration, treat cause. This treatment is prescribed based on the severity of the condition and should be followed as directed by a healthcare professional."
Uveitis,"Prednisolone (1% drops), cyclopentolate (1% drops), treat cause.","Slitlamp exam (anterior chamber cells), rule out infection.","Eye pain, redness, photophobia, blurred vision.","Prednisolone (1% drops), cyclopentolate (1% drops), treat cause. This treatment is prescribed based on the severity of the condition and should be followed as directed by a healthcare professional."
Hypotension,"Fluids, midodrine (5 mg 3x daily), compression stockings.","BP (<90/60 mmHg), orthostatic testing, labs.","Dizziness, fainting, fatigue, blurred vision.","Fluids, midodrine (5 milligrams 3 times a day), compression stockings. This treatment is prescribed based on the severity of the condition and should be followed as directed by a healthcare professional."
Alcohol Use Disorder (Entry 2),"Disulfiram (250 mg daily), therapy, support groups.","DSM5, AUDIT, liver function tests.","Craving, withdrawal, tolerance, social issues.","Disulfiram (250 milligrams daily), therapy, support groups. This treatment is prescribed based on the severity of the condition and should be followed as directed by a healthcare professional."
Benign Intracranial Hypertension,"Acetazolamide (500 mg twice daily), weight loss, optic sheath surgery.","Lumbar puncture (pressure >25 cm H₂O), MRI/MRV.","Headache, vision changes, tinnitus, papilledema.","Acetazolamide (500 milligrams twice daily), weight loss, optic sheath surgery. This treatment is prescribed based on the severity of the condition and should be followed as directed by a healthcare professional."
Skin Rash (NonSpecific),"Hydrocortisone (1% cream), antihistamines, treat cause.","Clinical exam, biopsy if persistent, allergy tests.","Redness, itching, scaling, bumps.","Hydrocortisone (1% cream), antihistamines, treat cause. This treatment is prescribed based on the severity of the condition and should be followed as directed by a healthcare professional."
Sinus Tachycardia,"Treat cause (e.g., fluids for dehydration), betablockers if needed.","ECG (HR >100 bpm, sinus rhythm), rule out causes.","Rapid heartbeat, palpitations, mild dyspnea.","Treat cause (e.g., fluids for dehydration), betablockers if needed. This treatment is prescribed based on the severity of the condition and should be followed as directed by a healthcare professional."
Granuloma Annulare,"Topical steroids (clobetasol 0.05%), hydroxychloroquine (200 mg).","Clinical exam, biopsy if unclear (granulomas).","Ringshaped lesions, asymptomatic, skin discoloration.","Topical steroids (clobetasol 0.05%), hydroxychloroquine (200 milligrams). This treatment is prescribed based on the severity of the condition and should be followed as directed by a healthcare professional."
Castleman Disease (Entry 2),"Rituximab (375 mg/m² IV), siltuximab (11 mg/kg IV), steroids.","Biopsy (hyaline vascular), IL6 levels, PETCT.","Lymphadenopathy, fever, fatigue, weight loss.","Rituximab (375 milligrams/m² intravenous), siltuximab (11 milligrams/kg intravenous), steroids. This treatment is prescribed based on the severity of the condition and should be followed as directed by a healthcare professional."
Hypoestrogenism,"Estradiol (1 mg daily), calcium (1200 mg daily), HRT.","Low estradiol (<30 pg/mL), FSH (>25 IU/L), history.","Hot flashes, vaginal dryness, fatigue, bone loss.","Estradiol (1 milligrams daily), calcium (1200 milligrams daily), HRT. This treatment is prescribed based on the severity of the condition and should be followed as directed by a healthcare professional."
Marginal Zone Lymphoma,"Rituximab (375 mg/m² IV), bendamustine (90 mg/m² IV).","Biopsy (marginal zone cells), PETCT, staging.","Lymphadenopathy, fatigue, night sweats, weight loss.","Rituximab (375 milligrams/m² intravenous), bendamustine (90 milligrams/m² intravenous). This treatment is prescribed based on the severity of the condition and should be followed as directed by a healthcare professional."
Neurocardiogenic Syncope,"Fluids, midodrine (5 mg 3x daily), avoid triggers.","Tilt table test, ECG to rule out arrhythmia.","Fainting, dizziness, nausea, triggered by stress.","Fluids, midodrine (5 milligrams 3 times a day), avoid triggers. This treatment is prescribed based on the severity of the condition and should be followed as directed by a healthcare professional."
Asthma Attack,"Albuterol (2.5 mg nebulized), prednisone (40 mg), oxygen.","Peak flow (<50% predicted), clinical exam, O2 sats.","Severe wheezing, dyspnea, chest tightness, cough.","Albuterol (2.5 milligrams nebulized), prednisone (40 milligrams), oxygen. This treatment is prescribed based on the severity of the condition and should be followed as directed by a healthcare professional."
PT for ACL Injury (PostTherapy Context),"Continued PT, ibuprofen (400 mg), bracing.","PostPT exam, MRI (healing ACL), strength testing.","Knee stiffness, pain, swelling (postrehab).","Continued PT, ibuprofen (400 milligrams), bracing. This treatment is prescribed based on the severity of the condition and should be followed as directed by a healthcare professional."
Anal Itching (Pruritus Ani),"Zinc oxide cream, hydrocortisone (1% cream), hygiene.","Visual inspection, skin swab, rule out pinworms.","Perianal irritation, burning, redness, discomfort.","Zinc oxide cream, hydrocortisone (1% cream), hygiene. This treatment is prescribed based on the severity of the condition and should be followed as directed by a healthcare professional."
ROP (Retinopathy of Prematurity),"Laser therapy, bevacizumab (0.625 mg intravitreal), monitor.","Fundoscopy (retinal stages), prematurity history.","Vision issues (infants), abnormal eye movements.","Laser therapy, bevacizumab (0.625 milligrams intravitreal), monitor. This treatment is prescribed based on the severity of the condition and should be followed as directed by a healthcare professional."
Gestational Trophoblastic Disease,"Dilation/curettage, methotrexate (1 mg/kg IM), follow hCG.","hCG (>100,000 IU/L), ultrasound (molar tissue), biopsy.","Vaginal bleeding, high hCG, uterine enlargement.","Dilation/curettage, methotrexate (1 milligrams/kg IM), follow hCG. This treatment is prescribed based on the severity of the condition and should be followed as directed by a healthcare professional."
CLN2 Disease (Batten Disease),"Cerliponase alfa (300 mg intraventricular), supportive care.","TPP1 enzyme deficiency, genetic testing (CLN2), EEG.","Seizures, vision loss, motor decline, cognitive delay.","Cerliponase alfa (300 milligrams intraventricular), supportive care. This treatment is prescribed based on the severity of the condition and should be followed as directed by a healthcare professional."
LambertEaton Syndrome (Variation of EatonLambert),"3,4DAP (20 mg 4x daily), pyridostigmine (60 mg 3x daily).","EMG (incremental response), VGCC antibodies, imaging.","Proximal weakness, fatigue, dry mouth, autonomic issues.","3,4DAP (20 milligrams 4 times a day), pyridostigmine (60 milligrams 3 times a day). This treatment is prescribed based on the severity of the condition and should be followed as directed by a healthcare professional."
Eumycetoma,"Itraconazole (200 mg twice daily), surgery, antibiotics if mixed.","Biopsy (fungal grains), culture, imaging.","Swelling, draining sinuses, grains, foot pain.","Itraconazole (200 milligrams twice daily), surgery, antibiotics if mixed. This treatment is prescribed based on the severity of the condition and should be followed as directed by a healthcare professional."
Alcohol Use Disorder (Entry 3),"Naltrexone (50 mg daily), therapy, support groups.","DSM5, AUDIT, liver function tests.","Craving, withdrawal, tolerance, social impairment.","Naltrexone (50 milligrams daily), therapy, support groups. This treatment is prescribed based on the severity of the condition and should be followed as directed by a healthcare professional."
Postpartum Depression,"Sertraline (50 mg daily), psychotherapy, support groups.","Edinburgh Postnatal Depression Scale, clinical eval.","Sadness, fatigue, irritability, bonding difficulty.","Sertraline (50 milligrams daily), psychotherapy, support groups. This treatment is prescribed based on the severity of the condition and should be followed as directed by a healthcare professional."
Peritoneal Cancer (Entry 2),"Cytoreductive surgery, cisplatin (75 mg/m² IV), chemotherapy.","CT abdomen (ascites), biopsy, CA125 levels.","Abdominal swelling, pain, nausea, weight loss.","Cytoreductive surgery, cisplatin (75 milligrams/m² intravenous), chemotherapy. This treatment is prescribed based on the severity of the condition and should be followed as directed by a healthcare professional."
"DCIS (Ductal Carcinoma In Situ Breast Cancer, Entry 3)","Lumpectomy, radiation, tamoxifen (20 mg daily).","Mammogram, biopsy (DCIS), ER/PR testing.","Usually asymptomatic, rare nipple discharge.","Lumpectomy, radiation, tamoxifen (20 milligrams daily). This treatment is prescribed based on the severity of the condition and should be followed as directed by a healthcare professional."
Renal Artery Atherosclerosis,"Angioplasty, atorvastatin (40 mg daily), BP control.","Renal artery Doppler, CTA (stenosis), labs.","Hypertension, renal bruit, kidney dysfunction.","Angioplasty, atorvastatin (40 milligrams daily), BP control. This treatment is prescribed based on the severity of the condition and should be followed as directed by a healthcare professional."
Sleep Terror Disorder,"Reassurance, clonazepam (0.5 mg nightly if severe), sleep hygiene.","Sleep history, polysomnography, rule out seizures.","Night terrors, screaming, unresponsiveness, amnesia.","Reassurance, clonazepam (0.5 milligrams nightly if severe), sleep hygiene. This treatment is prescribed based on the severity of the condition and should be followed as directed by a healthcare professional."
Muscle Fasciculation,"Treat cause (e.g., magnesium 400 mg daily), supportive care.","EMG, nerve conduction, rule out ALS.","Muscle twitching, cramps, weakness, fatigue.","Treat cause (e.g., magnesium 400 milligrams daily), supportive care. This treatment is prescribed based on the severity of the condition and should be followed as directed by a healthcare professional."
"Liver Disease (General, Entry 2)","Treat cause (e.g., antivirals), ursodiol (300 mg 3x daily), support.","Liver function tests (ALT >100 U/L), ultrasound, biopsy.","Jaundice, fatigue, ascites, easy bruising.","Treat cause (e.g., antivirals), ursodiol (300 milligrams 3 times a day), support. This treatment is prescribed based on the severity of the condition and should be followed as directed by a healthcare professional."
Lightheadedness (NonSpecific),"Hydration, treat cause (e.g., midodrine 5 mg), rest.","Clinical exam, BP (orthostatic), rule out cardiac/neuro.","Dizziness, nearfainting, unsteadiness, nausea.","Hydration, treat cause (e.g., midodrine 5 milligrams), rest. This treatment is prescribed based on the severity of the condition and should be followed as directed by a healthcare professional."
Immune Thrombocytopenia (Variation of ITP),"Prednisone (1 mg/kg daily), IVIG (1 g/kg), eltrombopag.","CBC (platelets <100,000/µL), bone marrow if needed.","Bruising, petechiae, bleeding, fatigue.","Prednisone (1 milligrams/kg daily), intravenousIG (1 g/kg), eltrombopag. This treatment is prescribed based on the severity of the condition and should be followed as directed by a healthcare professional."
Oral Thrush,"Nystatin (100,000 units/mL swish), fluconazole (200 mg single dose).","Oral exam, KOH prep (Candida), culture if needed.","White patches, soreness, difficulty swallowing.","Nystatin (100,000 units/mL swish), fluconazole (200 milligrams single dose). This treatment is prescribed based on the severity of the condition and should be followed as directed by a healthcare professional."
Cryptococcal Meningitis,"Amphotericin B (0.7 mg/kg IV), flucytosine (25 mg/kg 4x daily).","CSF culture (Cryptococcus), India ink, antigen test.","Headache, fever, neck stiffness, confusion.","Amphotericin B (0.7 milligrams/kg intravenous), flucytosine (25 milligrams/kg 4 times a day). This treatment is prescribed based on the severity of the condition and should be followed as directed by a healthcare professional."
Dendritic Keratitis (Herpes Simplex),"Acyclovir (400 mg 5x daily), trifluridine drops (1%).","Fluorescein stain (dendritic pattern), slitlamp exam.","Eye pain, redness, tearing, branching ulcer.","Acyclovir (400 milligrams 5 times a day), trifluridine drops (1%). This treatment is prescribed based on the severity of the condition and should be followed as directed by a healthcare professional."
PruneBelly Syndrome,"Surgery (reconstruction), antibiotics (e.g., amoxicillin), support.","Prenatal ultrasound, renal function tests, imaging.","Wrinkled abdomen, urinary issues, undescended testes.","Surgery (reconstruction), antibiotics (e.g., amoxicillin), support. This treatment is prescribed based on the severity of the condition and should be followed as directed by a healthcare professional."
Klinefelter Syndrome,"Testosterone (1% gel 50 mg daily), fertility support.","Karyotype (47,XXY), testosterone (<300 ng/dL).","Small testes, infertility, gynecomastia, tall stature.","Testosterone (1% gel 50 milligrams daily), fertility support. This treatment is prescribed based on the severity of the condition and should be followed as directed by a healthcare professional."
Nasal Contusion,"Ice, ibuprofen (400 mg), nasal packing if bleeding.","Physical exam, Xray if fracture suspected.","Nasal pain, swelling, bruising, epistaxis.","Ice, ibuprofen (400 milligrams), nasal packing if bleeding. This treatment is prescribed based on the severity of the condition and should be followed as directed by a healthcare professional."
Hemophilia A,"Factor VIII (2040 IU/kg IV), desmopressin (0.3 mcg/kg IV).","Factor VIII assay (<40%), genetic testing.","Bleeding, bruising, joint pain, prolonged clotting.","Factor VIII (2040 IU/kg intravenous), desmopressin (0.3 micrograms/kg intravenous). This treatment is prescribed based on the severity of the condition and should be followed as directed by a healthcare professional."
Acute Sinusitis,"Amoxicillin (500 mg 3x daily), saline rinse, decongestants.","Clinical exam, CT sinuses if severe, culture.","Facial pain, nasal congestion, discharge, fever.","Amoxicillin (500 milligrams 3 times a day), saline rinse, decongestants. This treatment is prescribed based on the severity of the condition and should be followed as directed by a healthcare professional."
Cataract,"Cataract surgery, postop drops (prednisolone 1%).","Slitlamp exam, visual acuity test.","Blurry vision, glare sensitivity, faded colors.","Cataract surgery, postop drops (prednisolone 1%). This treatment is prescribed based on the severity of the condition and should be followed as directed by a healthcare professional."
Hip Impingement,"Physical therapy, ibuprofen (400 mg), arthroscopy if severe.","Xray (femoroacetabular impingement), MRI.","Hip pain, stiffness, limited motion, groin discomfort.","Physical therapy, ibuprofen (400 milligrams), arthroscopy if severe. This treatment is prescribed based on the severity of the condition and should be followed as directed by a healthcare professional."
Hemangioma,"Observation, propranolol (2 mg/kg daily if growing), laser.","Clinical exam, ultrasound if deep, rule out malignancy.","Red/purple skin mark, growth (infants), asymptomatic often.","Observation, propranolol (2 milligrams/kg daily if growing), laser. This treatment is prescribed based on the severity of the condition and should be followed as directed by a healthcare professional."
Antiretroviral Medication Allergy,"Discontinue drug, antihistamines, steroids (prednisone 40 mg).","History (ART exposure), skin testing, labs (e.g., LFTs).","Rash, fever, nausea, organ dysfunction (e.g., liver).","Discontinue drug, antihistamines, steroids (prednisone 40 milligrams). This treatment is prescribed based on the severity of the condition and should be followed as directed by a healthcare professional."
Joint Hypermobility Syndrome,"Physical therapy, ibuprofen (400 mg), bracing.","Beighton score (>5), clinical exam, rule out EDS.","Joint laxity, pain, dislocations, fatigue.","Physical therapy, ibuprofen (400 milligrams), bracing. This treatment is prescribed based on the severity of the condition and should be followed as directed by a healthcare professional."
CTE (Chronic Traumatic Encephalopathy),"Supportive care, SSRIs (e.g., sertraline 50 mg), symptom management.","Clinical history (trauma), MRI (atrophy), postmortem definitive.","Memory loss, mood changes, aggression, motor issues.","Supportive care, SSRIs (e.g., sertraline 50 milligrams), symptom management. This treatment is prescribed based on the severity of the condition and should be followed as directed by a healthcare professional."
Ischemic Colitis,"IV fluids, antibiotics (e.g., ciprofloxacin), bowel rest.","CT abdomen (colonic ischemia), colonoscopy, labs.","Abdominal pain, bloody diarrhea, fever, urgency.","intravenous fluids, antibiotics (e.g., ciprofloxacin), bowel rest. This treatment is prescribed based on the severity of the condition and should be followed as directed by a healthcare professional."
Postterm Pregnancy,"Induction (oxytocin IV), monitoring, cesarean if needed.","Ultrasound (fetal size), NST, dates confirmation.","Prolonged gestation (>42 weeks), reduced fetal movement.","Induction (oxytocin intravenous), monitoring, cesarean if needed. This treatment is prescribed based on the severity of the condition and should be followed as directed by a healthcare professional."
Alcoholic Fatty Liver Disease,"Abstinence, vitamin E (800 IU daily), nutritional support.","Ultrasound (fatty liver), LFTs (AST >ALT), history.","Fatigue, right upper quadrant discomfort, enlarged liver.","Abstinence, vitamin E (800 IU daily), nutritional support. This treatment is prescribed based on the severity of the condition and should be followed as directed by a healthcare professional."
Acute Rash,"Hydrocortisone (1% cream), antihistamines, treat underlying cause","Clinical exam, biopsy if persistent, allergy tests","Sudden redness, itching, bumps, possible fever","Hydrocortisone (1% cream), antihistamines, treat underlying cause This treatment is prescribed based on the severity of the condition and should be followed as directed by a healthcare professional."
Serous Surface Papillary Carcinoma,"Surgery (debulking), carboplatin (AUC 5 IV), paclitaxel","Biopsy (papillary serous), CA125, CT staging","Pelvic pain, bloating, abnormal bleeding, ascites","Surgery (debulking), carboplatin (AUC 5 intravenous), paclitaxel This treatment is prescribed based on the severity of the condition and should be followed as directed by a healthcare professional."
Dyshidrosis,"Topical steroids (clobetasol 0.05%), moisturizers, avoid triggers","Clinical exam, rule out fungal infection, patch testing","Itchy blisters on hands/feet, redness, peeling skin","Topical steroids (clobetasol 0.05%), moisturizers, avoid triggers This treatment is prescribed based on the severity of the condition and should be followed as directed by a healthcare professional."
Sprue (Celiac Disease),"Glutenfree diet, dapsone (50 mg daily for rash)","tTGIgA, small bowel biopsy, gluten challenge","Diarrhea, bloating, fatigue, dermatitis herpetiformis","Glutenfree diet, dapsone (50 milligrams daily for rash) This treatment is prescribed based on the severity of the condition and should be followed as directed by a healthcare professional."
Malignant Melanoma,"Excision, nivolumab (240 mg IV every 2 weeks), radiation","Skin biopsy (melanoma cells), sentinel node biopsy","Asymmetrical mole, color change, bleeding, growth","Excision, nivolumab (240 milligrams intravenous every 2 weeks), radiation This treatment is prescribed based on the severity of the condition and should be followed as directed by a healthcare professional."
Mycoplasma Pneumonia,"Azithromycin (500 mg day 1, 250 mg days 25), rest","Chest Xray (patchy infiltrates), Mycoplasma IgM, PCR","Dry cough, fever, fatigue, sore throat","Azithromycin (500 milligrams day 1, 250 milligrams days 25), rest This treatment is prescribed based on the severity of the condition and should be followed as directed by a healthcare professional."
Schnitzler Syndrome,"Anakinra (100 mg SC daily), colchicine (0.6 mg twice daily)","IgM gammopathy, clinical criteria, IL1 elevation","Chronic urticaria, fever, bone pain, fatigue","Anakinra (100 milligrams SC daily), colchicine (0.6 milligrams twice daily) This treatment is prescribed based on the severity of the condition and should be followed as directed by a healthcare professional."
Hypoplasminogenemia,"Plasminogen replacement (IV), supportive care","Plasminogen activity (<50%), genetic testing (PLG)","Ligneous conjunctivitis, gum lesions, respiratory issues","Plasminogen replacement (intravenous), supportive care This treatment is prescribed based on the severity of the condition and should be followed as directed by a healthcare professional."
Gallbladder Cancer,"Cholecystectomy, gemcitabine (1000 mg/m² IV), palliation","Ultrasound (mass), CT, biopsy (adenocarcinoma)","Right upper quadrant pain, jaundice, weight loss","Cholecystectomy, gemcitabine (1000 milligrams/m² intravenous), palliation This treatment is prescribed based on the severity of the condition and should be followed as directed by a healthcare professional."
Lactose Intolerance,"Lactase enzyme (9000 IU), lactosefree diet, calcium supplements","Hydrogen breath test, symptom response to lactose avoidance","Bloating, diarrhea, gas, abdominal pain after dairy","Lactase enzyme (9000 IU), lactosefree diet, calcium supplements This treatment is prescribed based on the severity of the condition and should be followed as directed by a healthcare professional."
Piriformis Syndrome,"Physical therapy, gabapentin (300 mg 3x daily), steroid injection","Physical exam (piriformis tenderness), MRI to rule out disc","Buttock pain, sciatica, numbness, worse with sitting","Physical therapy, gabapentin (300 milligrams 3 times a day), steroid injection This treatment is prescribed based on the severity of the condition and should be followed as directed by a healthcare professional."
WaterhouseFriderichsen Syndrome,"Hydrocortisone (100 mg IV), ceftriaxone (2 g IV), ICU care","Blood culture (N. meningitidis), cortisol (<10 µg/dL), CT","Fever, shock, petechial rash, adrenal failure","Hydrocortisone (100 milligrams intravenous), ceftriaxone (2 g intravenous), ICU care This treatment is prescribed based on the severity of the condition and should be followed as directed by a healthcare professional."
Dystrophic Epidermolysis Bullosa,"Wound care, pain management (morphine), gene therapy trials","Skin biopsy (subepidermal split), COL7A1 mutation","Fragile skin, blisters, scarring, nail loss","Wound care, pain management (morphine), gene therapy trials This treatment is prescribed based on the severity of the condition and should be followed as directed by a healthcare professional."
Microscopic Colitis,"Budesonide (9 mg daily), loperamide (2 mg PRN), hydration","Colonoscopy with biopsy (lymphocytic), fecal tests","Chronic watery diarrhea, abdominal pain, fatigue","Budesonide (9 milligrams daily), loperamide (2 milligrams PRN), hydration This treatment is prescribed based on the severity of the condition and should be followed as directed by a healthcare professional."
Alcohol Use Disorder,"Naltrexone (50 mg daily), acamprosate (666 mg 3x daily), therapy","DSM5, AUDIT score, liver function tests","Craving, withdrawal, tolerance, social impairment","Naltrexone (50 milligrams daily), acamprosate (666 milligrams 3 times a day), therapy This treatment is prescribed based on the severity of the condition and should be followed as directed by a healthcare professional."
Arthritis,"Ibuprofen (400 mg), methotrexate (15 mg weekly if RA), PT","Xray (joint changes), RF/ANA, clinical exam","Joint pain, swelling, stiffness, reduced motion","Ibuprofen (400 milligrams), methotrexate (15 milligrams weekly if RA), PT This treatment is prescribed based on the severity of the condition and should be followed as directed by a healthcare professional."
Pancreaticoduodenectomy,"Pancreatic enzymes (Creon 36,000 units), pain relief, diet support","Postop imaging (CT), labs (nutrition), history","Pain, digestive issues, weight loss (postsurgical)","Pancreatic enzymes (Creon 36,000 units), pain relief, diet support This treatment is prescribed based on the severity of the condition and should be followed as directed by a healthcare professional."
Condyloma,"Imiquimod (5% cream), cryotherapy, podophyllotoxin (0.5%)","Visual inspection, HPV typing, biopsy if atypical","Small bumps, itching, clustered growths, discomfort","Imiquimod (5% cream), cryotherapy, podophyllotoxin (0.5%) This treatment is prescribed based on the severity of the condition and should be followed as directed by a healthcare professional."
McCuneAlbright Syndrome,"Letrozole (2.5 mg daily for puberty), bisphosphonates, surgery","GNAS mutation, bone Xray (polyostotic), endocrine labs","Caféaulait spots, precocious puberty, bone deformities","Letrozole (2.5 milligrams daily for puberty), bisphosphonates, surgery This treatment is prescribed based on the severity of the condition and should be followed as directed by a healthcare professional."
PAH (Pulmonary Arterial Hypertension),"Sildenafil (20 mg 3x daily), bosentan (125 mg twice daily), oxygen","Right heart cath (mPAP >20 mmHg), echo","Dyspnea, fatigue, chest pain, leg swelling","Sildenafil (20 milligrams 3 times a day), bosentan (125 milligrams twice daily), oxygen This treatment is prescribed based on the severity of the condition and should be followed as directed by a healthcare professional."
WPW Syndrome,"Radiofrequency ablation, propranolol (40 mg 3x daily)","ECG (delta wave), EP study","Palpitations, tachycardia, dizziness, syncope","Radiofrequency ablation, propranolol (40 milligrams 3 times a day) This treatment is prescribed based on the severity of the condition and should be followed as directed by a healthcare professional."
DJD (Osteoarthritis),"Acetaminophen (1 g 3x daily), glucosamine (1500 mg), injection","Xray (joint space narrowing), physical exam","Joint pain, stiffness, swelling, crepitus","Acetaminophen (1 g 3 times a day), glucosamine (1500 milligrams), injection This treatment is prescribed based on the severity of the condition and should be followed as directed by a healthcare professional."
DCIS (Breast Cancer),"Lumpectomy, tamoxifen (20 mg daily), radiation if high risk","Mammogram, biopsy (noninvasive cancer)","Often asymptomatic, nipple discharge, mammogram finding","Lumpectomy, tamoxifen (20 milligrams daily), radiation if high risk This treatment is prescribed based on the severity of the condition and should be followed as directed by a healthcare professional."
Small Bowel Cancer,"Surgery (resection), chemotherapy (5FU 400 mg/m² IV)","CT enterography, biopsy (adenocarcinoma), capsule endoscopy","Abdominal pain, bleeding, obstruction, weight loss","Surgery (resection), chemotherapy (5FU 400 milligrams/m² intravenous) This treatment is prescribed based on the severity of the condition and should be followed as directed by a healthcare professional."
Tick Bite,"Doxycycline (100 mg twice daily if infected), antiseptic, monitor","Clinical history, Lyme serology if symptomatic","Redness, itching, fever (if infected), rash","Doxycycline (100 milligrams twice daily if infected), antiseptic, monitor This treatment is prescribed based on the severity of the condition and should be followed as directed by a healthcare professional."
Bipolar Disorder,"Lithium (900 mg daily), valproate (500 mg daily), therapy","DSM5 criteria, mood charting, psych eval","Mood swings, mania, depression, irritability","Lithium (900 milligrams daily), valproate (500 milligrams daily), therapy This treatment is prescribed based on the severity of the condition and should be followed as directed by a healthcare professional."
Dyspareunia,"Lubricants, estrogen cream (0.5 mg nightly), treat cause","Pelvic exam, history, rule out infection/endometriosis","Painful intercourse, burning, pelvic discomfort","Lubricants, estrogen cream (0.5 milligrams nightly), treat cause This treatment is prescribed based on the severity of the condition and should be followed as directed by a healthcare professional."
Hyperaldosteronism,"Spironolactone (100 mg daily), adrenalectomy if adenoma","Aldosterone/renin ratio (>30), adrenal CT","Hypertension, muscle cramps, fatigue, hypokalemia","Spironolactone (100 milligrams daily), adrenalectomy if adenoma This treatment is prescribed based on the severity of the condition and should be followed as directed by a healthcare professional."
Idiopathic Hypersomnolence,"Modafinil (200 mg daily), clarithromycin (500 mg), sleep management","Polysomnography, MSLT (>8 hr sleep), rule out narcolepsy","Excessive daytime sleepiness, long naps, grogginess","Modafinil (200 milligrams daily), clarithromycin (500 milligrams), sleep management This treatment is prescribed based on the severity of the condition and should be followed as directed by a healthcare professional."
Pemphigus Vulgaris,"Prednisone (1 mg/kg daily), rituximab (1 g IV), topical steroids","Skin biopsy (acantholysis), immunofluorescence","Painful blisters, mouth sores, skin erosions, itching","Prednisone (1 milligrams/kg daily), rituximab (1 g intravenous), topical steroids This treatment is prescribed based on the severity of the condition and should be followed as directed by a healthcare professional."
Alcoholic Liver Disease,"Abstinence, prednisolone (40 mg daily), nutritional support","Liver function tests (AST >ALT), ultrasound, biopsy","Jaundice, fatigue, abdominal pain, ascites","Abstinence, prednisolone (40 milligrams daily), nutritional support This treatment is prescribed based on the severity of the condition and should be followed as directed by a healthcare professional."
Campylobacter Gastroenteritis,"Azithromycin (500 mg daily), fluids, supportive care","Stool culture (Campylobacter), clinical symptoms","Diarrhea (bloody), fever, abdominal cramps, nausea","Azithromycin (500 milligrams daily), fluids, supportive care This treatment is prescribed based on the severity of the condition and should be followed as directed by a healthcare professional."
ITP (Immune Thrombocytopenia),"Prednisolone (1 mg/kg daily), IVIG (1 g/kg), rituximab","CBC (platelets <100,000/µL), peripheral smear, rule out causes","Bruising, petechiae, bleeding gums, fatigue","Prednisolone (1 milligrams/kg daily), intravenousIG (1 g/kg), rituximab This treatment is prescribed based on the severity of the condition and should be followed as directed by a healthcare professional."
Keratosis Pilaris (KP),"Urea cream (10%), lactic acid lotion (12%), moisturizers","Clinical exam, rule out eczema, skin inspection","Rough, bumpy skin, small red/white papules, dryness","Urea cream (10%), lactic acid lotion (12%), moisturizers This treatment is prescribed based on the severity of the condition and should be followed as directed by a healthcare professional."
Huntington’s Disease,"Tetrabenazine (25 mg 3x daily), supportive care, no cure","Genetic test (CAG >36), MRI, neuro exam","Chorea, cognitive decline, mood swings, rigidity","Tetrabenazine (25 milligrams 3 times a day), supportive care, no cure This treatment is prescribed based on the severity of the condition and should be followed as directed by a healthcare professional."
Renovascular Hypertension,"Angioplasty, lisinopril (10 mg daily), statins","Renal artery Doppler, CTA (stenosis), renin levels","Severe hypertension, renal bruit, fatigue, edema","Angioplasty, lisinopril (10 milligrams daily), statins This treatment is prescribed based on the severity of the condition and should be followed as directed by a healthcare professional."
Labyrinthitis,"Meclizine (25 mg daily), prednisone (60 mg tapering), rest","Audiometry, DixHallpike test, MRI if central suspected","Vertigo, hearing loss, nausea, tinnitus","Meclizine (25 milligrams daily), prednisone (60 milligrams tapering), rest This treatment is prescribed based on the severity of the condition and should be followed as directed by a healthcare professional."
PAH (Pulmonary Arterial Hypertension) (2),"Tadalafil (40 mg daily), ambrisentan (10 mg daily), oxygen","Echo (elevated RVSP), right heart cath (mPAP >20 mmHg)","Shortness of breath, fatigue, chest pain, swelling","Tadalafil (40 milligrams daily), ambrisentan (10 milligrams daily), oxygen This treatment is prescribed based on the severity of the condition and should be followed as directed by a healthcare professional."
Epigastric Pain,"Omeprazole (20 mg daily), treat cause (e.g., antibiotics)","Endoscopy (e.g., ulcer), H. pylori test, labs","Upper abdominal discomfort, burning, nausea, bloating","Omeprazole (20 milligrams daily), treat cause (e.g., antibiotics) This treatment is prescribed based on the severity of the condition and should be followed as directed by a healthcare professional."
Metabolic Disorders,"Dietary management, specific meds (e.g., metformin), treat cause","Blood tests (e.g., glucose, lipids), genetic testing, biopsy","Fatigue, weight changes, abnormal labs, organ dysfunction","Dietary management, specific meds (e.g., metformin), treat cause This treatment is prescribed based on the severity of the condition and should be followed as directed by a healthcare professional."
Tapeworm Infection,"Praziquantel (10 mg/kg single dose), albendazole (400 mg daily)","Stool ova/parasite exam, Taenia serology","Abdominal discomfort, nausea, visible segments in stool","Praziquantel (10 milligrams/kg single dose), albendazole (400 milligrams daily) This treatment is prescribed based on the severity of the condition and should be followed as directed by a healthcare professional."
Polyhidrosis,"Aluminum chloride (20% topical), botulinum toxin (50 units)","Clinical exam, starchiodine test, rule out secondary causes","Excessive sweating, wet hands/feet, odor, discomfort","Aluminum chloride (20% topical), botulinum toxin (50 units) This treatment is prescribed based on the severity of the condition and should be followed as directed by a healthcare professional."
Gilbert Syndrome,"No specific treatment, reassurance, avoid fasting","Unconjugated bilirubin elevation, UGT1A1 mutation, normal LFTs","Mild jaundice, fatigue, asymptomatic often","No specific treatment, reassurance, avoid fasting This treatment is prescribed based on the severity of the condition and should be followed as directed by a healthcare professional."
Addison Disease,"Hydrocortisone (20 mg AM, 10 mg PM), fludrocortisone (0.1 mg)","ACTH stimulation test, cortisol (<3 µg/dL), adrenal CT","Fatigue, skin darkening, low BP, salt craving","Hydrocortisone (20 milligrams AM, 10 milligrams PM), fludrocortisone (0.1 milligrams) This treatment is prescribed based on the severity of the condition and should be followed as directed by a healthcare professional."
Low Testosterone (LowT),"Testosterone (1% gel 50 mg daily), clomiphene (25 mg daily)","Serum testosterone (<300 ng/dL), LH/FSH levels","Fatigue, low libido, muscle loss, mood changes","Testosterone (1% gel 50 milligrams daily), clomiphene (25 milligrams daily) This treatment is prescribed based on the severity of the condition and should be followed as directed by a healthcare professional."
Dental Pain,"Ibuprofen (400 mg), amoxicillin (500 mg 3x daily), dental repair","Dental exam, Xray (caries/abscess), percussion test","Toothache, sensitivity, swelling, gum pain","Ibuprofen (400 milligrams), amoxicillin (500 milligrams 3 times a day), dental repair This treatment is prescribed based on the severity of the condition and should be followed as directed by a healthcare professional."
Dercum’s Disease,"Pain management (gabapentin 300 mg), surgery (lipoma removal)","Clinical exam (lipomas), rule out other causes, biopsy","Painful fatty lumps, fatigue, weight gain","Pain management (gabapentin 300 milligrams), surgery (lipoma removal) This treatment is prescribed based on the severity of the condition and should be followed as directed by a healthcare professional."
Insulin Resistance Syndrome,"Metformin (500 mg twice daily), lifestyle changes, statins","NCEP ATP III (e.g., HDL <40 mg/dL), fasting glucose","Obesity, hypertension, fatigue, acanthosis nigricans","Metformin (500 milligrams twice daily), lifestyle changes, statins This treatment is prescribed based on the severity of the condition and should be followed as directed by a healthcare professional."
CIC (Chronic Idiopathic Constipation),"Polyethylene glycol (17 g daily), lubiprostone (24 mcg twice daily)","Rome IV criteria, colonic transit study, rule out causes","Infrequent stools, straining, bloating, hard stool","Polyethylene glycol (17 g daily), lubiprostone (24 micrograms twice daily) This treatment is prescribed based on the severity of the condition and should be followed as directed by a healthcare professional."
Bacterial Infection,"Amoxicillin (500 mg 3x daily), treat site/cause, drainage","Culture (e.g., S. aureus), blood tests, imaging","Fever, pain, swelling, discharge (sitespecific)","Amoxicillin (500 milligrams 3 times a day), treat site/cause, drainage This treatment is prescribed based on the severity of the condition and should be followed as directed by a healthcare professional."
EpididymoOrchitis,"Ceftriaxone (250 mg IM), doxycycline (100 mg twice daily), rest","Scrotal ultrasound, urine culture, STI testing","Testicular pain, swelling, fever, dysuria","Ceftriaxone (250 milligrams IM), doxycycline (100 milligrams twice daily), rest This treatment is prescribed based on the severity of the condition and should be followed as directed by a healthcare professional."
Meningococcal Meningitis,"Ceftriaxone (2 g IV every 12 hours), rifampin prophylaxis","CSF culture (N. meningitidis), blood culture, PCR","Fever, stiff neck, rash (petechial), headache","Ceftriaxone (2 g intravenous every 12 hours), rifampin prophylaxis This treatment is prescribed based on the severity of the condition and should be followed as directed by a healthcare professional."
Herpes Zoster Meningitis,"Acyclovir (10 mg/kg IV every 8 hours), prednisone (60 mg daily)","CSF PCR (VZV), MRI (meningeal enhancement)","Rash, headache, fever, neck stiffness","Acyclovir (10 milligrams/kg intravenous every 8 hours), prednisone (60 milligrams daily) This treatment is prescribed based on the severity of the condition and should be followed as directed by a healthcare professional."
MS (Multiple Sclerosis),"Interferon beta1a (30 mcg IM weekly), natalizumab (300 mg IV)","MRI (white matter lesions), CSF oligoclonal bands, EP","Numbness, vision loss, fatigue, spasticity","Interferon beta1a (30 micrograms IM weekly), natalizumab (300 milligrams intravenous) This treatment is prescribed based on the severity of the condition and should be followed as directed by a healthcare professional."
Vaginitis,"Metronidazole (500 mg twice daily for BV), fluconazole (150 mg)","Wet mount, pH test, culture (e.g., BV, yeast)","Discharge, itching, burning, odor","Metronidazole (500 milligrams twice daily for BV), fluconazole (150 milligrams) This treatment is prescribed based on the severity of the condition and should be followed as directed by a healthcare professional."
Vaginitis (2),"Clotrimazole (1% cream), treat cause, hygiene","Vaginal swab (e.g., Candida), clinical exam","Vaginal irritation, abnormal discharge, pain, redness","Clotrimazole (1% cream), treat cause, hygiene This treatment is prescribed based on the severity of the condition and should be followed as directed by a healthcare professional."
Anal Fistula,"Fistulotomy, metronidazole (500 mg 3x daily), seton placement","Physical exam, MRI, fistulography","Anal pain, discharge, swelling, recurrent abscesses","Fistulotomy, metronidazole (500 milligrams 3 times a day), seton placement This treatment is prescribed based on the severity of the condition and should be followed as directed by a healthcare professional."
Pulmonary Eosinophilia,"Prednisone (40 mg daily), treat cause (e.g., parasite), monitor","Chest Xray (infiltrates), BAL (eosinophils >25%)","Cough, dyspnea, wheezing, eosinophilia","Prednisone (40 milligrams daily), treat cause (e.g., parasite), monitor This treatment is prescribed based on the severity of the condition and should be followed as directed by a healthcare professional."
ChurgStrauss Syndrome,"Prednisone (1 mg/kg daily), cyclophosphamide (2 mg/kg daily)","Eosinophilia (>10%), ANCA, biopsy (vasculitis)","Asthma, sinusitis, rash, neuropathy","Prednisone (1 milligrams/kg daily), cyclophosphamide (2 milligrams/kg daily) This treatment is prescribed based on the severity of the condition and should be followed as directed by a healthcare professional."
MF (Myelofibrosis),"Ruxolitinib (20 mg twice daily), transfusion, hydroxyurea","Bone marrow biopsy (fibrosis), JAK2 mutation test","Fatigue, splenomegaly, bone pain, night sweats","Ruxolitinib (20 milligrams twice daily), transfusion, hydroxyurea This treatment is prescribed based on the severity of the condition and should be followed as directed by a healthcare professional."
Broken Finger,"Splinting, ibuprofen (400 mg), surgery if complex","Xray (fracture), physical exam","Pain, swelling, deformity, limited motion","Splinting, ibuprofen (400 milligrams), surgery if complex This treatment is prescribed based on the severity of the condition and should be followed as directed by a healthcare professional."
Acute Diarrhea,"Oral rehydration solution, loperamide (2 mg PRN), treat cause","Stool culture (e.g., viral), clinical history, labs","Frequent loose stools, cramps, dehydration, fever","Oral rehydration solution, loperamide (2 milligrams PRN), treat cause This treatment is prescribed based on the severity of the condition and should be followed as directed by a healthcare professional."
Hyperhomocysteinemia,"Folic acid (5 mg daily), vitamin B6 (50 mg daily), B12","Serum homocysteine (>15 µmol/L), B12/folate levels","Fatigue, numbness, vascular issues, asymptomatic often","Folic acid (5 milligrams daily), vitamin B6 (50 milligrams daily), B12 This treatment is prescribed based on the severity of the condition and should be followed as directed by a healthcare professional."
Dysrhythmia,"Metoprolol (25 mg daily), amiodarone (200 mg daily), ablation","ECG (e.g., AFib), Holter monitor, EP study","Palpitations, dizziness, fatigue, irregular pulse","Metoprolol (25 milligrams daily), amiodarone (200 milligrams daily), ablation This treatment is prescribed based on the severity of the condition and should be followed as directed by a healthcare professional."
Eisenmenger Syndrome,"Bosentan (125 mg twice daily), oxygen, avoid exertion","Echo (shunt reversal), cardiac cath, oxygen saturation","Cyanosis, dyspnea, fatigue, clubbing","Bosentan (125 milligrams twice daily), oxygen, avoid exertion This treatment is prescribed based on the severity of the condition and should be followed as directed by a healthcare professional."
Malignant Myeloid/Lymphoid Neoplasm,"Chemotherapy (e.g., cytarabine), targeted therapy (e.g., ibrutinib)","Bone marrow biopsy (blasts), cytogenetics, flow cytometry","Fatigue, bruising, infections, lymphadenopathy","Chemotherapy (e.g., cytarabine), targeted therapy (e.g., ibrutinib) This treatment is prescribed based on the severity of the condition and should be followed as directed by a healthcare professional."
Uvulitis,"Dexamethasone (10 mg IV), antibiotics (penicillin 500 mg), fluids","Throat exam, culture (e.g., strep), imaging if severe","Swollen uvula, throat pain, difficulty swallowing, drooling","Dexamethasone (10 milligrams intravenous), antibiotics (penicillin 500 milligrams), fluids This treatment is prescribed based on the severity of the condition and should be followed as directed by a healthcare professional."
Hypertrophic Osteoarthritis,"Acetaminophen (1 g 3x daily), intraarticular steroids, PT","Xray (osteophytes), physical exam, rule out RA","Joint pain, stiffness, bony enlargement, swelling","Acetaminophen (1 g 3 times a day), intraarticular steroids, PT This treatment is prescribed based on the severity of the condition and should be followed as directed by a healthcare professional."
Acute Bronchitis,"Supportive care, albuterol (2.5 mg nebulized), fluids","Clinical exam, chest Xray (rule out pneumonia)","Cough, wheezing, chest discomfort, mild fever","Supportive care, albuterol (2.5 milligrams nebulized), fluids This treatment is prescribed based on the severity of the condition and should be followed as directed by a healthcare professional."
West Syndrome,"ACTH (20 IU/m² IM daily), vigabatrin (50 mg/kg daily)","EEG (hypsarrhythmia), MRI, clinical history","Infantile spasms, developmental regression, seizures","ACTH (20 IU/m² IM daily), vigabatrin (50 milligrams/kg daily) This treatment is prescribed based on the severity of the condition and should be followed as directed by a healthcare professional."
Leg Pain,"Ibuprofen (400 mg), treat cause (e.g., compression stockings)","Physical exam, Doppler ultrasound, EMG if nerverelated","Aching, cramping, numbness, swelling","Ibuprofen (400 milligrams), treat cause (e.g., compression stockings) This treatment is prescribed based on the severity of the condition and should be followed as directed by a healthcare professional."
Pityriasis Rubra Pilaris,"Acitretin (25 mg daily), methotrexate (15 mg weekly), steroids","Skin biopsy (psoriasiform), clinical exam","Redorange scaly rash, palm/sole thickening, itching","Acitretin (25 milligrams daily), methotrexate (15 milligrams weekly), steroids This treatment is prescribed based on the severity of the condition and should be followed as directed by a healthcare professional."
Alcohol Poisoning,"IV fluids, thiamine (100 mg IV), supportive care, monitor","Blood alcohol level (>0.3%), clinical exam, glucose","Confusion, vomiting, slow breathing, hypothermia","intravenous fluids, thiamine (100 milligrams intravenous), supportive care, monitor This treatment is prescribed based on the severity of the condition and should be followed as directed by a healthcare professional."
EatonLambert Syndrome,"Pyridostigmine (60 mg 3x daily), 3,4DAP (20 mg 4x daily)","EMG (incremental response), VGCC antibodies, imaging","Muscle weakness, fatigue, dry mouth, ptosis","Pyridostigmine (60 milligrams 3 times a day), 3,4DAP (20 milligrams 4 times a day) This treatment is prescribed based on the severity of the condition and should be followed as directed by a healthcare professional."
Epithelioid Sarcoma,"Surgery (wide excision), doxorubicin (60 mg/m² IV), radiation","Biopsy (epithelioid cells), MRI, PET staging","Painless nodule, slow growth, ulceration, metastasis","Surgery (wide excision), doxorubicin (60 milligrams/m² intravenous), radiation This treatment is prescribed based on the severity of the condition and should be followed as directed by a healthcare professional."
Retinoblastoma,"Enucleation, carboplatin (18.6 mg/kg IV), laser therapy","Fundoscopy, ultrasound (eye mass), RB1 gene testing","White pupil reflex, strabismus, vision loss, eye redness","Enucleation, carboplatin (18.6 milligrams/kg intravenous), laser therapy This treatment is prescribed based on the severity of the condition and should be followed as directed by a healthcare professional."
Tinea Versicolor,"Ketoconazole cream (2%), fluconazole (300 mg weekly)","KOH skin scraping, Wood’s lamp exam","Discolored skin patches, mild itching, scaling","Ketoconazole cream (2%), fluconazole (300 milligrams weekly) This treatment is prescribed based on the severity of the condition and should be followed as directed by a healthcare professional."
Granulomatous Disease,"Trimethoprimsulfamethoxazole (160/800 mg daily), IFNgamma","Nitroblue tetrazolium test, genetic testing (e.g., CYBB)","Recurrent infections, abscesses, granulomas, fever","Trimethoprimsulfamethoxazole (160/800 milligrams daily), IFNgamma This treatment is prescribed based on the severity of the condition and should be followed as directed by a healthcare professional."
Carbon Monoxide Poisoning,"100% oxygen, hyperbaric oxygen, supportive care","COHb level (>3% nonsmokers), pulse COoximetry","Headache, dizziness, confusion, cherryred skin","100% oxygen, hyperbaric oxygen, supportive care This treatment is prescribed based on the severity of the condition and should be followed as directed by a healthcare professional."
Blood Loss Anemia,"Blood transfusion, ferrous sulfate (325 mg 3x daily), treat cause","CBC (Hgb <13 g/dL men), iron studies, bleeding source","Fatigue, pallor, tachycardia, dizziness","Blood transfusion, ferrous sulfate (325 milligrams 3 times a day), treat cause This treatment is prescribed based on the severity of the condition and should be followed as directed by a healthcare professional."
Dyssomnia,"Zolpidem (5 mg nightly), CBTI, treat cause","Sleep history, polysomnography, actigraphy","Insomnia, hypersomnia, disrupted sleep, fatigue","Zolpidem (5 milligrams nightly), CBTI, treat cause This treatment is prescribed based on the severity of the condition and should be followed as directed by a healthcare professional."
Cutaneous Bacillus Anthracis,"Ciprofloxacin (500 mg twice daily), doxycycline (100 mg twice daily)","Skin swab (B. anthracis), PCR, culture","Painless ulcer, black eschar, swelling, fever","Ciprofloxacin (500 milligrams twice daily), doxycycline (100 milligrams twice daily) This treatment is prescribed based on the severity of the condition and should be followed as directed by a healthcare professional."
Pulmonary Contusion,"Oxygen, pain management (morphine 2 mg IV), supportive care","Chest Xray (patchy infiltrates), CT chest","Chest pain, dyspnea, hemoptysis, hypoxia","Oxygen, pain management (morphine 2 milligrams intravenous), supportive care This treatment is prescribed based on the severity of the condition and should be followed as directed by a healthcare professional."
Turner Syndrome,"Growth hormone (0.3 mg/kg weekly), estrogen replacement","Karyotype (45,X), echo (e.g., coarctation), hormone levels","Short stature, webbed neck, infertility, heart defects","Growth hormone (0.3 milligrams/kg weekly), estrogen replacement This treatment is prescribed based on the severity of the condition and should be followed as directed by a healthcare professional."
TEPH (Thromboembolic Pulmonary Hypertension),"Warfarin (INR 23), riociguat (2.5 mg 3x daily), endarterectomy","V/Q scan, right heart cath, CT pulmonary angiogram","Progressive dyspnea, leg swelling, fatigue, chest pain","Warfarin (INR 23), riociguat (2.5 milligrams 3 times a day), endarterectomy This treatment is prescribed based on the severity of the condition and should be followed as directed by a healthcare professional."
Pompe Disease,"Alglucosidase alfa (20 mg/kg IV every 2 weeks), support","GAA enzyme deficiency, genetic testing (GAA), EMG","Muscle weakness, respiratory issues, cardiomegaly","Alglucosidase alfa (20 milligrams/kg intravenous every 2 weeks), support This treatment is prescribed based on the severity of the condition and should be followed as directed by a healthcare professional."
Juvenile Myoclonic Epilepsy,"Valproate (500 mg twice daily), levetiracetam (500 mg twice daily)","EEG (polyspike waves), clinical history, MRI","Myoclonic jerks, tonicclonic seizures, morning onset","Valproate (500 milligrams twice daily), levetiracetam (500 milligrams twice daily) This treatment is prescribed based on the severity of the condition and should be followed as directed by a healthcare professional."
Herpes Simplex Otitis Externa,"Acyclovir (400 mg 5x daily), ear drops (hydrocortisone 1%)","Ear exam (vesicles), viral swab (HSV PCR)","Ear pain, vesicles, swelling, discharge","Acyclovir (400 milligrams 5 times a day), ear drops (hydrocortisone 1%) This treatment is prescribed based on the severity of the condition and should be followed as directed by a healthcare professional."
Tonsil Cancer,"Tonsillectomy, cisplatin (100 mg/m² IV), radiation","Tonsil biopsy, HPV testing, CT neck","Sore throat, ear pain, tonsil mass, difficulty swallowing","Tonsillectomy, cisplatin (100 milligrams/m² intravenous), radiation This treatment is prescribed based on the severity of the condition and should be followed as directed by a healthcare professional."
Shin Splints,"Rest, ice, ibuprofen (400 mg), stretching exercises","Physical exam, rule out stress fracture (Xray/MRI)","Shin pain during activity, tenderness, mild swelling","Rest, ice, ibuprofen (400 milligrams), stretching exercises This treatment is prescribed based on the severity of the condition and should be followed as directed by a healthcare professional."
Parsonage Turner Syndrome,"Prednisone (60 mg tapering), gabapentin (300 mg 3x daily), PT","Clinical history, EMG (brachial plexus), MRI","Sudden shoulder pain, weakness, atrophy, numbness","Prednisone (60 milligrams tapering), gabapentin (300 milligrams 3 times a day), PT This treatment is prescribed based on the severity of the condition and should be followed as directed by a healthcare professional."
SARSCoV2 Infection,"Dexamethasone (6 mg daily), remdesivir (200 mg IV day 1), oxygen","RTPCR (SARSCoV2), chest CT (groundglass)","Fever, cough, fatigue, anosmia","Dexamethasone (6 milligrams daily), remdesivir (200 milligrams intravenous day 1), oxygen This treatment is prescribed based on the severity of the condition and should be followed as directed by a healthcare professional."
Hyperpigmentation,"Hydroquinone (4% cream), tretinoin (0.025%), sunscreen","Clinical exam, Wood’s lamp, rule out Addison’s/melasma","Dark skin patches, uneven tone, cosmetic concern","Hydroquinone (4% cream), tretinoin (0.025%), sunscreen This treatment is prescribed based on the severity of the condition and should be followed as directed by a healthcare professional."
Tick Bite (2),"Doxycycline (100 mg twice daily if Lyme), clean site, monitor","Clinical exam, serology (e.g., Lyme) if symptomatic","Localized redness, itching, fever if infected","Doxycycline (100 milligrams twice daily if Lyme), clean site, monitor This treatment is prescribed based on the severity of the condition and should be followed as directed by a healthcare professional."
Wilson’s Disease,"Penicillamine (250 mg 4x daily), zinc (50 mg 3x daily)","Serum ceruloplasmin (<20 mg/dL), 24hr urine copper, genetic test","Tremor, jaundice, liver issues, copper deposits in eyes","Penicillamine (250 milligrams 4 times a day), zinc (50 milligrams 3 times a day) This treatment is prescribed based on the severity of the condition and should be followed as directed by a healthcare professional."
Malignant Pleural Mesothelioma,"Pemetrexed (500 mg/m² IV), cisplatin (75 mg/m² IV), surgery","Chest CT (pleural thickening), biopsy (mesothelial cells)","Chest pain, dyspnea, pleural effusion, weight loss","Pemetrexed (500 milligrams/m² intravenous), cisplatin (75 milligrams/m² intravenous), surgery This treatment is prescribed based on the severity of the condition and should be followed as directed by a healthcare professional."
Teething Syndrome,"Teething rings, acetaminophen (15 mg/kg), gum massage","Oral exam, agebased assessment (612 months)","Drooling, gum irritation, fussiness, mild fever (infants)","Teething rings, acetaminophen (15 milligrams/kg), gum massage This treatment is prescribed based on the severity of the condition and should be followed as directed by a healthcare professional."
Acute Granulocytic Leukemia,"Cytarabine (100 mg/m² IV), daunorubicin (60 mg/m² IV), transplant","Bone marrow biopsy (blasts >20%), cytogenetics","Fatigue, bruising, infections, bone pain","Cytarabine (100 milligrams/m² intravenous), daunorubicin (60 milligrams/m² intravenous), transplant This treatment is prescribed based on the severity of the condition and should be followed as directed by a healthcare professional."
Rheumatoid Pneumoconiosis,"Methotrexate (15 mg weekly), prednisone (20 mg daily), oxygen","Chest Xray (nodules), RF positive, lung biopsy","Cough, dyspnea, joint pain, lung nodules","Methotrexate (15 milligrams weekly), prednisone (20 milligrams daily), oxygen This treatment is prescribed based on the severity of the condition and should be followed as directed by a healthcare professional."
Alcoholic Hepatitis,"Prednisolone (40 mg daily), abstinence, nutritional support","Liver function tests (AST >ALT), ultrasound, biopsy","Jaundice, abdominal pain, fever, ascites","Prednisolone (40 milligrams daily), abstinence, nutritional support This treatment is prescribed based on the severity of the condition and should be followed as directed by a healthcare professional."
Bronchospastic Disease,"Albuterol (90 mcg PRN), budesonide (200 mcg twice daily)","Spirometry (reversible obstruction), peak flow","Wheezing, shortness of breath, chest tightness, cough","Albuterol (90 micrograms PRN), budesonide (200 micrograms twice daily) This treatment is prescribed based on the severity of the condition and should be followed as directed by a healthcare professional."
Neuromyelitis Optica,"Methylprednisolone (1 g IV daily), rituximab (1 g IV)","MRI (spinal lesions), NMOIgG antibody test","Vision loss, limb weakness, bladder dysfunction","Methylprednisolone (1 g intravenous daily), rituximab (1 g intravenous) This treatment is prescribed based on the severity of the condition and should be followed as directed by a healthcare professional."
Brain Hemorrhage (Brain Bleeding),"BP control (labetalol 20 mg IV), surgery (craniotomy), supportive","CT (intracranial blood), MRI, angiography (source)","Sudden headache, weakness, confusion, vomiting","BP control (labetalol 20 milligrams intravenous), surgery (craniotomy), supportive This treatment is prescribed based on the severity of the condition and should be followed as directed by a healthcare professional."
Fascioliasis,"Triclabendazole (10 mg/kg single dose), supportive care","Stool ova (Fasciola), serology, ultrasound (liver)","Fever, abdominal pain, hepatomegaly, eosinophilia","Triclabendazole (10 milligrams/kg single dose), supportive care This treatment is prescribed based on the severity of the condition and should be followed as directed by a healthcare professional."
Pancreatic Cysts,"Monitor (if benign), surgery (if malignant risk), drainage","CT/MRI (cystic lesions), EUS, fluid analysis (CEA)","Often asymptomatic, abdominal pain, nausea","Monitor (if benign), surgery (if malignant risk), drainage This treatment is prescribed based on the severity of the condition and should be followed as directed by a healthcare professional."
Thyroid Cancer,"Thyroidectomy, radioactive iodine (100 mCi), levothyroxine","Ultrasound (nodule), FNA biopsy, TSH/thyroglobulin","Neck lump, dysphagia, hoarseness, lymph nodes","Thyroidectomy, radioactive iodine (100 mCi), levothyroxine This treatment is prescribed based on the severity of the condition and should be followed as directed by a healthcare professional."
GID (Gender Dysphoria),"Hormone therapy (e.g., estrogen), counseling, surgery","DSM5, clinical interview, psychological assessment","Distress over gender mismatch, depression, anxiety","Hormone therapy (e.g., estrogen), counseling, surgery This treatment is prescribed based on the severity of the condition and should be followed as directed by a healthcare professional."
Stagnant Loop Syndrome,"Antibiotics (rifaximin 550 mg 3x daily), surgery (resection)","Hydrogen breath test, small bowel imaging, culture","Bloating, diarrhea, malabsorption, weight loss","Antibiotics (rifaximin 550 milligrams 3 times a day), surgery (resection) This treatment is prescribed based on the severity of the condition and should be followed as directed by a healthcare professional."
Endometrial Polyps,"Polypectomy, progesterone (IUD), monitor","Hysteroscopy (polyp), ultrasound, biopsy","Irregular bleeding, pelvic pain, infertility","Polypectomy, progesterone (IUD), monitor This treatment is prescribed based on the severity of the condition and should be followed as directed by a healthcare professional."
Eye Herpes (Ocular Herpes),"Acyclovir (400 mg 5x daily), trifluridine drops (1%)","Slitlamp (dendritic pattern), HSV PCR, fluorescein","Eye pain, redness, blurred vision, dendritic ulcer","Acyclovir (400 milligrams 5 times a day), trifluridine drops (1%) This treatment is prescribed based on the severity of the condition and should be followed as directed by a healthcare professional."
Chilblains,"Nifedipine (20 mg daily), warm clothing, topical steroids","Clinical exam (pernio), rule out lupus, history","Red, itchy skin, swelling, cold exposure","Nifedipine (20 milligrams daily), warm clothing, topical steroids This treatment is prescribed based on the severity of the condition and should be followed as directed by a healthcare professional."
Acute Asthma,"Albuterol (2.5 mg nebulized), prednisone (40 mg daily)","Peak flow (<50% predicted), clinical exam, SpO2","Wheezing, dyspnea, chest tightness, cough","Albuterol (2.5 milligrams nebulized), prednisone (40 milligrams daily) This treatment is prescribed based on the severity of the condition and should be followed as directed by a healthcare professional."
Enterovirus D68 Infection,"Supportive care, oxygen, IVIG if neurologic","RTPCR (EVD68), nasal swab, clinical history","Respiratory distress, fever, muscle weakness","Supportive care, oxygen, intravenousIG if neurologic This treatment is prescribed based on the severity of the condition and should be followed as directed by a healthcare professional."
Renal Tubular Acidosis,"Sodium bicarbonate (650 mg 3x daily), treat cause","ABG (metabolic acidosis), urine pH (>5.5), labs","Fatigue, bone pain, acidosis, kidney stones","Sodium bicarbonate (650 milligrams 3 times a day), treat cause This treatment is prescribed based on the severity of the condition and should be followed as directed by a healthcare professional."
Idiopathic Intracranial Hypertension,"Acetazolamide (500 mg twice daily), weight loss, surgery","Lumbar puncture (>25 cmH2O), MRI, fundoscopy","Headache, vision loss, papilledema, tinnitus","Acetazolamide (500 milligrams twice daily), weight loss, surgery This treatment is prescribed based on the severity of the condition and should be followed as directed by a healthcare professional."
Skin Rash,"Topical steroids (hydrocortisone 1%), treat cause","Clinical exam, biopsy (if persistent), allergy testing","Redness, itching, scaling, variable patterns","Topical steroids (hydrocortisone 1%), treat cause This treatment is prescribed based on the severity of the condition and should be followed as directed by a healthcare professional."
Carcinoma,"Surgery, chemotherapy (e.g., cisplatin), radiation","Biopsy (malignant cells), imaging (CT/MRI), markers","Mass, weight loss, pain, organspecific symptoms","Surgery, chemotherapy (e.g., cisplatin), radiation This treatment is prescribed based on the severity of the condition and should be followed as directed by a healthcare professional."
Vaginal Flatulence,"Pelvic floor exercises, surgery (if fistula), reassurance","Clinical history, pelvic exam, rule out fistula","Air expulsion, embarrassment, pelvic laxity","Pelvic floor exercises, surgery (if fistula), reassurance This treatment is prescribed based on the severity of the condition and should be followed as directed by a healthcare professional."
All Leukemia,"Chemotherapy (e.g., cytarabine), HSCT, supportive","CBC (blasts), bone marrow biopsy, cytogenetics","Fatigue, bruising, infections, bone pain","Chemotherapy (e.g., cytarabine), HSCT, supportive This treatment is prescribed based on the severity of the condition and should be followed as directed by a healthcare professional."
Pruritus,"Antihistamines (cetirizine 10 mg), treat cause, moisturizers","Clinical exam, labs (liver, kidney), skin biopsy","Itching, scratching, skin irritation, sleeplessness","Antihistamines (cetirizine 10 milligrams), treat cause, moisturizers This treatment is prescribed based on the severity of the condition and should be followed as directed by a healthcare professional."
Meniere Disease,"Lowsalt diet, betahistine (16 mg 3x daily), diuretics","Audiometry (lowfrequency loss), clinical criteria","Vertigo, tinnitus, hearing loss, ear fullness","Lowsalt diet, betahistine (16 milligrams 3 times a day), diuretics This treatment is prescribed based on the severity of the condition and should be followed as directed by a healthcare professional."
Inflammatory Bowel Disease (IBD),"Mesalamine (2.4 g daily), infliximab (5 mg/kg IV), steroids","Colonoscopy (ulcers), biopsy, fecal calprotectin","Diarrhea, abdominal pain, weight loss, fatigue","Mesalamine (2.4 g daily), infliximab (5 milligrams/kg intravenous), steroids This treatment is prescribed based on the severity of the condition and should be followed as directed by a healthcare professional."
TEPH (Thromboembolic Pulmonary Hypertension),"Pulmonary endarterectomy, riociguat (2.5 mg 3x daily), warfarin","V/Q scan (mismatch), right heart cath, CT angiogram","Dyspnea, fatigue, leg swelling, history of PE","Pulmonary endarterectomy, riociguat (2.5 milligrams 3 times a day), warfarin This treatment is prescribed based on the severity of the condition and should be followed as directed by a healthcare professional."
Pontiac Fever,"Supportive care, hydration, resolves spontaneously","Legionella urinary antigen, exposure history","Fever, muscle aches, headache, no pneumonia","Supportive care, hydration, resolves spontaneously This treatment is prescribed based on the severity of the condition and should be followed as directed by a healthcare professional."
Dengue Fever,"Supportive care, fluids, acetaminophen (1 g)","NS1 antigen, IgM serology, PCR (dengue virus)","High fever, rash, joint pain, bleeding risk","Supportive care, fluids, acetaminophen (1 g) This treatment is prescribed based on the severity of the condition and should be followed as directed by a healthcare professional."
Dry Mouth (Xerostomia),"Saliva substitutes, pilocarpine (5 mg 3x daily), hydration","Clinical exam, salivary flow test, rule out Sjögren’s","Dryness, sticky saliva, taste changes, swallowing issues","Saliva substitutes, pilocarpine (5 milligrams 3 times a day), hydration This treatment is prescribed based on the severity of the condition and should be followed as directed by a healthcare professional."
Liver Failure,"Lactulose (30 mL 3x daily), transplant, supportive","LFTs (high bilirubin), INR (>1.5), ultrasound","Jaundice, confusion, ascites, bleeding tendency","Lactulose (30 mL 3 times a day), transplant, supportive This treatment is prescribed based on the severity of the condition and should be followed as directed by a healthcare professional."
Evan’s Syndrome,"Prednisone (1 mg/kg daily), IVIG (1 g/kg), rituximab","CBC (hemolysis, low platelets), Coombs test, DAT","Anemia, thrombocytopenia, fatigue, jaundice","Prednisone (1 milligrams/kg daily), intravenousIG (1 g/kg), rituximab This treatment is prescribed based on the severity of the condition and should be followed as directed by a healthcare professional."
HSV (Herpes Simplex (HSV)),"Acyclovir (400 mg 3x daily), valacyclovir (1 g twice daily)","PCR (HSV1/2), viral culture, Tzanck smear","Painful sores, fever, lymphadenopathy, tingling","Acyclovir (400 milligrams 3 times a day), valacyclovir (1 g twice daily) This treatment is prescribed based on the severity of the condition and should be followed as directed by a healthcare professional."
EBV (Mononucleosis),"Supportive care, rest, avoid contact sports","Monospot test, EBV IgM, CBC (lymphocytosis)","Fatigue, sore throat, fever, splenomegaly","Supportive care, rest, avoid contact sports This treatment is prescribed based on the severity of the condition and should be followed as directed by a healthcare professional."
StiffMan Syndrome,"Diazepam (5 mg 3x daily), IVIG (2 g/kg), baclofen","AntiGAD antibodies, EMG (continuous activity), clinical","Muscle stiffness, spasms, pain, anxiety","Diazepam (5 milligrams 3 times a day), intravenousIG (2 g/kg), baclofen This treatment is prescribed based on the severity of the condition and should be followed as directed by a healthcare professional."
Dwarf Tapeworm Infection,"Praziquantel (25 mg/kg single dose), hygiene measures","Stool ova (Hymenolepis nana), CBC (eosinophilia)","Abdominal pain, diarrhea, weight loss, anal itching","Praziquantel (25 milligrams/kg single dose), hygiene measures This treatment is prescribed based on the severity of the condition and should be followed as directed by a healthcare professional."
Sarcoidosis,"Prednisone (20 mg daily), hydroxychloroquine (200 mg)","Chest Xray (hilar nodes), biopsy (granulomas), ACE levels","Cough, fatigue, skin lesions, lymphadenopathy","Prednisone (20 milligrams daily), hydroxychloroquine (200 milligrams) This treatment is prescribed based on the severity of the condition and should be followed as directed by a healthcare professional."
Urinary Tract Infection (UTI),"Nitrofurantoin (100 mg twice daily), hydration","Urinalysis (pyuria), culture (E. coli), clinical exam","Dysuria, frequency, urgency, cloudy urine","Nitrofurantoin (100 milligrams twice daily), hydration This treatment is prescribed based on the severity of the condition and should be followed as directed by a healthcare professional."
Inflammatory Bowel Disease (IBD) (2),"Azathioprine (2 mg/kg daily), biologics (adalimumab), surgery","Endoscopy (Crohn’s/ulcers), imaging, CRP elevation","Bloody diarrhea, cramps, fatigue, fistulas","Azathioprine (2 milligrams/kg daily), biologics (adalimumab), surgery This treatment is prescribed based on the severity of the condition and should be followed as directed by a healthcare professional."
Cestodiasis,"Praziquantel (10 mg/kg single dose), albendazole (400 mg)","Stool exam (tapeworm), serology, imaging","GI upset, weight loss, worm segments in stool","Praziquantel (10 milligrams/kg single dose), albendazole (400 milligrams) This treatment is prescribed based on the severity of the condition and should be followed as directed by a healthcare professional."
Castleman Disease,"Rituximab (375 mg/m² IV), siltuximab (11 mg/kg IV), surgery","Biopsy (hyaline vascular), IL6 levels, PETCT","Lymphadenopathy, fever, night sweats, fatigue","Rituximab (375 milligrams/m² intravenous), siltuximab (11 milligrams/kg intravenous), surgery This treatment is prescribed based on the severity of the condition and should be followed as directed by a healthcare professional."
Kidney Injury,"Fluids (NS 1 L), treat cause (e.g., stop nephrotoxins)","Creatinine rise, ultrasound (hydronephrosis), urinalysis","Reduced urine, flank pain, edema, fatigue","Fluids (NS 1 L), treat cause (e.g., stop nephrotoxins) This treatment is prescribed based on the severity of the condition and should be followed as directed by a healthcare professional."
Infectious Endophthalmitis,"Intravitreal antibiotics (vancomycin 1 mg), vitrectomy","Vitreous tap (culture), ultrasound, clinical exam","Eye pain, vision loss, redness, hypopyon","Intravitreal antibiotics (vancomycin 1 milligrams), vitrectomy This treatment is prescribed based on the severity of the condition and should be followed as directed by a healthcare professional."
Rotavirus,"Oral rehydration solution, supportive care, vaccine","Stool antigen (rotavirus), clinical history, PCR","Vomiting, watery diarrhea, fever, dehydration","Oral rehydration solution, supportive care, vaccine This treatment is prescribed based on the severity of the condition and should be followed as directed by a healthcare professional."
Hepatic Hemangioma,"Monitor, surgery (if symptomatic), embolization","Ultrasound (hyperechoic), CT/MRI (contrast uptake)","Often asymptomatic, RUQ pain, fullness","Monitor, surgery (if symptomatic), embolization This treatment is prescribed based on the severity of the condition and should be followed as directed by a healthcare professional."
Psammomacarcinoma,"Surgery, chemotherapy (e.g., paclitaxel), radiation","Biopsy (psammoma bodies), imaging (CT/MRI)","Mass, pain, weight loss, organ dysfunction","Surgery, chemotherapy (e.g., paclitaxel), radiation This treatment is prescribed based on the severity of the condition and should be followed as directed by a healthcare professional."
Sinus Infection,"Amoxicillin (500 mg 3x daily), nasal saline, decongestants","Clinical exam, CT (sinus opacification), culture","Nasal congestion, facial pain, fever, discharge","Amoxicillin (500 milligrams 3 times a day), nasal saline, decongestants This treatment is prescribed based on the severity of the condition and should be followed as directed by a healthcare professional."
Neck Pain,"NSAIDs (ibuprofen 400 mg), physical therapy, heat","Xray/MRI (disc/nerve), clinical exam, rule out systemic","Stiffness, soreness, radiating pain, limited motion","NSAIDs (ibuprofen 400 milligrams), physical therapy, heat This treatment is prescribed based on the severity of the condition and should be followed as directed by a healthcare professional."
Radiation Cystitis,"Hyperbaric oxygen, pentosan (100 mg 3x daily), hydration","Cystoscopy (telangiectasia), history (radiation), urine","Hematuria, dysuria, frequency, pelvic pain","Hyperbaric oxygen, pentosan (100 milligrams 3 times a day), hydration This treatment is prescribed based on the severity of the condition and should be followed as directed by a healthcare professional."
C. difficile Infection,"Vancomycin (125 mg 4x daily), fidaxomicin (200 mg twice daily)","Stool toxin (C. diff), PCR, colonoscopy (pseudomembranes)","Watery diarrhea, fever, abdominal pain, colitis","Vancomycin (125 milligrams 4 times a day), fidaxomicin (200 milligrams twice daily) This treatment is prescribed based on the severity of the condition and should be followed as directed by a healthcare professional."
Hemophilia B,"Factor IX concentrate (50 IU/kg), desmopressin","Factor IX assay (<40%), PT/PTT, genetic test","Bleeding, bruising, joint pain, prolonged clotting","Factor IX concentrate (50 IU/kg), desmopressin This treatment is prescribed based on the severity of the condition and should be followed as directed by a healthcare professional."
Hughes’ Syndrome,"Warfarin (INR 23), aspirin (81 mg daily), heparin","Anticardiolipin antibodies, lupus anticoagulant, history","Clots, miscarriages, headaches, livedo reticularis","Warfarin (INR 23), aspirin (81 milligrams daily), heparin This treatment is prescribed based on the severity of the condition and should be followed as directed by a healthcare professional."
Throat or Larynx Cancer,"Surgery (laryngectomy), radiation, cisplatin (100 mg/m²)","Laryngoscopy (mass), biopsy (squamous cell), CT","Hoarseness, dysphagia, neck mass, ear pain","Surgery (laryngectomy), radiation, cisplatin (100 milligrams/m²) This treatment is prescribed based on the severity of the condition and should be followed as directed by a healthcare professional."
CMT (CharcotMarieTooth Disease),"Physical therapy, orthotics, pain relief (gabapentin)","EMG (neuropathy), genetic test (PMP22), nerve biopsy","Foot drop, muscle wasting, numbness, high arches","Physical therapy, orthotics, pain relief (gabapentin) This treatment is prescribed based on the severity of the condition and should be followed as directed by a healthcare professional."
Thermal Burns,"Cooling, silver sulfadiazine (1%), fluids (Parkland formula)","Clinical exam (TBSA), depth assessment, history","Pain, redness, blisters, charring (severity)","Cooling, silver sulfadiazine (1%), fluids (Parkland formula) This treatment is prescribed based on the severity of the condition and should be followed as directed by a healthcare professional."
Aphthous Stomatitis,"Topical steroids (triamcinolone 0.1%), chlorhexidine rinse","Clinical exam, rule out systemic (e.g., Crohn’s), biopsy","Painful mouth ulcers, redness, recurring","Topical steroids (triamcinolone 0.1%), chlorhexidine rinse This treatment is prescribed based on the severity of the condition and should be followed as directed by a healthcare professional."
Duck Syndrome,"Counseling, stress management, SSRIs (if depression)","Psychological assessment, clinical interview, history","Hidden stress, outward calm, fatigue, burnout","Counseling, stress management, SSRIs (if depression) This treatment is prescribed based on the severity of the condition and should be followed as directed by a healthcare professional."
WM (Waldenström Macroglobulinemia),"Ibrutinib (420 mg daily), rituximab, plasmapheresis","Serum IgM (>3 g/dL), bone marrow (lymphoplasmacytic)","Fatigue, bleeding, neuropathy, hyperviscosity","Ibrutinib (420 milligrams daily), rituximab, plasmapheresis This treatment is prescribed based on the severity of the condition and should be followed as directed by a healthcare professional."
Restrictive Cardiomyopathy,"Diuretics (furosemide 40 mg), treat cause (e.g., tafamidis)","Echo (rigid walls), cardiac MRI, biopsy (amyloid)","Dyspnea, edema, fatigue, arrhythmia","Diuretics (furosemide 40 milligrams), treat cause (e.g., tafamidis) This treatment is prescribed based on the severity of the condition and should be followed as directed by a healthcare professional."
Borderline Personality Disorder (BPD),"DBT, quetiapine (50 mg daily), psychotherapy","DSM5, clinical interview, MCMIIV","Emotional instability, impulsivity, selfharm","DBT, quetiapine (50 milligrams daily), psychotherapy This treatment is prescribed based on the severity of the condition and should be followed as directed by a healthcare professional."
Excoriation Disorder,"CBT (habit reversal), SSRIs (fluoxetine 20 mg daily)","DSM5, clinical exam, skin assessment","Compulsive skin picking, scabs, scarring, distress","CBT (habit reversal), SSRIs (fluoxetine 20 milligrams daily) This treatment is prescribed based on the severity of the condition and should be followed as directed by a healthcare professional."
Dizziness (Dizzy Spells),"Meclizine (25 mg PRN), treat cause (e.g., Epley for BPPV)","Clinical exam (nystagmus), VNG, rule out cardiac","Lightheadedness, vertigo, imbalance, nausea","Meclizine (25 milligrams PRN), treat cause (e.g., Epley for BPPV) This treatment is prescribed based on the severity of the condition and should be followed as directed by a healthcare professional."
BFS (Muscle Twitching),"Reassurance, magnesium (400 mg daily), gabapentin","EMG (benign), rule out ALS, clinical exam","Fasciculations, cramps, no weakness, anxiety","Reassurance, magnesium (400 milligrams daily), gabapentin This treatment is prescribed based on the severity of the condition and should be followed as directed by a healthcare professional."
IPD (Borderline Personality Disorder) (2),"Schema therapy, lamotrigine (100 mg daily), support","DSM5, structured interview, personality scales","Unstable relationships, mood swings, identity issues","Schema therapy, lamotrigine (100 milligrams daily), support This treatment is prescribed based on the severity of the condition and should be followed as directed by a healthcare professional."
Thymosis,"Monitor (selfresolving), surgery if symptomatic","Chest Xray (thymic shadow), ultrasound, clinical","Thymus enlargement, respiratory issues (infants)","Monitor (selfresolving), surgery if symptomatic This treatment is prescribed based on the severity of the condition and should be followed as directed by a healthcare professional."
Median Arcuate Ligament Syndrome (MALS),"Surgical release, pain management, nutritional support","Doppler US (celiac compression), CTA/MRA","Epigastric pain, weight loss, nausea, postprandial","Surgical release, pain management, nutritional support This treatment is prescribed based on the severity of the condition and should be followed as directed by a healthcare professional."
Alcoholic Cardiomyopathy,"Abstinence, ACE inhibitors (lisinopril 20 mg), diuretics","Echo (dilated LV), history (alcohol), BNP elevation","Heart failure, dyspnea, edema, fatigue","Abstinence, ACE inhibitors (lisinopril 20 milligrams), diuretics This treatment is prescribed based on the severity of the condition and should be followed as directed by a healthcare professional."
Heat Stroke,"Rapid cooling (ice packs), IV fluids, monitor organs","Core temp, clinical exam, labs (rhabdo, AKI)","High temp (>104°F), confusion, dry skin, collapse","Rapid cooling (ice packs), intravenous fluids, monitor organs This treatment is prescribed based on the severity of the condition and should be followed as directed by a healthcare professional."
Osteonecrosis,"Core decompression, bisphosphonates (alendronate 70 mg)","Xray (sclerosis), MRI (bone death), history","Joint pain, stiffness, limited motion, collapse","Core decompression, bisphosphonates (alendronate 70 milligrams) This treatment is prescribed based on the severity of the condition and should be followed as directed by a healthcare professional."
Hepatic Encephalopathy,"Lactulose (30 mL 3x daily), rifaximin (550 mg twice daily)","Ammonia levels (>50 µmol/L), EEG, liver tests","Confusion, asterixis, sleep changes, coma","Lactulose (30 mL 3 times a day), rifaximin (550 milligrams twice daily) This treatment is prescribed based on the severity of the condition and should be followed as directed by a healthcare professional."
Granulomatous Disease,"Antibiotics (trimethoprimsulfamethoxazole), IFNgamma","Nitroblue tetrazolium test, genetic (CYBB), biopsy","Chronic infections, abscesses, granulomas","Antibiotics (trimethoprimsulfamethoxazole), IFNgamma This treatment is prescribed based on the severity of the condition and should be followed as directed by a healthcare professional."
Systemic Fungal Infection,"Amphotericin B (0.7 mg/kg IV), fluconazole (400 mg)","Blood culture (e.g., Candida), biopsy, antigen tests","Fever, organ dysfunction, rash, weight loss","Amphotericin B (0.7 milligrams/kg intravenous), fluconazole (400 milligrams) This treatment is prescribed based on the severity of the condition and should be followed as directed by a healthcare professional."
Periapical Abscess,"Drainage, antibiotics (amoxicillin 500 mg 3x daily), RCT","Dental Xray (radiolucency), clinical exam, culture","Tooth pain, swelling, pus, fever","Drainage, antibiotics (amoxicillin 500 milligrams 3 times a day), RCT This treatment is prescribed based on the severity of the condition and should be followed as directed by a healthcare professional."
Hemopericardium,"Pericardiocentesis, surgery (if trauma), treat cause","Echo (effusion), CT (blood), clinical (Beck’s triad)","Chest pain, dyspnea, tamponade signs (JVD)","Pericardiocentesis, surgery (if trauma), treat cause This treatment is prescribed based on the severity of the condition and should be followed as directed by a healthcare professional."
Esophageal Dilation,"Monitor, PPI (omeprazole 20 mg), soft diet","Postop barium swallow, endoscopy, history","Postprocedure discomfort, dysphagia relief","Monitor, PPI (omeprazole 20 milligrams), soft diet This treatment is prescribed based on the severity of the condition and should be followed as directed by a healthcare professional."
HIV Transmission,"PEP (tenofovir/emtricitabine 300/200 mg), ART","HIV RNA PCR, 4thgen test, exposure history","Acute flulike illness, rash, lymphadenopathy","PEP (tenofovir/emtricitabine 300/200 milligrams), ART This treatment is prescribed based on the severity of the condition and should be followed as directed by a healthcare professional."
Hodgkin Disease,"ABVD (doxorubicin 25 mg/m²), radiation, supportive","Biopsy (ReedSternberg cells), PETCT, staging","Painless lymphadenopathy, fever, night sweats","ABVD (doxorubicin 25 milligrams/m²), radiation, supportive This treatment is prescribed based on the severity of the condition and should be followed as directed by a healthcare professional."
Congestive Heart Failure,"Furosemide (40 mg daily), lisinopril (20 mg), spironolactone","Echo (low EF), BNP (>400 pg/mL), chest Xray","Dyspnea, edema, fatigue, orthopnea","Furosemide (40 milligrams daily), lisinopril (20 milligrams), spironolactone This treatment is prescribed based on the severity of the condition and should be followed as directed by a healthcare professional."
Blastomycosis,"Itraconazole (200 mg daily), amphotericin B (severe)","Culture (Blastomyces), biopsy (broad budding), Xray","Fever, cough, skin lesions, bone pain","Itraconazole (200 milligrams daily), amphotericin B (severe) This treatment is prescribed based on the severity of the condition and should be followed as directed by a healthcare professional."
Hypertension and Diabetes,"Lisinopril (20 mg), metformin (500 mg twice daily), lifestyle","BP (>130/80), HbA1c (>6.5%), glucose tests","Often asymptomatic, fatigue, blurred vision","Lisinopril (20 milligrams), metformin (500 milligrams twice daily), lifestyle This treatment is prescribed based on the severity of the condition and should be followed as directed by a healthcare professional."
Azoospermia,"Treat cause (e.g., TESE), hormone therapy, IVF","Semen analysis (no sperm), FSH/testosterone, biopsy","Infertility, no sperm in semen, testicular changes","Treat cause (e.g., TESE), hormone therapy, intravenousF This treatment is prescribed based on the severity of the condition and should be followed as directed by a healthcare professional."
Dyslipidemia,"Statins (atorvastatin 20 mg), diet, exercise","Lipid panel (high LDL, low HDL), clinical history","Often asymptomatic, xanthomas, CAD risk","Statins (atorvastatin 20 milligrams), diet, exercise This treatment is prescribed based on the severity of the condition and should be followed as directed by a healthcare professional."
HMSN (CharcotMarieTooth Disease) (2),"Braces, physical therapy, pain relief (pregabalin)","Nerve conduction (slow), genetic (GJB1), clinical","Weakness, sensory loss, foot deformities","Braces, physical therapy, pain relief (pregabalin) This treatment is prescribed based on the severity of the condition and should be followed as directed by a healthcare professional."
Frenga,"Penicillin (500 mg 3x daily), supportive care","Throat swab (strep), clinical exam, history","[Assumed typo; possibly “pharyngitis”] Throat pain, fever","Penicillin (500 milligrams 3 times a day), supportive care This treatment is prescribed based on the severity of the condition and should be followed as directed by a healthcare professional."
Dacryocystitis,"Antibiotics (cephalexin 500 mg 4x daily), DCR surgery","Clinical exam (tear sac), culture, imaging (obstruction)","Eye swelling, redness, discharge, pain near nose","Antibiotics (cephalexin 500 milligrams 4 times a day), DCR surgery This treatment is prescribed based on the severity of the condition and should be followed as directed by a healthcare professional."
Eye Redness,"Treat cause (e.g., erythromycin drops), artificial tears","Slitlamp exam, history (allergy/infection), culture","Red eyes, irritation, discharge, vision changes","Treat cause (e.g., erythromycin drops), artificial tears This treatment is prescribed based on the severity of the condition and should be followed as directed by a healthcare professional."
Labyrinthitis (Inner Ear Inflammation),"Steroids (prednisone 60 mg), meclizine (25 mg PRN)","Audiometry, VNG (nystagmus), MRI (rule out tumor)","Vertigo, hearing loss, nausea, tinnitus","Steroids (prednisone 60 milligrams), meclizine (25 milligrams PRN) This treatment is prescribed based on the severity of the condition and should be followed as directed by a healthcare professional."
Spinal Muscular Atrophy,"Nusinersen (12 mg intrathecal), supportive care","Genetic test (SMN1), EMG, clinical (milestones)","Muscle weakness, hypotonia, respiratory issues","Nusinersen (12 milligrams intrathecal), supportive care This treatment is prescribed based on the severity of the condition and should be followed as directed by a healthcare professional."
Ankle Pain (Tendonitis),"Rest, NSAIDs (ibuprofen 400 mg), physical therapy","Clinical exam (tenderness), ultrasound, Xray","Ankle pain, swelling, stiffness, worse with activity","Rest, NSAIDs (ibuprofen 400 milligrams), physical therapy This treatment is prescribed based on the severity of the condition and should be followed as directed by a healthcare professional."
Thoracic Outlet Syndrome (TOS),"Physical therapy, surgery (rib resection), NSAIDs","Adson’s test, MRI (compression), nerve conduction","Arm pain, numbness, weakness, cold hands","Physical therapy, surgery (rib resection), NSAIDs This treatment is prescribed based on the severity of the condition and should be followed as directed by a healthcare professional."
Angina Pectoris,"Nitroglycerin (0.4 mg SL), betablockers (metoprolol 25 mg)","ECG (ST changes), stress test, angiography","Chest pain, pressure, dyspnea, relieved by rest","Nitroglycerin (0.4 milligrams SL), betablockers (metoprolol 25 milligrams) This treatment is prescribed based on the severity of the condition and should be followed as directed by a healthcare professional."
Anal Incontinence,"Biofeedback, surgery (sphincteroplasty), loperamide","Anorectal manometry, endoanal ultrasound, history","Fecal leakage, urgency, loss of control","Biofeedback, surgery (sphincteroplasty), loperamide This treatment is prescribed based on the severity of the condition and should be followed as directed by a healthcare professional."
Thoracic Pain,"Treat cause (e.g., ibuprofen 400 mg), monitor","ECG, chest Xray, CT (rule out dissection)","Chest/back pain, variable causes, dyspnea","Treat cause (e.g., ibuprofen 400 milligrams), monitor This treatment is prescribed based on the severity of the condition and should be followed as directed by a healthcare professional."
Protein S Deficiency,"Warfarin (INR 23), heparin (acute), prophylaxis","Protein S activity (<60%), genetic test, history","Clots (DVT/PE), family history, miscarriage","Warfarin (INR 23), heparin (acute), prophylaxis This treatment is prescribed based on the severity of the condition and should be followed as directed by a healthcare professional."
Anaphylactic Reaction,"Epinephrine (0.3 mg IM), antihistamines, steroids","Clinical (trigger exposure), tryptase levels","Hives, swelling, dyspnea, hypotension","Epinephrine (0.3 milligrams IM), antihistamines, steroids This treatment is prescribed based on the severity of the condition and should be followed as directed by a healthcare professional."
Edwards Syndrome,"Supportive care, surgery (cardiac), no cure","Karyotype (trisomy 18), ultrasound, clinical","Low birth weight, heart defects, clenched fists","Supportive care, surgery (cardiac), no cure This treatment is prescribed based on the severity of the condition and should be followed as directed by a healthcare professional."
Rhabdomyolysis,"IV fluids (NS 1 L/hr), bicarbonate, dialysis if severe","CK (>1000 U/L), myoglobinuria, renal function","Muscle pain, weakness, dark urine, AKI","intravenous fluids (NS 1 L/hr), bicarbonate, dialysis if severe This treatment is prescribed based on the severity of the condition and should be followed as directed by a healthcare professional."
Rhabdomyolysis (2),"Hydration, mannitol (0.5 g/kg IV), treat cause","Serum potassium (high), urine (brown), imaging","Fatigue, swelling, cramping, renal failure risk","Hydration, mannitol (0.5 g/kg intravenous), treat cause This treatment is prescribed based on the severity of the condition and should be followed as directed by a healthcare professional."
Kidney Cysts,"Monitor, aspiration (if symptomatic), surgery (if cancer)","Ultrasound (simple cysts), CT (complexity), labs","Often asymptomatic, flank pain, hematuria","Monitor, aspiration (if symptomatic), surgery (if cancer) This treatment is prescribed based on the severity of the condition and should be followed as directed by a healthcare professional."
Clostridium Infection,"Metronidazole (500 mg 3x daily), debridement","Culture (Clostridium), toxin assay, imaging","Diarrhea, fever, pain, gas gangrene (severe)","Metronidazole (500 milligrams 3 times a day), debridement This treatment is prescribed based on the severity of the condition and should be followed as directed by a healthcare professional."
Chronic Back Pain,"Physical therapy, duloxetine (60 mg daily), NSAIDs","MRI (disc/nerve), Xray, clinical exam","Persistent backache, stiffness, radiating pain","Physical therapy, duloxetine (60 milligrams daily), NSAIDs This treatment is prescribed based on the severity of the condition and should be followed as directed by a healthcare professional."
Broken Heart Syndrome,"Betablockers (metoprolol 25 mg), ACE inhibitors","Echo (apical ballooning), angiogram (no CAD), BNP","Chest pain, dyspnea, ECG changes, stress trigger","Betablockers (metoprolol 25 milligrams), ACE inhibitors This treatment is prescribed based on the severity of the condition and should be followed as directed by a healthcare professional."
PAH (Pulmonary Arterial Hypertension),"Sildenafil (20 mg 3x daily), bosentan (125 mg twice daily)","Right heart cath (mPAP >20 mmHg), echo, V/Q scan","Dyspnea, fatigue, chest pain, leg swelling","Sildenafil (20 milligrams 3 times a day), bosentan (125 milligrams twice daily) This treatment is prescribed based on the severity of the condition and should be followed as directed by a healthcare professional."
AdultOnset Asthma,"Inhaled steroids (budesonide 200 mcg), albuterol","Spirometry (reversible obstruction), allergy testing","Wheezing, cough, dyspnea, late onset","Inhaled steroids (budesonide 200 micrograms), albuterol This treatment is prescribed based on the severity of the condition and should be followed as directed by a healthcare professional."
Acute Low Back Pain,"NSAIDs (ibuprofen 400 mg), heat, short rest","Clinical exam, Xray (if trauma), rule out red flags","Sudden back pain, stiffness, limited motion","NSAIDs (ibuprofen 400 milligrams), heat, short rest This treatment is prescribed based on the severity of the condition and should be followed as directed by a healthcare professional."
Gastrointestinal Disorders,"Treat cause (e.g., PPI, antibiotics), diet changes","Endoscopy, imaging, labs (e.g., H. pylori)","Pain, nausea, diarrhea, bloating","Treat cause (e.g., PPI, antibiotics), diet changes This treatment is prescribed based on the severity of the condition and should be followed as directed by a healthcare professional."
Narcotic Use Disorder,"Buprenorphine (8 mg daily), methadone, therapy","DSM5, urine tox screen, clinical history","Craving, withdrawal, tolerance, overdose risk","Buprenorphine (8 milligrams daily), methadone, therapy This treatment is prescribed based on the severity of the condition and should be followed as directed by a healthcare professional."
Bruxism,"Mouthguard, Botox (masseter), stress management","Dental exam, polysomnography, history","Teeth grinding, jaw pain, headaches, worn teeth","Mouthguard, Botox (masseter), stress management This treatment is prescribed based on the severity of the condition and should be followed as directed by a healthcare professional."
Achilles Tendon Rupture,"Surgery (repair), cast, physical therapy","Thompson test, ultrasound, MRI (tear)","Sudden heel pain, pop sound, weak pushoff","Surgery (repair), cast, physical therapy This treatment is prescribed based on the severity of the condition and should be followed as directed by a healthcare professional."
CAPD (Auditory Processing Disorder),"Auditory training, FM systems, accommodations","Audiology testing (APD battery), clinical history","Difficulty hearing in noise, delayed responses","Auditory training, FM systems, accommodations This treatment is prescribed based on the severity of the condition and should be followed as directed by a healthcare professional."
Eating Disorders,"CBT, nutritional rehab, SSRIs (if comorbid)","DSM5 (e.g., anorexia), clinical, labs (electrolytes)","Weight changes, food obsession, purging, fatigue","CBT, nutritional rehab, SSRIs (if comorbid) This treatment is prescribed based on the severity of the condition and should be followed as directed by a healthcare professional."
Infant Hemangioma,"Propranolol (1 mg/kg daily), monitor, laser","Clinical exam, ultrasound (if deep), history","Red/purple skin mark, growth, regression","Propranolol (1 milligrams/kg daily), monitor, laser This treatment is prescribed based on the severity of the condition and should be followed as directed by a healthcare professional."
General Headache,"Ibuprofen (400 mg), triptans (sumatriptan 50 mg)","Clinical history (ICHD3), MRI (if atypical)","Head pain, pressure, nausea, variable triggers","Ibuprofen (400 milligrams), triptans (sumatriptan 50 milligrams) This treatment is prescribed based on the severity of the condition and should be followed as directed by a healthcare professional."
TEPH (Thromboembolic Pulmonary Hypertension) (2),"Lifelong anticoagulation (apixaban 5 mg twice daily), oxygen","Echo (RV hypertrophy), right heart cath, angiogram","Chronic dyspnea, chest pain, right heart strain","Lifelong anticoagulation (apixaban 5 milligrams twice daily), oxygen This treatment is prescribed based on the severity of the condition and should be followed as directed by a healthcare professional."
Foot Contusion,"Rest, ice, NSAIDs (ibuprofen 400 mg), elevation","Clinical exam, Xray (rule out fracture), history","Foot pain, bruising, swelling, difficulty walking","Rest, ice, NSAIDs (ibuprofen 400 milligrams), elevation This treatment is prescribed based on the severity of the condition and should be followed as directed by a healthcare professional."
LAM (Lymphangioleiomyomatosis),"Sirolimus (2 mg daily), oxygen, lung transplant","HRCT (cysts), lung biopsy (LAM cells), VEGFD","Dyspnea, pneumothorax, chylothorax, fatigue","Sirolimus (2 milligrams daily), oxygen, lung transplant This treatment is prescribed based on the severity of the condition and should be followed as directed by a healthcare professional."
CFIDS (Chronic Fatigue Syndrome),"Pacing, CBT, lowdose naltrexone (4.5 mg)","CDC criteria, rule out other causes, clinical","Severe fatigue, PEM, sleep issues, cognitive fog","Pacing, CBT, lowdose naltrexone (4.5 milligrams) This treatment is prescribed based on the severity of the condition and should be followed as directed by a healthcare professional."
Febrile Neutropenia,"Empiric antibiotics (cefepime 2 g IV), GCSF","ANC (<500), blood cultures, clinical exam","Fever, chills, weakness, infection risk","Empiric antibiotics (cefepime 2 g intravenous), GCSF This treatment is prescribed based on the severity of the condition and should be followed as directed by a healthcare professional."
MKD (Hyperimmunoglobulin D Syndrome),"Anakinra (100 mg SC daily), NSAIDs, steroids","Serum IgD (>100 IU/mL), genetic (MVK), history","Recurrent fevers, rash, joint pain, IgD elevation","Anakinra (100 milligrams SC daily), NSAIDs, steroids This treatment is prescribed based on the severity of the condition and should be followed as directed by a healthcare professional."
Metabolic Acidosis,"Sodium bicarbonate (IV), treat cause (e.g., DKA)","ABG (pH <7.35), anion gap, lactate levels","Fatigue, rapid breathing, confusion, acidosis","Sodium bicarbonate (intravenous), treat cause (e.g., DKA) This treatment is prescribed based on the severity of the condition and should be followed as directed by a healthcare professional."
Sick Building Syndrome,"Improve air quality, symptomatic relief, avoidance","Clinical history (building link), rule out allergy","Headache, fatigue, irritation, poor ventilation","Improve air quality, symptomatic relief, avoidance This treatment is prescribed based on the severity of the condition and should be followed as directed by a healthcare professional."
Cirrhosis (Liver),"Lactulose (30 mL), transplant, avoid alcohol","Ultrasound (nodular liver), FibroScan, labs","Ascites, jaundice, confusion, variceal bleeding","Lactulose (30 mL), transplant, avoid alcohol This treatment is prescribed based on the severity of the condition and should be followed as directed by a healthcare professional."
Adenomyosis,"NSAIDs (naproxen 500 mg), hysterectomy, hormonal IUD","Ultrasound (thickened myometrium), MRI, biopsy","Heavy periods, pelvic pain, enlarged uterus","NSAIDs (naproxen 500 milligrams), hysterectomy, hormonal IUD This treatment is prescribed based on the severity of the condition and should be followed as directed by a healthcare professional."
Pruritus Ani,"Hydrocortisone (1% cream), hygiene, treat cause","Clinical exam, rule out infection (e.g., pinworms)","Anal itching, irritation, burning, worse at night","Hydrocortisone (1% cream), hygiene, treat cause This treatment is prescribed based on the severity of the condition and should be followed as directed by a healthcare professional."
Organophosphate Poisoning,"Atropine (2 mg IV), pralidoxime (1 g IV), supportive","Cholinesterase levels, exposure history, clinical","Salivation, sweating, miosis, respiratory distress","Atropine (2 milligrams intravenous), pralidoxime (1 g intravenous), supportive This treatment is prescribed based on the severity of the condition and should be followed as directed by a healthcare professional."
Laminectomy,"Pain relief (oxycodone 5 mg), physical therapy","Postop MRI (decompression), clinical exam","Postop back pain, stiffness, nerve recovery","Pain relief (oxycodone 5 milligrams), physical therapy This treatment is prescribed based on the severity of the condition and should be followed as directed by a healthcare professional."
Renal Pelvis or Ureter Cancer,"Nephroureterectomy, BCG, chemotherapy","CT urogram (mass), ureteroscopy, biopsy (TCC)","Hematuria, flank pain, urinary obstruction","Nephroureterectomy, BCG, chemotherapy This treatment is prescribed based on the severity of the condition and should be followed as directed by a healthcare professional."
Bird Flu (Avian Influenza),"Oseltamivir (75 mg twice daily), supportive care","RTPCR (H5N1), chest Xray, serology","Fever, cough, respiratory failure, poultry exposure","Oseltamivir (75 milligrams twice daily), supportive care This treatment is prescribed based on the severity of the condition and should be followed as directed by a healthcare professional."
SFN (Small Fiber Neuropathy),"Gabapentin (300 mg 3x daily), treat cause","Skin biopsy (nerve density), QSART, nerve tests","Burning pain, tingling, autonomic symptoms","Gabapentin (300 milligrams 3 times a day), treat cause This treatment is prescribed based on the severity of the condition and should be followed as directed by a healthcare professional."
Stenosing Tenosynovitis,"Steroid injection (triamcinolone 10 mg), surgery","Clinical exam (trigger finger), ultrasound","Finger locking, pain, nodule, triggering","Steroid injection (triamcinolone 10 milligrams), surgery This treatment is prescribed based on the severity of the condition and should be followed as directed by a healthcare professional."
TripleNegative Breast Cancer,"Chemotherapy (ACT), surgery, radiation","Biopsy (ER/PR/HER2 negative), mammogram, staging","Breast lump, skin changes, rapid growth","Chemotherapy (ACT), surgery, radiation This treatment is prescribed based on the severity of the condition and should be followed as directed by a healthcare professional."
WillisEkbom Disease,"Pramipexole (0.25 mg nightly), iron (if ferritin <50)","Clinical criteria (IRLSSG), rule out iron deficiency","Leg restlessness, urge to move, worse at night","Pramipexole (0.25 milligrams nightly), iron (if ferritin <50) This treatment is prescribed based on the severity of the condition and should be followed as directed by a healthcare professional."
Occupational Asthma,"Avoid trigger, inhaled steroids (fluticasone 250 mcg)","Spirometry (reversible), peak flow diary, challenge","Wheezing, cough, dyspnea, workrelated","Avoid trigger, inhaled steroids (fluticasone 250 micrograms) This treatment is prescribed based on the severity of the condition and should be followed as directed by a healthcare professional."
Buerger Disease,"Smoking cessation, iloprost (IV), amputation (severe)","Angiography (distal occlusion), clinical, rule out autoimmune","Limb pain, ulcers, claudication, smoking history","Smoking cessation, iloprost (intravenous), amputation (severe) This treatment is prescribed based on the severity of the condition and should be followed as directed by a healthcare professional."
Premenstrual Dysphoric Disorder,"SSRIs (sertraline 50 mg daily), OCP, lifestyle","DSM5, symptom diary, rule out depression","Mood swings, irritability, bloating, premenstrual","SSRIs (sertraline 50 milligrams daily), OCP, lifestyle This treatment is prescribed based on the severity of the condition and should be followed as directed by a healthcare professional."
Night Cramps,"Magnesium (400 mg nightly), stretching, quinine (rare)","Clinical history, rule out electrolytes, EMG","Sudden leg pain, tightness, sleep disruption","Magnesium (400 milligrams nightly), stretching, quinine (rare) This treatment is prescribed based on the severity of the condition and should be followed as directed by a healthcare professional."
Monilial Vaginitis,"Fluconazole (150 mg single dose), clotrimazole cream","Wet mount (yeast), pH (<4.5), culture (Candida)","Itching, discharge (cottage cheese), burning","Fluconazole (150 milligrams single dose), clotrimazole cream This treatment is prescribed based on the severity of the condition and should be followed as directed by a healthcare professional."
Polydipsia,"Treat cause (e.g., desmopressin for DI), hydration","Water deprivation test, labs (diabetes insipidus)","Excessive thirst, frequent urination, fatigue","Treat cause (e.g., desmopressin for DI), hydration This treatment is prescribed based on the severity of the condition and should be followed as directed by a healthcare professional."
Glucagonoma,"Surgery, octreotide (100 mcg SC 3x daily), chemo","Glucagon levels (>500 pg/mL), CT (pancreas mass)","Rash (necrolytic migratory), weight loss, diabetes","Surgery, octreotide (100 micrograms SC 3 times a day), chemo This treatment is prescribed based on the severity of the condition and should be followed as directed by a healthcare professional."
VT (Ventricular Tachycardia),"Amiodarone (150 mg IV), defibrillation, ablation","ECG (wide QRS), Holter, EP study","Palpitations, syncope, chest pain, cardiac arrest","Amiodarone (150 milligrams intravenous), defibrillation, ablation This treatment is prescribed based on the severity of the condition and should be followed as directed by a healthcare professional."
DCIS (Breast Cancer),"Lumpectomy, tamoxifen (20 mg daily), radiation","Mammogram (microcalcifications), biopsy (in situ)","Often asymptomatic, nipple discharge, mammogram","Lumpectomy, tamoxifen (20 milligrams daily), radiation This treatment is prescribed based on the severity of the condition and should be followed as directed by a healthcare professional."
Venomous Spider Bite,"Antivenom (e.g., black widow), pain relief, supportive","Clinical (bite mark), history, species ID","Pain, swelling, necrosis, systemic (e.g., cramps)","Antivenom (e.g., black widow), pain relief, supportive This treatment is prescribed based on the severity of the condition and should be followed as directed by a healthcare professional."
Disorganized Schizophrenia,"Antipsychotics (risperidone 2 mg daily), support","DSM5, clinical interview, PANSS scale","Disordered speech, behavior, flat affect","Antipsychotics (risperidone 2 milligrams daily), support This treatment is prescribed based on the severity of the condition and should be followed as directed by a healthcare professional."
AntiNMDA Receptor Encephalitis,"IVIG (2 g/kg), steroids, tumor removal (if paraneoplastic)","CSF (antiNMDA Abs), EEG, MRI (normal/lesions)","Psychosis, seizures, memory loss, autonomic issues","intravenousIG (2 g/kg), steroids, tumor removal (if paraneoplastic) This treatment is prescribed based on the severity of the condition and should be followed as directed by a healthcare professional."
Upper Limb Spasticity,"Baclofen (10 mg 3x daily), Botox (100 units), therapy","Clinical (tone), EMG, history (stroke/CP)","Stiffness, spasms, limited arm movement","Baclofen (10 milligrams 3 times a day), Botox (100 units), therapy This treatment is prescribed based on the severity of the condition and should be followed as directed by a healthcare professional."
Marburg Virus Disease,"Supportive care, fluids, experimental (e.g., mAbs)","RTPCR (Marburg virus), serology, isolation","Fever, hemorrhage, rash, organ failure","Supportive care, fluids, experimental (e.g., mAbs) This treatment is prescribed based on the severity of the condition and should be followed as directed by a healthcare professional."
Alzheimer’s Disease,"Donepezil (10 mg daily), memantine (10 mg twice daily)","Cognitive testing (MMSE), MRI (atrophy), PET","Memory loss, confusion, disorientation, language issues","Donepezil (10 milligrams daily), memantine (10 milligrams twice daily) This treatment is prescribed based on the severity of the condition and should be followed as directed by a healthcare professional."
Adhesive Arachnoiditis,"Pain management (gabapentin 300 mg), steroids, surgery (rare)","MRI (clumped roots), history (surgery/infection)","Chronic back pain, numbness, burning, leg weakness","Pain management (gabapentin 300 milligrams), steroids, surgery (rare) This treatment is prescribed based on the severity of the condition and should be followed as directed by a healthcare professional."
STD (Sexually Transmitted Diseases),"Treat specific (e.g., azithromycin 1 g), partner therapy","NAAT (e.g., chlamydia), serology (syphilis), culture","Discharge, sores, pain, variable by pathogen","Treat specific (e.g., azithromycin 1 g), partner therapy This treatment is prescribed based on the severity of the condition and should be followed as directed by a healthcare professional."
Rosacea,"Metronidazole (0.75% gel), doxycycline (40 mg daily)","Clinical exam, rule out lupus, history (triggers)","Facial redness, papules, flushing, telangiectasia","Metronidazole (0.75% gel), doxycycline (40 milligrams daily) This treatment is prescribed based on the severity of the condition and should be followed as directed by a healthcare professional."
Overactive Bladder (OAB),"Oxybutynin (5 mg twice daily), pelvic therapy","Urodynamics, bladder diary, rule out UTI","Urgency, frequency, nocturia, incontinence","Oxybutynin (5 milligrams twice daily), pelvic therapy This treatment is prescribed based on the severity of the condition and should be followed as directed by a healthcare professional."
Myelomeningocele,"Surgery (closure), shunt (hydrocephalus), supportive","Prenatal ultrasound, MRI, clinical exam","Spinal defect, paralysis, hydrocephalus, infancy","Surgery (closure), shunt (hydrocephalus), supportive This treatment is prescribed based on the severity of the condition and should be followed as directed by a healthcare professional."
Deafness,"Hearing aids, cochlear implant, sign language","Audiometry (type/degree), imaging (cochlea)","Hearing loss, tinnitus, communication issues","Hearing aids, cochlear implant, sign language This treatment is prescribed based on the severity of the condition and should be followed as directed by a healthcare professional."
Contact Dermatitis,"Topical steroids (clobetasol 0.05%), avoidance","Patch testing, clinical exam, history","Red, itchy rash, blisters, allergen exposure","Topical steroids (clobetasol 0.05%), avoidance This treatment is prescribed based on the severity of the condition and should be followed as directed by a healthcare professional."
Posterior Reversible Encephalopathy Syndrome,"BP control (nicardipine IV), treat cause (e.g., eclampsia)","MRI (edema), BP (>180/110), clinical history","Headache, seizures, vision loss, hypertension","BP control (nicardipine intravenous), treat cause (e.g., eclampsia) This treatment is prescribed based on the severity of the condition and should be followed as directed by a healthcare professional."
Hepatic Adenoma,"Stop OCPs, resection (if >5 cm), monitor","CT/MRI (hypervascular), biopsy (if unclear)","RUQ pain, mass, often asymptomatic, OCP use","Stop OCPs, resection (if >5 cm), monitor This treatment is prescribed based on the severity of the condition and should be followed as directed by a healthcare professional."
Mesenteric Lymphadenitis,"Supportive care, analgesics, antibiotics if bacterial","Ultrasound/CT (nodes), labs (CRP), rule out appy","Abdominal pain, fever, nausea, mimics appendicitis","Supportive care, analgesics, antibiotics if bacterial This treatment is prescribed based on the severity of the condition and should be followed as directed by a healthcare professional."
PCOS (Polycystic Ovary Syndrome),"Metformin (500 mg twice daily), OCP, weight loss","Rotterdam criteria, ultrasound (cysts), labs (LH/FSH)","Irregular periods, hirsutism, acne, infertility","Metformin (500 milligrams twice daily), OCP, weight loss This treatment is prescribed based on the severity of the condition and should be followed as directed by a healthcare professional."
Bad Breath (Halitosis),"Oral hygiene, chlorhexidine rinse, treat cause","Clinical exam, rule out dental/GI, breath test","Foul odor, dry mouth, tongue coating","Oral hygiene, chlorhexidine rinse, treat cause This treatment is prescribed based on the severity of the condition and should be followed as directed by a healthcare professional."
Plaque Psoriasis,"Topical steroids (betamethasone 0.05%), biologics","Clinical exam, biopsy (parakeratosis), history","Red, scaly plaques, itching, joint pain (if PsA)","Topical steroids (betamethasone 0.05%), biologics This treatment is prescribed based on the severity of the condition and should be followed as directed by a healthcare professional."
Hematemesis,"PPI (pantoprazole 40 mg IV), banding, fluids","Endoscopy (ulcer/varices), CBC (anemia), history","Vomiting blood, epigastric pain, weakness","PPI (pantoprazole 40 milligrams intravenous), banding, fluids This treatment is prescribed based on the severity of the condition and should be followed as directed by a healthcare professional."
Acute Paraphimosis,"Manual reduction, circumcision, ice/pressure","Clinical exam, rule out infection, history","Foreskin swelling, pain, inability to retract","Manual reduction, circumcision, ice/pressure This treatment is prescribed based on the severity of the condition and should be followed as directed by a healthcare professional."
Gastroschisis,"Surgery (closure), TPN, supportive care","Prenatal ultrasound, clinical exam at birth","Exposed intestines (neonate), no sac, prematurity","Surgery (closure), TPN, supportive care This treatment is prescribed based on the severity of the condition and should be followed as directed by a healthcare professional."
Sacroiliac Arthritis,"NSAIDs (indomethacin 50 mg), physical therapy","Xray (sclerosis), MRI (inflammation), HLAB27","Lower back pain, stiffness, worse with rest","NSAIDs (indomethacin 50 milligrams), physical therapy This treatment is prescribed based on the severity of the condition and should be followed as directed by a healthcare professional."
CIDP (Chronic Inflammatory Demyelinating Polyradiculoneuropathy),"IVIG (2 g/kg), prednisone (1 mg/kg daily), plasmapheresis","EMG (demyelination), CSF (high protein), biopsy","Weakness, numbness, fatigue, progressive","intravenousIG (2 g/kg), prednisone (1 milligrams/kg daily), plasmapheresis This treatment is prescribed based on the severity of the condition and should be followed as directed by a healthcare professional."
Raynaud’s Disease,"Nifedipine (30 mg daily), avoid cold, warm gloves","Clinical (triphasic), nailfold capillaroscopy","Cold fingers/toes, color changes, pain","Nifedipine (30 milligrams daily), avoid cold, warm gloves This treatment is prescribed based on the severity of the condition and should be followed as directed by a healthcare professional."
Focal Segmental Glomerulosclerosis,"Prednisone (1 mg/kg daily), ACE inhibitors (lisinopril)","Renal biopsy (FSGS), urine protein (>3.5 g/day)","Proteinuria, edema, hypertension, renal decline","Prednisone (1 milligrams/kg daily), ACE inhibitors (lisinopril) This treatment is prescribed based on the severity of the condition and should be followed as directed by a healthcare professional."
Sphingolipidosis,"ERT (imiglucerase 60 U/kg), substrate reduction","Enzyme assay (e.g., glucocerebrosidase), genetic","Neuro decline, organomegaly, variable (e.g., Gaucher)","ERT (imiglucerase 60 U/kg), substrate reduction This treatment is prescribed based on the severity of the condition and should be followed as directed by a healthcare professional."
Hemophagocytic Syndrome,"Dexamethasone (10 mg/m²), etoposide (150 mg/m²)","HLH2004 criteria, ferritin (>500 µg/L), marrow","Fever, splenomegaly, cytopenias, rash","Dexamethasone (10 milligrams/m²), etoposide (150 milligrams/m²) This treatment is prescribed based on the severity of the condition and should be followed as directed by a healthcare professional."
Stomach Ulcer,"PPI (omeprazole 40 mg daily), amoxicillin (1 g twice daily)","Endoscopy (ulcer), H. pylori test, biopsy","Epigastric pain, nausea, bleeding, fullness","PPI (omeprazole 40 milligrams daily), amoxicillin (1 g twice daily) This treatment is prescribed based on the severity of the condition and should be followed as directed by a healthcare professional."
Septic Arthritis,"Antibiotics (vancomycin 15 mg/kg IV), drainage","Joint aspiration (WBC >50,000), culture, Xray","Joint pain, swelling, fever, limited motion","Antibiotics (vancomycin 15 milligrams/kg intravenous), drainage This treatment is prescribed based on the severity of the condition and should be followed as directed by a healthcare professional."
Suprapubic Prostatectomy,"Catheter care, analgesics, monitor infection","Postop ultrasound, labs (CBC), clinical exam","Postop pain, hematuria, urinary changes","Catheter care, analgesics, monitor infection This treatment is prescribed based on the severity of the condition and should be followed as directed by a healthcare professional."
Enterocolitis,"Antibiotics (ampicillin), fluids, surgery (if NEC)","Stool culture, imaging (e.g., NEC), clinical","Diarrhea, abdominal pain, fever, dehydration","Antibiotics (ampicillin), fluids, surgery (if NEC) This treatment is prescribed based on the severity of the condition and should be followed as directed by a healthcare professional."
Lichen Planus,"Topical steroids (clobetasol 0.05%), antihistamines","Clinical exam, biopsy (bandlike infiltrate)","Purple, itchy papules, Wickham striae, oral lesions","Topical steroids (clobetasol 0.05%), antihistamines This treatment is prescribed based on the severity of the condition and should be followed as directed by a healthcare professional."
Adult Congenital Heart Disease,"Surgery (e.g., ASD repair), meds (e.g., diuretics)","Echo (defect), cardiac MRI, cath, history","Dyspnea, cyanosis, fatigue, murmur","Surgery (e.g., ASD repair), meds (e.g., diuretics) This treatment is prescribed based on the severity of the condition and should be followed as directed by a healthcare professional."
Crescentic Glomerulonephritis,"Cyclophosphamide (2 mg/kg), prednisone (1 mg/kg)","Renal biopsy (crescents), ANCA, antiGBM","Hematuria, proteinuria, hypertension, oliguria","Cyclophosphamide (2 milligrams/kg), prednisone (1 milligrams/kg) This treatment is prescribed based on the severity of the condition and should be followed as directed by a healthcare professional."
Angiomyolipoma,"Embolization, everolimus (10 mg daily), monitor","CT (fatcontaining), ultrasound, TSC link","Flank pain, hematuria, mass, often asymptomatic","Embolization, everolimus (10 milligrams daily), monitor This treatment is prescribed based on the severity of the condition and should be followed as directed by a healthcare professional."
Moyamoya Disease,"Revascularization (STAMCA), aspirin (81 mg daily)","Angiography (puffofsmoke), MRI (ischemia)","Stroke, TIA, headache, cognitive decline","Revascularization (STAMCA), aspirin (81 milligrams daily) This treatment is prescribed based on the severity of the condition and should be followed as directed by a healthcare professional."
Verruca,"Salicylic acid (17%), cryotherapy, imiquimod","Clinical exam (HPV), dermoscopy, biopsy (rare)","Warty growths, pain (if plantar), contagious","Salicylic acid (17%), cryotherapy, imiquimod This treatment is prescribed based on the severity of the condition and should be followed as directed by a healthcare professional."
Throat Cancer (Larynx and Pharynx) (2),"Radiation, surgery (pharyngectomy), chemo (cisplatin)","Endoscopy (mass), biopsy, CT staging","Sore throat, dysphagia, weight loss, hoarseness","Radiation, surgery (pharyngectomy), chemo (cisplatin) This treatment is prescribed based on the severity of the condition and should be followed as directed by a healthcare professional."
Postpartum Bleeding,"Oxytocin (10 IU IM), surgery (D&C), transfusion","Clinical (PPH), ultrasound (retained tissue), labs","Heavy vaginal bleeding, clots, fatigue, shock","Oxytocin (10 IU IM), surgery (D&C), transfusion This treatment is prescribed based on the severity of the condition and should be followed as directed by a healthcare professional."
Asbestosis,"Oxygen, supportive care, no cure","Chest Xray (plaques), HRCT (fibrosis), PFTs","Dyspnea, cough, chest tightness, asbestos exposure","Oxygen, supportive care, no cure This treatment is prescribed based on the severity of the condition and should be followed as directed by a healthcare professional."
Viral Haemorrhagic Fevers (2),"Supportive care, ribavirin (Lassa), isolation","PCR (specific virus), serology, clinical history","Fever, bleeding, shock, organ failure","Supportive care, ribavirin (Lassa), isolation This treatment is prescribed based on the severity of the condition and should be followed as directed by a healthcare professional."
Domestic Violence,"Safety planning, counseling, treat injuries","Clinical history, physical exam, psych screening","Physical injuries, anxiety, PTSD, fearfulness","Safety planning, counseling, treat injuries This treatment is prescribed based on the severity of the condition and should be followed as directed by a healthcare professional."
Systolic ClickMurmur Syndrome,"Betablockers (propranolol 20 mg), monitor","Echo (mitral prolapse), ECG, clinical exam","Chest pain, palpitations, clickmurmur (MVP)","Betablockers (propranolol 20 milligrams), monitor This treatment is prescribed based on the severity of the condition and should be followed as directed by a healthcare professional."
PAH (Pulmonary Arterial Hypertension) (2),"Epoprostenol (IV), selexipag (1600 mcg twice daily)","Right heart cath (mPAP >20 mmHg), echo, 6MWT","Exertional dyspnea, fatigue, right heart failure","Epoprostenol (intravenous), selexipag (1600 micrograms twice daily) This treatment is prescribed based on the severity of the condition and should be followed as directed by a healthcare professional."
EpsteinBarr Virus (2),"Supportive care, steroids (if severe), rest","VCAIgM, heterophile antibody, EBV PCR","Fatigue, lymphadenopathy, fever, rash","Supportive care, steroids (if severe), rest This treatment is prescribed based on the severity of the condition and should be followed as directed by a healthcare professional."
Separation Anxiety Disorder,"CBT, SSRIs (fluoxetine 10 mg daily), parent training","DSM5, clinical interview, child assessment","Clinging, fear of separation, nightmares","CBT, SSRIs (fluoxetine 10 milligrams daily), parent training This treatment is prescribed based on the severity of the condition and should be followed as directed by a healthcare professional."
Hyperkalemic Periodic Paralysis,"Acetazolamide (250 mg twice daily), K+ reduction","Serum K+ (>5 mEq/L), genetic (SCN4A), EMG","Muscle weakness, paralysis, high potassium","Acetazolamide (250 milligrams twice daily), K+ reduction This treatment is prescribed based on the severity of the condition and should be followed as directed by a healthcare professional."
HSV1 (Herpes Simplex (HSV)) (2),"Acyclovir (200 mg 5x daily), topical antivirals","PCR (HSV1), Tzanck smear, clinical exam","Cold sores, fever, gingivostomatitis, pain","Acyclovir (200 milligrams 5 times a day), topical antivirals This treatment is prescribed based on the severity of the condition and should be followed as directed by a healthcare professional."
Postmenopausal Bleeding,"Hysterectomy (if cancer), progesterone, monitor","Ultrasound (endometrial thickness), biopsy","Vaginal bleeding, pelvic pain, postmenopause","Hysterectomy (if cancer), progesterone, monitor This treatment is prescribed based on the severity of the condition and should be followed as directed by a healthcare professional."
"Aspergillosis, Invasive","Voriconazole (6 mg/kg IV), amphotericin B","CT (halo sign), culture (Aspergillus), galactomannan","Fever, cough, hemoptysis, immunocompromised","Voriconazole (6 milligrams/kg intravenous), amphotericin B This treatment is prescribed based on the severity of the condition and should be followed as directed by a healthcare professional."
"Neck Pain (Cervical Pain, Cervicalgia) (2)","Physical therapy, NSAIDs (naproxen 500 mg), heat","MRI (disc/nerve), Xray, clinical exam","Neck stiffness, pain, radiating to arms","Physical therapy, NSAIDs (naproxen 500 milligrams), heat This treatment is prescribed based on the severity of the condition and should be followed as directed by a healthcare professional."
Strep Pharyngitis,"Penicillin (500 mg 3x daily), amoxicillin (875 mg)","Rapid strep test, throat culture (S. pyogenes)","Sore throat, fever, tonsillar exudate, nodes","Penicillin (500 milligrams 3 times a day), amoxicillin (875 milligrams) This treatment is prescribed based on the severity of the condition and should be followed as directed by a healthcare professional."
Atrial Fibrillation (AFib),"Apixaban (5 mg twice daily), rate control (metoprolol)","ECG (irregularly irregular), Holter, echo","Palpitations, fatigue, dyspnea, irregular pulse","Apixaban (5 milligrams twice daily), rate control (metoprolol) This treatment is prescribed based on the severity of the condition and should be followed as directed by a healthcare professional."
Shigellosis,"Ciprofloxacin (500 mg twice daily), fluids","Stool culture (Shigella), PCR, clinical history","Bloody diarrhea, fever, cramps, tenesmus","Ciprofloxacin (500 milligrams twice daily), fluids This treatment is prescribed based on the severity of the condition and should be followed as directed by a healthcare professional."
Syphilitic Aortic Aneurysm,"Penicillin G (24 MU IV x14 days), surgery","Serology (RPR/TPPA), CTA (aneurysm), echo","Chest pain, murmur, aortic dilation, late syphilis","Penicillin G (24 MU intravenous x14 days), surgery This treatment is prescribed based on the severity of the condition and should be followed as directed by a healthcare professional."
Necrobacillosis,"Metronidazole (500 mg IV every 8 hours), drainage","Blood culture (Fusobacterium), CT (thrombophlebitis)","Sore throat, sepsis, emboli (Lemierre’s)","Metronidazole (500 milligrams intravenous every 8 hours), drainage This treatment is prescribed based on the severity of the condition and should be followed as directed by a healthcare professional."
Inflammatory Bowel Disease (IBD) (3),"Budesonide (9 mg daily), surgery (if refractory)","Colonoscopy (inflammation), biopsy, imaging","Chronic diarrhea, weight loss, anemia, pain","Budesonide (9 milligrams daily), surgery (if refractory) This treatment is prescribed based on the severity of the condition and should be followed as directed by a healthcare professional."
Salmonella Gastroenteritis,"Supportive care, ciprofloxacin (if severe)","Stool culture (Salmonella), clinical history","Diarrhea, fever, abdominal pain, nausea","Supportive care, ciprofloxacin (if severe) This treatment is prescribed based on the severity of the condition and should be followed as directed by a healthcare professional."
Ganglion Cyst,"Observation, aspiration, surgery (excision)","Clinical exam, ultrasound (cystic), aspiration","Wrist lump, pain, limited motion, benign","Observation, aspiration, surgery (excision) This treatment is prescribed based on the severity of the condition and should be followed as directed by a healthcare professional."
Cyclothymia,"Lithium (300 mg twice daily), psychotherapy","DSM5, clinical interview, mood charting","Mood swings, hypomania, mild depression","Lithium (300 milligrams twice daily), psychotherapy This treatment is prescribed based on the severity of the condition and should be followed as directed by a healthcare professional."
Pseudomembranous Colitis,"Vancomycin (125 mg 4x daily), fecal transplant","Stool toxin (C. diff), colonoscopy, history","Watery diarrhea, fever, pseudomembranes","Vancomycin (125 milligrams 4 times a day), fecal transplant This treatment is prescribed based on the severity of the condition and should be followed as directed by a healthcare professional."
Irritable Bowel Syndrome,"Fiber, antispasmodics (dicyclomine 20 mg), diet","Rome IV criteria, rule out IBD, clinical","Abdominal pain, bloating, diarrhea/constipation","Fiber, antispasmodics (dicyclomine 20 milligrams), diet This treatment is prescribed based on the severity of the condition and should be followed as directed by a healthcare professional."
Glossopyrosis,"Clonazepam (0.5 mg lozenge), treat cause","Clinical exam, rule out deficiency (B12), biopsy","Tongue burning, pain, taste changes","Clonazepam (0.5 milligrams lozenge), treat cause This treatment is prescribed based on the severity of the condition and should be followed as directed by a healthcare professional."
Dermal Ulcer,"Wound care, antibiotics (if infected), debridement","Clinical exam, culture, biopsy (if chronic)","Open sores, pain, slow healing, infection risk","Wound care, antibiotics (if infected), debridement This treatment is prescribed based on the severity of the condition and should be followed as directed by a healthcare professional."
ErdheimChester Disease,"Vemurafenib (960 mg twice daily), interferon","Biopsy (CD68+ histiocytes), BRAF V600E, imaging","Bone pain, organ dysfunction, xanthomas","Vemurafenib (960 milligrams twice daily), interferon This treatment is prescribed based on the severity of the condition and should be followed as directed by a healthcare professional."
Patellofemoral Pain Syndrome,"Physical therapy, NSAIDs (ibuprofen 400 mg), brace","Clinical exam (patellar grind), Xray, rule out OA","Knee pain, worse with stairs, crepitus","Physical therapy, NSAIDs (ibuprofen 400 milligrams), brace This treatment is prescribed based on the severity of the condition and should be followed as directed by a healthcare professional."
Emotionally Unstable Personality Disorder,"DBT, mood stabilizers (lamotrigine 100 mg), therapy","DSM5 (BPD), clinical interview, history","Mood swings, impulsivity, unstable relationships","DBT, mood stabilizers (lamotrigine 100 milligrams), therapy This treatment is prescribed based on the severity of the condition and should be followed as directed by a healthcare professional."
Spasmodic Dysphonia,"Botox (12 units vocal cords), speech therapy","Laryngoscopy (vocal cord spasms), voice analysis","Voice breaks, strain, intermittent speech","Botox (12 units vocal cords), speech therapy This treatment is prescribed based on the severity of the condition and should be followed as directed by a healthcare professional."
Superficial Siderosis,"Iron chelation (deferiprone), treat bleed source","MRI (iron deposition), CSF (xanthochromia)","Hearing loss, ataxia, myelopathy, hemosiderin","Iron chelation (deferiprone), treat bleed source This treatment is prescribed based on the severity of the condition and should be followed as directed by a healthcare professional."
Uterine Growths,"Myomectomy, GnRH agonists (leuprolide 3.75 mg)","Ultrasound (fibroids/polyps), hysteroscopy, biopsy","Bleeding, pelvic pain, pressure, infertility","Myomectomy, GnRH agonists (leuprolide 3.75 milligrams) This treatment is prescribed based on the severity of the condition and should be followed as directed by a healthcare professional."
DVT (Deep Vein Thrombosis),"Heparin (80 units/kg IV), warfarin (INR 23)","Duplex ultrasound (clot), Ddimer (>500 ng/mL)","Leg swelling, pain, redness, warmth","Heparin (80 units/kg intravenous), warfarin (INR 23) This treatment is prescribed based on the severity of the condition and should be followed as directed by a healthcare professional."
Inflammatory Fibrosarcoma,"Surgery, radiation, chemotherapy (doxorubicin)","Biopsy (spindle cells), MRI, staging","Mass, pain, weight loss, local invasion","Surgery, radiation, chemotherapy (doxorubicin) This treatment is prescribed based on the severity of the condition and should be followed as directed by a healthcare professional."
Paroxysmal Nocturnal Hemoglobinuria,"Eculizumab (900 mg IV every 2 weeks), transfusions","Flow cytometry (CD55/CD59 loss), LDH elevation","Dark urine, anemia, fatigue, thrombosis","Eculizumab (900 milligrams intravenous every 2 weeks), transfusions This treatment is prescribed based on the severity of the condition and should be followed as directed by a healthcare professional."
Paraphilia,"Psychotherapy (CBT), SSRIs (paroxetine 20 mg)","DSM5, clinical interview, psych assessment","Atypical sexual interests, distress, harm risk","Psychotherapy (CBT), SSRIs (paroxetine 20 milligrams) This treatment is prescribed based on the severity of the condition and should be followed as directed by a healthcare professional."
Osteoclastomas,"Surgery (curettage), denosumab (120 mg SC)","Xray (lytic lesion), biopsy (multinucleated cells)","Bone pain, swelling, fractures, giant cell tumor","Surgery (curettage), denosumab (120 milligrams SC) This treatment is prescribed based on the severity of the condition and should be followed as directed by a healthcare professional."
Melanoma (Skin Cancer),"Excision, immunotherapy (pembrolizumab 200 mg IV)","Biopsy (melanoma), dermoscopy, staging","Asymmetrical mole, border changes, color variation","Excision, immunotherapy (pembrolizumab 200 milligrams intravenous) This treatment is prescribed based on the severity of the condition and should be followed as directed by a healthcare professional."
Depressive Psychosis,"ECT, antipsychotics (quetiapine 100 mg), SSRIs","DSM5, clinical interview, Hamilton scale","Sadness, delusions, hallucinations, suicidal thoughts","ECT, antipsychotics (quetiapine 100 milligrams), SSRIs This treatment is prescribed based on the severity of the condition and should be followed as directed by a healthcare professional."
Sleeplessness,"CBTI, zolpidem (10 mg nightly), address triggers","Sleep diary, polysomnography, rule out causes","Difficulty sleeping, fatigue, irritability","CBTI, zolpidem (10 milligrams nightly), address triggers This treatment is prescribed based on the severity of the condition and should be followed as directed by a healthcare professional."
Vocal Cord Dysfunction,"Speech therapy, breathing exercises, reassurance","Laryngoscopy (paradoxical motion), spirometry","Dyspnea, throat tightness, stridor, not asthma","Speech therapy, breathing exercises, reassurance This treatment is prescribed based on the severity of the condition and should be followed as directed by a healthcare professional."
Gallbladder Fistula,"Surgery (cholecystectomy), antibiotics, drainage","CT (fistula tract), ERCP, clinical history","Abdominal pain, bile leak, fever, jaundice","Surgery (cholecystectomy), antibiotics, drainage This treatment is prescribed based on the severity of the condition and should be followed as directed by a healthcare professional."
Membranous Nephropathy,"Rituximab (1 g IV x2), ACE inhibitors (enalapril)","Renal biopsy (thick GBM), PLA2R antibodies","Edema, proteinuria, hypertension, fatigue","Rituximab (1 g intravenous x2), ACE inhibitors (enalapril) This treatment is prescribed based on the severity of the condition and should be followed as directed by a healthcare professional."
PAH (Pulmonary Arterial Hypertension) (3),"Riociguat (2.5 mg 3x daily), treprostinil (SC)","Right heart cath (mPAP >20 mmHg), echo, BNP","Breathlessness, chest tightness, fatigue, edema","Riociguat (2.5 milligrams 3 times a day), treprostinil (SC) This treatment is prescribed based on the severity of the condition and should be followed as directed by a healthcare professional."
Tinnitus (Ringing in the Ears),"Hearing aids, CBT, white noise therapy","Audiometry, MRI (rule out tumor), clinical","Ear ringing, buzzing, hearing loss, distress","Hearing aids, CBT, white noise therapy This treatment is prescribed based on the severity of the condition and should be followed as directed by a healthcare professional."
Herpes Simplex (HSV) (3),"Valacyclovir (500 mg twice daily), suppression","Viral culture, PCR (HSV), clinical exam","Recurrent sores, itching, pain, prodrome","Valacyclovir (500 milligrams twice daily), suppression This treatment is prescribed based on the severity of the condition and should be followed as directed by a healthcare professional."
Panic Disorder,"SSRIs (paroxetine 20 mg daily), CBT, lorazepam","DSM5, clinical interview, GAD7 scale","Sudden fear, palpitations, sweating, dyspnea","SSRIs (paroxetine 20 milligrams daily), CBT, lorazepam This treatment is prescribed based on the severity of the condition and should be followed as directed by a healthcare professional."
PAH (Pulmonary Arterial Hypertension) (4),"Tadalafil (40 mg daily), ambrisentan (10 mg daily)","Echo (RVSP >40 mmHg), right heart cath, PFTs","Shortness of breath, syncope, cyanosis","Tadalafil (40 milligrams daily), ambrisentan (10 milligrams daily) This treatment is prescribed based on the severity of the condition and should be followed as directed by a healthcare professional."
Mania,"Lithium (900 mg daily), antipsychotics (olanzapine)","DSM5 (bipolar I), clinical, Young Mania Scale","Elevated mood, racing thoughts, risky behavior","Lithium (900 milligrams daily), antipsychotics (olanzapine) This treatment is prescribed based on the severity of the condition and should be followed as directed by a healthcare professional."
Tinea Capitis,"Griseofulvin (20 mg/kg daily), ketoconazole shampoo","KOH prep (fungal hyphae), culture (Trichophyton)","Scalp scaling, hair loss, itching, pustules","Griseofulvin (20 milligrams/kg daily), ketoconazole shampoo This treatment is prescribed based on the severity of the condition and should be followed as directed by a healthcare professional."
Staph Skin Infection,"Dicloxacillin (500 mg 4x daily), drainage","Culture (S. aureus), clinical exam, Gram stain","Redness, pus, pain, fever, abscess","Dicloxacillin (500 milligrams 4 times a day), drainage This treatment is prescribed based on the severity of the condition and should be followed as directed by a healthcare professional."
Peptic Ulcer,"PPI (omeprazole 40 mg daily), amoxicillin (1 g twice daily)","Endoscopy (ulcer), H. pylori test, biopsy","Epigastric pain, nausea, bloating, hematemesis","PPI (omeprazole 40 milligrams daily), amoxicillin (1 g twice daily) This treatment is prescribed based on the severity of the condition and should be followed as directed by a healthcare professional."
Peptic Ulcer (Stomach Ulcer) (2),"Clarithromycin (500 mg twice daily), PPI, eradication","Urea breath test, endoscopy, stool antigen","Burning pain, vomiting, weight loss, bleeding","Clarithromycin (500 milligrams twice daily), PPI, eradication This treatment is prescribed based on the severity of the condition and should be followed as directed by a healthcare professional."
PKU (Phenylketonuria),"LowPhe diet, sapropterin (10 mg/kg daily)","Newborn screen (Phe >120 µmol/L), genetic (PAH)","Intellectual disability, musty odor, seizures","LowPhe diet, sapropterin (10 milligrams/kg daily) This treatment is prescribed based on the severity of the condition and should be followed as directed by a healthcare professional."
Chronic Pain,"Duloxetine (60 mg daily), physical therapy, opioids (rare)","Clinical history, imaging (if structural), pain scales","Persistent pain, fatigue, mood changes","Duloxetine (60 milligrams daily), physical therapy, opioids (rare) This treatment is prescribed based on the severity of the condition and should be followed as directed by a healthcare professional."
Cardiovascular Conditions and Disorders,"Treat specific (e.g., statins, betablockers), lifestyle","ECG, echo, stress test, specific labs","Chest pain, dyspnea, edema, palpitations","Treat specific (e.g., statins, betablockers), lifestyle This treatment is prescribed based on the severity of the condition and should be followed as directed by a healthcare professional."
Adrenal Pheochromocytoma,"Surgery, alphablockers (phenoxybenzamine 10 mg)","Plasma metanephrines, CT/MRI (adrenal mass)","Hypertension, sweating, palpitations, headache","Surgery, alphablockers (phenoxybenzamine 10 milligrams) This treatment is prescribed based on the severity of the condition and should be followed as directed by a healthcare professional."
Nontuberculous Atypical Mycobacterial Disease,"Azithromycin (250 mg daily), rifampin, ethambutol","Culture (e.g., MAC), CT (treeinbud), biopsy","Cough, fatigue, weight loss, lung nodules","Azithromycin (250 milligrams daily), rifampin, ethambutol This treatment is prescribed based on the severity of the condition and should be followed as directed by a healthcare professional."
"Breast Cancer, Bone Metastases","Bisphosphonates (zoledronate 4 mg IV), chemo, radiation","Bone scan (hot spots), biopsy, mammogram","Bone pain, fractures, hypercalcemia, lump","Bisphosphonates (zoledronate 4 milligrams intravenous), chemo, radiation This treatment is prescribed based on the severity of the condition and should be followed as directed by a healthcare professional."
Nontropical Sprue,"Glutenfree diet, vitamin supplements (B12)","AntitTG, duodenal biopsy (villous atrophy)","Diarrhea, malabsorption, bloating, fatigue","Glutenfree diet, vitamin supplements (B12) This treatment is prescribed based on the severity of the condition and should be followed as directed by a healthcare professional."
Fibroadenoma,"Monitor, excision (if symptomatic), reassurance","Ultrasound (welldefined), core biopsy, clinical","Painless breast lump, mobile, rubbery","Monitor, excision (if symptomatic), reassurance This treatment is prescribed based on the severity of the condition and should be followed as directed by a healthcare professional."
Neurotrophic Keratitis,"Amniotic membrane, tarsorrhaphy, artificial tears","Corneal sensitivity test, slitlamp, history (neuro damage)","Eye numbness, poor healing, vision blur, dryness","Amniotic membrane, tarsorrhaphy, artificial tears This treatment is prescribed based on the severity of the condition and should be followed as directed by a healthcare professional."
West Nile Virus,"Supportive care, IV fluids, antivirals (experimental)","Serum/CSF IgM, PCR (WNV), clinical history","Fever, headache, rash, neuro symptoms (severe)","Supportive care, intravenous fluids, antivirals (experimental) This treatment is prescribed based on the severity of the condition and should be followed as directed by a healthcare professional."
Trichostrongylosis,"Albendazole (400 mg single dose), iron supplementation","Stool ova (Trichostrongylus), CBC, serology","Abdominal pain, anemia, diarrhea, eosinophilia","Albendazole (400 milligrams single dose), iron supplementation This treatment is prescribed based on the severity of the condition and should be followed as directed by a healthcare professional."
Chest Contusion,"Rest, ice, NSAIDs (ibuprofen 400 mg), monitor","Chest Xray (rule out fracture), clinical exam","Chest pain, bruising, dyspnea, tenderness","Rest, ice, NSAIDs (ibuprofen 400 milligrams), monitor This treatment is prescribed based on the severity of the condition and should be followed as directed by a healthcare professional."
Localized Scleroderma,"Topical steroids (clobetasol 0.05%), methotrexate (15 mg weekly)","Clinical exam (morphea), biopsy, rule out systemic","Skin thickening, patches, tightness, pigment changes","Topical steroids (clobetasol 0.05%), methotrexate (15 milligrams weekly) This treatment is prescribed based on the severity of the condition and should be followed as directed by a healthcare professional."
Periodic Limb Movement Disorder,"Pramipexole (0.25 mg nightly), iron (if ferritin <50)","Polysomnography (PLM index >15/hr), history","Leg jerks, sleep disruption, daytime fatigue","Pramipexole (0.25 milligrams nightly), iron (if ferritin <50) This treatment is prescribed based on the severity of the condition and should be followed as directed by a healthcare professional."
HPV (Human Papillomavirus) Infection,"Cryotherapy, imiquimod (5% cream), vaccine prevention","Clinical exam, HPV DNA test, biopsy (if abnormal)","Warts (genital/skin), asymptomatic, dysplasia risk","Cryotherapy, imiquimod (5% cream), vaccine prevention This treatment is prescribed based on the severity of the condition and should be followed as directed by a healthcare professional."
Somatoform Pain Disorder,"CBT, duloxetine (60 mg daily), psychotherapy","DSM5, clinical interview, rule out organic","Chronic pain, no physical cause, distress","CBT, duloxetine (60 milligrams daily), psychotherapy This treatment is prescribed based on the severity of the condition and should be followed as directed by a healthcare professional."
Serology for Brucellosis,Doxycycline (100 mg twice daily) + rifampin (600 mg),"Serology (IgM/IgG), blood culture, PCR","Fever, sweats, joint pain, fatigue (Brucella exposure)",Doxycycline (100 milligrams twice daily) + rifampin (600 milligrams) This treatment is prescribed based on the severity of the condition and should be followed as directed by a healthcare professional.
Multiple Sclerosis (MS),"Interferonbeta (30 mcg IM weekly), ocrelizumab","MRI (plaques), CSF (oligoclonal bands), McDonald criteria","Fatigue, numbness, vision loss, spasticity","Interferonbeta (30 micrograms IM weekly), ocrelizumab This treatment is prescribed based on the severity of the condition and should be followed as directed by a healthcare professional."
Genital Herpes Infection,"Acyclovir (400 mg 3x daily), valacyclovir (1 g twice daily)","PCR (HSV), viral culture, clinical exam","Painful genital sores, itching, fever, lymphadenopathy","Acyclovir (400 milligrams 3 times a day), valacyclovir (1 g twice daily) This treatment is prescribed based on the severity of the condition and should be followed as directed by a healthcare professional."
Multiple Personality Disorder,"Psychotherapy (integration), SSRIs (if comorbid)","DSM5 (DID), clinical interview, trauma history","Identity shifts, amnesia, distress, dissociation","Psychotherapy (integration), SSRIs (if comorbid) This treatment is prescribed based on the severity of the condition and should be followed as directed by a healthcare professional."
Benign Intracranial Hypertension,"Acetazolamide (500 mg twice daily), weight loss, surgery","Lumbar puncture (>25 cmH2O), MRI, fundoscopy","Headache, vision loss, papilledema, tinnitus","Acetazolamide (500 milligrams twice daily), weight loss, surgery This treatment is prescribed based on the severity of the condition and should be followed as directed by a healthcare professional."
MCI (Mild Cognitive Impairment),"Cognitive training, monitor, treat risks (e.g., HTN)","Cognitive testing (MoCA <26), MRI, history","Memory lapses, slowed thinking, preserved function","Cognitive training, monitor, treat risks (e.g., HTN) This treatment is prescribed based on the severity of the condition and should be followed as directed by a healthcare professional."
Genital Herpes (2),"Valacyclovir (500 mg daily suppression), topical antivirals","Tzanck smear, HSV serology, clinical exam","Recurrent sores, burning, prodrome, genital pain","Valacyclovir (500 milligrams daily suppression), topical antivirals This treatment is prescribed based on the severity of the condition and should be followed as directed by a healthcare professional."
Wilson’s Disease,"Penicillamine (1 g daily), zinc (150 mg daily)","Serum ceruloplasmin (<20 mg/dL), 24hr urine copper","Tremors, liver dysfunction, psychiatric issues, KayserFleischer rings","Penicillamine (1 g daily), zinc (150 milligrams daily) This treatment is prescribed based on the severity of the condition and should be followed as directed by a healthcare professional."
Suprapubic Cystostomy,"Catheter care, antibiotics (if infected), monitor","Postop ultrasound, clinical exam, catheter check","Postop pain, urine leakage, infection risk","Catheter care, antibiotics (if infected), monitor This treatment is prescribed based on the severity of the condition and should be followed as directed by a healthcare professional."
Diabetic Coma,"Insulin (0.1 units/kg/hr IV), fluids, electrolytes","Glucose (>600 or <50 mg/dL), ketones, ABG","Confusion, unconsciousness, hyperglycemia/hypoglycemia","Insulin (0.1 units/kg/hr intravenous), fluids, electrolytes This treatment is prescribed based on the severity of the condition and should be followed as directed by a healthcare professional."
Emphysema (Lung Condition),"Bronchodilators (tiotropium), oxygen, smoking cessation","PFTs (FEV1/FVC <0.7), CT (bullae), chest Xray","Dyspnea, barrel chest, cough, weight loss","Bronchodilators (tiotropium), oxygen, smoking cessation This treatment is prescribed based on the severity of the condition and should be followed as directed by a healthcare professional."
Wrist Sprain,"Rest, splint, NSAIDs (ibuprofen 400 mg), rehab","Clinical exam (instability), Xray (rule out fracture)","Wrist pain, swelling, limited motion, tenderness","Rest, splint, NSAIDs (ibuprofen 400 milligrams), rehab This treatment is prescribed based on the severity of the condition and should be followed as directed by a healthcare professional."
HighGrade BCell Lymphoma,"RCHOP (rituximab 375 mg/m²), chemo, radiation","Biopsy (large cells), PETCT, bone marrow","Lymphadenopathy, fever, night sweats, weight loss","RCHOP (rituximab 375 milligrams/m²), chemo, radiation This treatment is prescribed based on the severity of the condition and should be followed as directed by a healthcare professional."
Penile Disorders,"Treat cause (e.g., collagenase for Peyronie’s), surgery","Clinical exam, ultrasound (e.g., Peyronie’s), history","Pain, swelling, curvature, erectile issues","Treat cause (e.g., collagenase for Peyronie’s), surgery This treatment is prescribed based on the severity of the condition and should be followed as directed by a healthcare professional."
Poison Oak,"Topical steroids (hydrocortisone 1%), antihistamines","Clinical exam (linear lesions), history, rule out infection","Itchy rash, blisters, redness, plant exposure","Topical steroids (hydrocortisone 1%), antihistamines This treatment is prescribed based on the severity of the condition and should be followed as directed by a healthcare professional."
Melena,"PPI (pantoprazole 40 mg IV), transfusion, treat cause","Endoscopy (bleeding source), CBC (anemia), occult blood","Black stools, weakness, epigastric pain","PPI (pantoprazole 40 milligrams intravenous), transfusion, treat cause This treatment is prescribed based on the severity of the condition and should be followed as directed by a healthcare professional."
Cerebral Vascular Disorder,"Aspirin (81 mg daily), tPA (if acute), rehab","MRI/CT (infarct), angiography, Doppler (carotid)","Stroke, TIA, headache, focal deficits","Aspirin (81 milligrams daily), tPA (if acute), rehab This treatment is prescribed based on the severity of the condition and should be followed as directed by a healthcare professional."
Primary Hyperparathyroidism,"Parathyroidectomy, cinacalcet (30 mg daily)","Serum calcium (>10.5 mg/dL), PTH (>65 pg/mL), imaging","Fatigue, kidney stones, bone pain, hypercalcemia","Parathyroidectomy, cinacalcet (30 milligrams daily) This treatment is prescribed based on the severity of the condition and should be followed as directed by a healthcare professional."
GBM (Glioblastoma Multiforme),"Surgery, temozolomide (150 mg/m²), radiation","MRI (ringenhancing), biopsy (grade IV), CSF","Headache, seizures, cognitive decline, motor deficits","Surgery, temozolomide (150 milligrams/m²), radiation This treatment is prescribed based on the severity of the condition and should be followed as directed by a healthcare professional."
HSV2 (Herpes Simplex (HSV)),"Acyclovir (800 mg 3x daily), suppression (400 mg twice daily)","PCR (HSV2), serology, clinical exam","Genital ulcers, pain, fever, recurrence","Acyclovir (800 milligrams 3 times a day), suppression (400 milligrams twice daily) This treatment is prescribed based on the severity of the condition and should be followed as directed by a healthcare professional."
Hip Bursitis Exercises,"Physical therapy, steroid injection (triamcinolone 40 mg)","Clinical exam (trochanteric pain), ultrasound, Xray","Hip pain, stiffness, worse with activity, tenderness","Physical therapy, steroid injection (triamcinolone 40 milligrams) This treatment is prescribed based on the severity of the condition and should be followed as directed by a healthcare professional."
Post Concussion Syndrome,"Rest, amitriptyline (25 mg nightly), gradual return","Clinical history (postTBI), neuro exam, imaging (if severe)","Headache, dizziness, fatigue, cognitive issues","Rest, amitriptyline (25 milligrams nightly), gradual return This treatment is prescribed based on the severity of the condition and should be followed as directed by a healthcare professional."
Vitamin D Deficiency,"Vitamin D (2000 IU daily), calcium (1000 mg daily)","Serum 25OH vitamin D (<20 ng/mL), PTH, Xray","Bone pain, fatigue, muscle weakness, fractures","Vitamin D (2000 IU daily), calcium (1000 milligrams daily) This treatment is prescribed based on the severity of the condition and should be followed as directed by a healthcare professional."
Heat Cramps,"Hydration, salt replacement, rest, cooling","Clinical history (exertion), electrolytes (low Na+)","Muscle spasms, sweating, heat exposure, pain","Hydration, salt replacement, rest, cooling This treatment is prescribed based on the severity of the condition and should be followed as directed by a healthcare professional."
Dry Eye Disease,"Artificial tears, cyclosporine (0.05% drops), plugs","Schirmer test (<10 mm), tear breakup time, exam","Dryness, irritation, burning, foreign body sensation","Artificial tears, cyclosporine (0.05% drops), plugs This treatment is prescribed based on the severity of the condition and should be followed as directed by a healthcare professional."
Syncope,"Treat cause (e.g., fluids for vasovagal), midodrine","ECG (arrhythmia), tilt table, history (triggers)","Fainting, dizziness, pallor, brief loss of consciousness","Treat cause (e.g., fluids for vasovagal), midodrine This treatment is prescribed based on the severity of the condition and should be followed as directed by a healthcare professional."
Hepatocellular Adenoma,"Stop OCPs, resection (if >5 cm), monitor","CT/MRI (hypervascular), biopsy (if unclear)","RUQ pain, mass, often asymptomatic, OCP use","Stop OCPs, resection (if >5 cm), monitor This treatment is prescribed based on the severity of the condition and should be followed as directed by a healthcare professional."
LowGrade Glioma,"Surgery, observation, radiation (if progression)","MRI (nonenhancing), biopsy (grade I/II), EEG","Seizures, headache, subtle deficits, slow onset","Surgery, observation, radiation (if progression) This treatment is prescribed based on the severity of the condition and should be followed as directed by a healthcare professional."
"Cancer, Squamous Cell Carcinoma","Excision, Mohs surgery, radiation (if advanced)","Biopsy (keratin pearls), staging (CT/MRI)","Scaly lesion, ulcer, bleeding, local growth","Excision, Mohs surgery, radiation (if advanced) This treatment is prescribed based on the severity of the condition and should be followed as directed by a healthcare professional."
Hypoglycemia,"Glucose (15 g oral), glucagon (1 mg IM), monitor","Blood glucose (<70 mg/dL), Whipple’s triad","Sweating, shakiness, confusion, low glucose","Glucose (15 g oral), glucagon (1 milligrams IM), monitor This treatment is prescribed based on the severity of the condition and should be followed as directed by a healthcare professional."
Carpal Tunnel Syndrome,"Wrist splint, steroid injection (methylprednisolone), surgery","Phalen’s test, EMG (median nerve), ultrasound","Hand numbness, tingling, pain, worse at night","Wrist splint, steroid injection (methylprednisolone), surgery This treatment is prescribed based on the severity of the condition and should be followed as directed by a healthcare professional."
Anterior Vaginal Prolapse (Cystocele),"Pessary, pelvic floor exercises, surgery (repair)","Pelvic exam (prolapse grade), urodynamics","Pelvic pressure, bulge, urinary issues, discomfort","Pessary, pelvic floor exercises, surgery (repair) This treatment is prescribed based on the severity of the condition and should be followed as directed by a healthcare professional."
Carotid Artery Disease,"Carotid endarterectomy, aspirin (81 mg daily), statins","Carotid Doppler (stenosis >70%), CTA/MRA","TIA, stroke, bruit, dizziness","Carotid endarterectomy, aspirin (81 milligrams daily), statins This treatment is prescribed based on the severity of the condition and should be followed as directed by a healthcare professional."
Pink Eye (Conjunctivitis),"Antibiotic drops (erythromycin), antihistamines (allergic)","Clinical exam, culture (if severe), history","Red eyes, discharge, itching, gritty feeling","Antibiotic drops (erythromycin), antihistamines (allergic) This treatment is prescribed based on the severity of the condition and should be followed as directed by a healthcare professional."
Irritable Bladder,"Anticholinergics (oxybutynin 5 mg), bladder training","Urodynamics, cystoscopy, rule out UTI","Urgency, frequency, pelvic pain, no infection","Anticholinergics (oxybutynin 5 milligrams), bladder training This treatment is prescribed based on the severity of the condition and should be followed as directed by a healthcare professional."
HAE (Hereditary Angioedema),"C1 esterase inhibitor (IV), icatibant (30 mg SC)","C1 inhibitor levels (<50%), C4, genetic (SERPING1)","Swelling (face/limbs), abdominal pain, no hives","C1 esterase inhibitor (intravenous), icatibant (30 milligrams SC) This treatment is prescribed based on the severity of the condition and should be followed as directed by a healthcare professional."
Bacterial Diarrhea,"Azithromycin (500 mg single dose), fluids","Stool culture (e.g., Campylobacter), PCR, history","Watery stools, fever, cramps, urgency","Azithromycin (500 milligrams single dose), fluids This treatment is prescribed based on the severity of the condition and should be followed as directed by a healthcare professional."
Chronic Respiratory Failure,"Oxygen, BiPAP, treat cause (e.g., COPD)","ABG (PaO2 <60 mmHg), PFTs, chest imaging","Dyspnea, cyanosis, fatigue, CO2 retention","Oxygen, BiPAP, treat cause (e.g., COPD) This treatment is prescribed based on the severity of the condition and should be followed as directed by a healthcare professional."
Congenital Adrenal Hyperplasia,"Hydrocortisone (15 mg/m² daily), fludrocortisone","17OHP (>2000 ng/dL), ACTH stim, genetic (CYP21A2)","Ambiguous genitalia, salt wasting, precocious puberty","Hydrocortisone (15 milligrams/m² daily), fludrocortisone This treatment is prescribed based on the severity of the condition and should be followed as directed by a healthcare professional."
Leg Sprain,"RICE (rest, ice, compression, elevation), brace","Clinical exam (ligament laxity), Xray (rule out fracture)","Leg pain, swelling, instability, bruising","RICE (rest, ice, compression, elevation), brace This treatment is prescribed based on the severity of the condition and should be followed as directed by a healthcare professional."
Oral Herpes Infection,"Acyclovir (200 mg 5x daily), topical antivirals","PCR (HSV1), Tzanck smear, clinical exam","Cold sores, fever, gingivostomatitis, pain","Acyclovir (200 milligrams 5 times a day), topical antivirals This treatment is prescribed based on the severity of the condition and should be followed as directed by a healthcare professional."
SSCILD,"Cyclophosphamide (2 mg/kg daily), oxygen","HRCT (fibrosis), PFTs (restrictive), ANA","Dyspnea, cough, fatigue, scleroderma link","Cyclophosphamide (2 milligrams/kg daily), oxygen This treatment is prescribed based on the severity of the condition and should be followed as directed by a healthcare professional."
DLB (Lewy Body Dementia),"Rivastigmine (6 mg twice daily), levodopa (low dose)","Clinical (core features), DaTscan, MRI","Hallucinations, parkinsonism, cognitive decline","Rivastigmine (6 milligrams twice daily), levodopa (low dose) This treatment is prescribed based on the severity of the condition and should be followed as directed by a healthcare professional."
Intraabdominal Infection,"Antibiotics (piperacillintazobactam 3.375 g IV), drainage","CT (abscess), culture (e.g., E. coli), labs (WBC)","Abdominal pain, fever, nausea, peritonitis","Antibiotics (piperacillintazobactam 3.375 g intravenous), drainage This treatment is prescribed based on the severity of the condition and should be followed as directed by a healthcare professional."
Arthritis (Joint Inflammation),"NSAIDs (naproxen 500 mg), DMARDs (methotrexate)","Xray (erosions), labs (RF, ESR), clinical exam","Joint pain, swelling, stiffness, warmth","NSAIDs (naproxen 500 milligrams), DMARDs (methotrexate) This treatment is prescribed based on the severity of the condition and should be followed as directed by a healthcare professional."
Pelvic Inflammatory Disease,Ceftriaxone (250 mg IM) + doxycycline (100 mg twice daily),"Clinical (cervical motion tenderness), NAAT, ultrasound","Pelvic pain, discharge, fever, dyspareunia",Ceftriaxone (250 milligrams IM) + doxycycline (100 milligrams twice daily) This treatment is prescribed based on the severity of the condition and should be followed as directed by a healthcare professional.
Abdominal Aortic Aneurysm,"Surgery (EVAR if >5.5 cm), BP control (betablockers)","Ultrasound (diameter >3 cm), CTA, clinical","Pulsatile mass, back pain, rupture risk","Surgery (EVAR if >5.5 cm), BP control (betablockers) This treatment is prescribed based on the severity of the condition and should be followed as directed by a healthcare professional."
Oxalosis,"Pyridoxine (100 mg daily), dialysis, transplant","Urine oxalate (>40 mg/day), biopsy (crystals), genetic","Kidney stones, renal failure, bone pain","Pyridoxine (100 milligrams daily), dialysis, transplant This treatment is prescribed based on the severity of the condition and should be followed as directed by a healthcare professional."
Acute Porphyria,"Hemin (3 mg/kg IV), glucose (10% IV), avoid triggers","Urine PBG (>10 mg/L), ALA, genetic (e.g., AIP)","Abdominal pain, neuropathy, confusion, dark urine","Hemin (3 milligrams/kg intravenous), glucose (10% intravenous), avoid triggers This treatment is prescribed based on the severity of the condition and should be followed as directed by a healthcare professional."
Influenza (Flu),"Oseltamivir (75 mg twice daily), supportive care","Rapid flu test, PCR (influenza A/B), clinical","Fever, cough, myalgia, fatigue, chills","Oseltamivir (75 milligrams twice daily), supportive care This treatment is prescribed based on the severity of the condition and should be followed as directed by a healthcare professional."
Wernicke’s Encephalopathy,"Thiamine (500 mg IV 3x daily), magnesium","Clinical triad, MRI (mammillary body), history","Confusion, ataxia, nystagmus, thiamine deficiency","Thiamine (500 milligrams intravenous 3 times a day), magnesium This treatment is prescribed based on the severity of the condition and should be followed as directed by a healthcare professional."
Chronic Spasticity,"Baclofen (10 mg 3x daily), Botox (200 units), therapy","Clinical (tone), EMG, history (e.g., MS/stroke)","Muscle stiffness, spasms, pain, disability","Baclofen (10 milligrams 3 times a day), Botox (200 units), therapy This treatment is prescribed based on the severity of the condition and should be followed as directed by a healthcare professional."
Metatarsalgia,"Metatarsal pads, NSAIDs (ibuprofen 400 mg), rest","Clinical exam (tenderness), Xray (rule out fracture)","Forefoot pain, burning, worse with walking","Metatarsal pads, NSAIDs (ibuprofen 400 milligrams), rest This treatment is prescribed based on the severity of the condition and should be followed as directed by a healthcare professional."
NF2 (Neurofibromatosis),"Surgery (tumor removal), bevacizumab (10 mg/kg IV)","MRI (bilateral vestibular schwannomas), genetic (NF2)","Hearing loss, tinnitus, schwannomas, cataracts","Surgery (tumor removal), bevacizumab (10 milligrams/kg intravenous) This treatment is prescribed based on the severity of the condition and should be followed as directed by a healthcare professional."
Cephalohematoma,"Observation (resolves), monitor jaundice","Clinical exam, ultrasound (if large), Xray (fracture)","Scalp swelling (neonate), firm, traumarelated","Observation (resolves), monitor jaundice This treatment is prescribed based on the severity of the condition and should be followed as directed by a healthcare professional."
Dysentery,"Ciprofloxacin (500 mg twice daily), metronidazole (if amoebic)","Stool culture (Shigella/Entamoeba), microscopy","Bloody diarrhea, fever, abdominal pain, tenesmus","Ciprofloxacin (500 milligrams twice daily), metronidazole (if amoebic) This treatment is prescribed based on the severity of the condition and should be followed as directed by a healthcare professional."
Nephrocalcinosis,"Hydration, thiazides (HCTZ 25 mg daily), treat cause","CT (calcium deposits), labs (calcium, PTH), ultrasound","Often asymptomatic, kidney stones, renal dysfunction","Hydration, thiazides (HCTZ 25 milligrams daily), treat cause This treatment is prescribed based on the severity of the condition and should be followed as directed by a healthcare professional."
TTN (Transient Tachypnea of Newborn),"Oxygen, supportive care, resolves in 48 hrs","Chest Xray (wet lungs), clinical, rule out sepsis","Rapid breathing, grunting, cyanosis (neonate)","Oxygen, supportive care, resolves in 48 hrs This treatment is prescribed based on the severity of the condition and should be followed as directed by a healthcare professional."
Liver Disease Diet,"Lowsalt diet, protein (1 g/kg), avoid alcohol","LFTs (elevated), ultrasound, clinical history","Fatigue, jaundice, ascites, dietary impact","Lowsalt diet, protein (1 g/kg), avoid alcohol This treatment is prescribed based on the severity of the condition and should be followed as directed by a healthcare professional."
MSL (Madelung’s Disease),"Liposuction, surgery, alcohol cessation","Clinical exam, MRI (lipomas), history","Fatty deposits (neck/shoulders), pain, alcohol link","Liposuction, surgery, alcohol cessation This treatment is prescribed based on the severity of the condition and should be followed as directed by a healthcare professional."
Tinea Pedis,"Terbinafine (1% cream), miconazole, keep dry","KOH prep (hyphae), culture (Trichophyton), exam","Foot itching, scaling, odor, maceration","Terbinafine (1% cream), miconazole, keep dry This treatment is prescribed based on the severity of the condition and should be followed as directed by a healthcare professional."
Immune Thrombocytopenic Purpura,"Prednisone (1 mg/kg daily), IVIG (1 g/kg)","CBC (platelets <100k), rule out secondary, marrow","Bruising, petechiae, bleeding, low platelets","Prednisone (1 milligrams/kg daily), intravenousIG (1 g/kg) This treatment is prescribed based on the severity of the condition and should be followed as directed by a healthcare professional."
Pyrexia,"Acetaminophen (1 g), treat cause (e.g., antibiotics)","Temp (>38°C), blood cultures, history (infection)","Fever, chills, sweats, variable cause","Acetaminophen (1 g), treat cause (e.g., antibiotics) This treatment is prescribed based on the severity of the condition and should be followed as directed by a healthcare professional."
Nail Dystrophy,"Treat cause (e.g., terbinafine 250 mg daily), trim","Clinical exam, KOH (if fungal), biopsy (if unclear)","Thickened, discolored nails, crumbling, pain","Treat cause (e.g., terbinafine 250 milligrams daily), trim This treatment is prescribed based on the severity of the condition and should be followed as directed by a healthcare professional."
Clostridioides difficile Colitis,"Vancomycin (125 mg 4x daily), fidaxomicin (200 mg twice daily)","Stool toxin (C. diff), PCR, colonoscopy","Watery diarrhea, fever, abdominal pain, pseudomembranes","Vancomycin (125 milligrams 4 times a day), fidaxomicin (200 milligrams twice daily) This treatment is prescribed based on the severity of the condition and should be followed as directed by a healthcare professional."
Alcoholic Cirrhosis,"Abstinence, lactulose (30 mL), transplant","Ultrasound (nodular liver), LFTs (AST:ALT >2), biopsy","Ascites, jaundice, confusion, variceal bleeding","Abstinence, lactulose (30 mL), transplant This treatment is prescribed based on the severity of the condition and should be followed as directed by a healthcare professional."
TEPH (Thromboembolic Pulmonary Hypertension),"Pulmonary endarterectomy, riociguat (2.5 mg 3x daily)","V/Q scan (mismatch), right heart cath, CT angiogram","Dyspnea, fatigue, leg swelling, history of PE","Pulmonary endarterectomy, riociguat (2.5 milligrams 3 times a day) This treatment is prescribed based on the severity of the condition and should be followed as directed by a healthcare professional."
IMT (Inflammatory Myofibroblastic Tumor),"Surgery, crizotinib (250 mg twice daily), steroids","Biopsy (spindle cells), ALK mutation, imaging","Mass, pain, fever, weight loss","Surgery, crizotinib (250 milligrams twice daily), steroids This treatment is prescribed based on the severity of the condition and should be followed as directed by a healthcare professional."
Invasive Mucormycosis,"Amphotericin B (5 mg/kg IV), surgery (debridement)","Biopsy (angioinvasion), culture (Mucor), CT","Fever, sinus pain, necrosis, immunocompromised","Amphotericin B (5 milligrams/kg intravenous), surgery (debridement) This treatment is prescribed based on the severity of the condition and should be followed as directed by a healthcare professional."
Split Personality Disorder,"Traumafocused therapy, no specific meds, support","DSM5 (DID), clinical interview, psych testing","Multiple identities, memory gaps, trauma history","Traumafocused therapy, no specific meds, support This treatment is prescribed based on the severity of the condition and should be followed as directed by a healthcare professional."
Upper Respiratory Infection (URI),"Supportive care, decongestants, rest","Clinical exam, viral PCR (if severe), history","Cough, sore throat, nasal congestion, fever","Supportive care, decongestants, rest This treatment is prescribed based on the severity of the condition and should be followed as directed by a healthcare professional."
Hypoglycemia in Infancy,"Glucose (10% IV), diazoxide (5 mg/kg daily), monitor","Blood glucose (<50 mg/dL), insulin levels, history","Irritability, seizures, lethargy, low glucose","Glucose (10% intravenous), diazoxide (5 milligrams/kg daily), monitor This treatment is prescribed based on the severity of the condition and should be followed as directed by a healthcare professional."
Cachexia,"Nutritional support, megestrol (800 mg daily), treat cause","Clinical (unintentional loss >5%), labs (albumin)","Weight loss, muscle wasting, fatigue, anorexia","Nutritional support, megestrol (800 milligrams daily), treat cause This treatment is prescribed based on the severity of the condition and should be followed as directed by a healthcare professional."
Crush Injury,"Fluids (NS 1 L/hr), fasciotomy, pain relief","Clinical exam, CK levels, imaging (fracture)","Pain, swelling, compartment syndrome, rhabdo","Fluids (NS 1 L/hr), fasciotomy, pain relief This treatment is prescribed based on the severity of the condition and should be followed as directed by a healthcare professional."
Itching,"Antihistamines (cetirizine 10 mg), treat cause","Clinical exam, labs (liver, kidney), biopsy","Pruritus, scratching, skin irritation, variable cause","Antihistamines (cetirizine 10 milligrams), treat cause This treatment is prescribed based on the severity of the condition and should be followed as directed by a healthcare professional."
Hypokalemic Periodic Paralysis,"Potassium (40 mEq oral), acetazolamide (250 mg)","Serum K+ (<3.5 mEq/L), genetic (CACNA1S), EMG","Muscle weakness, paralysis, low potassium","Potassium (40 mEq oral), acetazolamide (250 milligrams) This treatment is prescribed based on the severity of the condition and should be followed as directed by a healthcare professional."
HGA (Ehrlichiosis),"Doxycycline (100 mg twice daily), supportive","PCR (Ehrlichia), serology, CBC (leukopenia)","Fever, headache, myalgia, tick exposure","Doxycycline (100 milligrams twice daily), supportive This treatment is prescribed based on the severity of the condition and should be followed as directed by a healthcare professional."
Aphasia,"Speech therapy, treat cause (e.g., stroke rehab)","Clinical (speech exam), MRI (lesion), NIHSS","Language difficulty, wordfinding issues, stroke","Speech therapy, treat cause (e.g., stroke rehab) This treatment is prescribed based on the severity of the condition and should be followed as directed by a healthcare professional."
Subchorionic Hemorrhage,"Rest, monitor (resolves), progesterone (if needed)","Ultrasound (hematoma), clinical history, labs","Vaginal bleeding, cramping, pregnancy","Rest, monitor (resolves), progesterone (if needed) This treatment is prescribed based on the severity of the condition and should be followed as directed by a healthcare professional."
Chronic Pelvic Pain,"Treat cause (e.g., gabapentin 300 mg), pain management","Pelvic exam, ultrasound, laparoscopy (e.g., endo)","Persistent pelvic ache, dyspareunia, variable cause","Treat cause (e.g., gabapentin 300 milligrams), pain management This treatment is prescribed based on the severity of the condition and should be followed as directed by a healthcare professional."
SCD (Sickle Cell Disease),"Hydroxyurea (20 mg/kg daily), transfusions","Hemoglobin electrophoresis (HbSS), CBC, reticulocytes","Pain crises, anemia, infections, jaundice","Hydroxyurea (20 milligrams/kg daily), transfusions This treatment is prescribed based on the severity of the condition and should be followed as directed by a healthcare professional."
Subconjunctival Hemorrhage,"Observation (resolves), artificial tears","Clinical exam (bright red), rule out trauma","Red eye patch, painless, spontaneous","Observation (resolves), artificial tears This treatment is prescribed based on the severity of the condition and should be followed as directed by a healthcare professional."
Mitral Incompetence,"Diuretics (furosemide 40 mg), valve repair","Echo (regurgitant jet), ECG (LA enlargement)","Dyspnea, fatigue, murmur, heart failure","Diuretics (furosemide 40 milligrams), valve repair This treatment is prescribed based on the severity of the condition and should be followed as directed by a healthcare professional."
Mossy Foot Disease,"Foot hygiene, compression, elevation","Clinical (nonfilarial), history (soil exposure), biopsy","Foot swelling, nodules, lymphoedema (podoconiosis)","Foot hygiene, compression, elevation This treatment is prescribed based on the severity of the condition and should be followed as directed by a healthcare professional."
Sleep Disorders,"Treat specific (e.g., CPAP for OSA), CBTI","Polysomnography, sleep diary, clinical history","Insomnia, hypersomnia, apnea, restlessness","Treat specific (e.g., CPAP for OSA), CBTI This treatment is prescribed based on the severity of the condition and should be followed as directed by a healthcare professional."
Dyshidrotic Eczema,"Topical steroids (betamethasone 0.05%), wet wraps","Clinical exam (pompholyx), rule out fungal, biopsy","Itchy vesicles, hands/feet, redness, peeling","Topical steroids (betamethasone 0.05%), wet wraps This treatment is prescribed based on the severity of the condition and should be followed as directed by a healthcare professional."
Ancylostoma,"Mebendazole (100 mg twice daily), iron","Stool ova (A. duodenale), CBC (eosinophilia)","Anemia, fatigue, rash, abdominal pain (hookworm)","Mebendazole (100 milligrams twice daily), iron This treatment is prescribed based on the severity of the condition and should be followed as directed by a healthcare professional."
CABG (Coronary Artery Bypass Graft),"Pain relief (morphine 2 mg IV), aspirin (81 mg)","Postop ECG, echo, clinical exam","Postop chest pain, fatigue, incision issues","Pain relief (morphine 2 milligrams intravenous), aspirin (81 milligrams) This treatment is prescribed based on the severity of the condition and should be followed as directed by a healthcare professional."
Arthralgia,"NSAIDs (ibuprofen 400 mg), treat underlying","Clinical exam, labs (ESR, RF), imaging (if needed)","Joint pain, stiffness, no swelling, variable cause","NSAIDs (ibuprofen 400 milligrams), treat underlying This treatment is prescribed based on the severity of the condition and should be followed as directed by a healthcare professional."
Dermatofibrosarcoma Protuberans,"Wide excision, imatinib (400 mg daily), radiation","Biopsy (spindle cells), CD34+, MRI (extent)","Slowgrowing skin mass, plaque, local invasion","Wide excision, imatinib (400 milligrams daily), radiation This treatment is prescribed based on the severity of the condition and should be followed as directed by a healthcare professional."
Toxic Epidermal Necrolysis,"Stop trigger, IVIG (1 g/kg), supportive (ICU)","Clinical (Nikolsky sign), biopsy, drug history","Widespread skin peeling, fever, mucosal involvement","Stop trigger, intravenousIG (1 g/kg), supportive (ICU) This treatment is prescribed based on the severity of the condition and should be followed as directed by a healthcare professional."
CHIKV Disease,"Supportive care, NSAIDs (naproxen 500 mg), rest","RTPCR (Chikungunya), IgM serology, clinical","Fever, joint pain, rash, mosquito exposure","Supportive care, NSAIDs (naproxen 500 milligrams), rest This treatment is prescribed based on the severity of the condition and should be followed as directed by a healthcare professional."
Polyidrosis,"Antiperspirants (20% aluminum chloride), Botox","Clinical exam, starchiodine test, history","Excessive sweating, variable sites, distress","Antiperspirants (20% aluminum chloride), Botox This treatment is prescribed based on the severity of the condition and should be followed as directed by a healthcare professional."
Fredrickson Type V Hyperlipoproteinemia,"Fibrates (fenofibrate 145 mg daily), diet (low fat)","Lipid panel (TG >1000 mg/dL), electrophoresis","Pancreatitis, xanthomas, high triglycerides","Fibrates (fenofibrate 145 milligrams daily), diet (low fat) This treatment is prescribed based on the severity of the condition and should be followed as directed by a healthcare professional."
Rheumatoid Arthritis (RA),"Methotrexate (15 mg weekly), adalimumab (40 mg SC)","RF/antiCCP positive, Xray (erosions), ESR","Joint pain, swelling, morning stiffness, fatigue","Methotrexate (15 milligrams weekly), adalimumab (40 milligrams SC) This treatment is prescribed based on the severity of the condition and should be followed as directed by a healthcare professional."
Progressive Systemic Sclerosis,"Mycophenolate (2 g daily), nifedipine (30 mg)","ANA (antiScl70), skin biopsy, PFTs","Skin tightening, Raynaud’s, organ fibrosis","Mycophenolate (2 g daily), nifedipine (30 milligrams) This treatment is prescribed based on the severity of the condition and should be followed as directed by a healthcare professional."
Nonruptured Cerebral Aneurysm,"Monitor (<7 mm), coiling/clipping (if >7 mm)","CTA/MRA (aneurysm), MRI, clinical history","Often asymptomatic, headache, cranial nerve issues","Monitor (<7 mm), coiling/clipping (if >7 mm) This treatment is prescribed based on the severity of the condition and should be followed as directed by a healthcare professional."
Rabbit Fever,"Streptomycin (1 g IM twice daily), doxycycline","Serology (F. tularensis), culture, PCR","Fever, ulcer, lymphadenopathy, animal exposure","Streptomycin (1 g IM twice daily), doxycycline This treatment is prescribed based on the severity of the condition and should be followed as directed by a healthcare professional."
Yeast Infection (Vaginal),"Fluconazole (150 mg single dose), clotrimazole cream","Wet mount (Candida), pH (<4.5), culture","Itching, thick discharge, burning, redness","Fluconazole (150 milligrams single dose), clotrimazole cream This treatment is prescribed based on the severity of the condition and should be followed as directed by a healthcare professional."
Iron Deficiency Anemia,"Iron (ferrous sulfate 325 mg daily), treat cause (e.g., bleeding)","CBC (low Hgb), ferritin (<15 ng/mL), iron studies","Fatigue, pallor, shortness of breath, brittle nails","Iron (ferrous sulfate 325 milligrams daily), treat cause (e.g., bleeding) This treatment is prescribed based on the severity of the condition and should be followed as directed by a healthcare professional."
Diverticulosis (Diverticulitis),"Antibiotics (ciprofloxacin 500 mg + metronidazole), fiber diet","CT (diverticula/inflammation), colonoscopy (chronic)","Abdominal pain, fever, nausea, change in bowel habits","Antibiotics (ciprofloxacin 500 milligrams + metronidazole), fiber diet This treatment is prescribed based on the severity of the condition and should be followed as directed by a healthcare professional."
Balamuthia mandrillaris,"Miltefosine (150 mg daily), fluconazole, supportive","Brain biopsy (ameba), PCR, CSF analysis","Headache, fever, skin lesions, encephalitis","Miltefosine (150 milligrams daily), fluconazole, supportive This treatment is prescribed based on the severity of the condition and should be followed as directed by a healthcare professional."
ME/CFS (Chronic Fatigue Syndrome),"Pacing, CBT, lowdose naltrexone (4.5 mg)","CDC criteria, rule out other causes, clinical history","Severe fatigue, PEM, unrefreshing sleep, brain fog","Pacing, CBT, lowdose naltrexone (4.5 milligrams) This treatment is prescribed based on the severity of the condition and should be followed as directed by a healthcare professional."
Peripheral Nerve Injuries,"Surgery (repair), gabapentin (300 mg 3x daily), therapy","EMG/NCS (nerve damage), MRI, clinical exam","Numbness, weakness, pain, tingling","Surgery (repair), gabapentin (300 milligrams 3 times a day), therapy This treatment is prescribed based on the severity of the condition and should be followed as directed by a healthcare professional."
CMV Retinitis,"Ganciclovir (5 mg/kg IV), valganciclovir (900 mg twice daily)","Fundoscopy (retinal necrosis), CMV PCR (blood)","Blurred vision, floaters, vision loss, immunocompromised","Ganciclovir (5 milligrams/kg intravenous), valganciclovir (900 milligrams twice daily) This treatment is prescribed based on the severity of the condition and should be followed as directed by a healthcare professional."
Parathyroidectomy,"Calcium (1000 mg daily), vitamin D, monitor","Postop calcium (<8.5 mg/dL), PTH, clinical exam","Postop neck pain, hypocalcemia, fatigue","Calcium (1000 milligrams daily), vitamin D, monitor This treatment is prescribed based on the severity of the condition and should be followed as directed by a healthcare professional."
Gallbladder and Bile Duct Cancer,"Surgery (cholecystectomy), gemcitabine (1000 mg/m² IV)","CT/MRI (mass), ERCP, biopsy (adenocarcinoma)","Jaundice, RUQ pain, weight loss, itching","Surgery (cholecystectomy), gemcitabine (1000 milligrams/m² intravenous) This treatment is prescribed based on the severity of the condition and should be followed as directed by a healthcare professional."
Heavy Menstrual Bleeding,"Tranexamic acid (1300 mg 3x daily), hormonal IUD","Ultrasound (fibroids), CBC (anemia), hysteroscopy","Excessive periods, fatigue, clots, anemia","Tranexamic acid (1300 milligrams 3 times a day), hormonal IUD This treatment is prescribed based on the severity of the condition and should be followed as directed by a healthcare professional."
Myalgic Encephalomyelitis,"Graded exercise (if tolerated), coenzyme Q10 (200 mg)","Fukuda criteria, clinical history, rule out mimics","Chronic fatigue, muscle pain, cognitive issues, PEM","Graded exercise (if tolerated), coenzyme Q10 (200 milligrams) This treatment is prescribed based on the severity of the condition and should be followed as directed by a healthcare professional."
Major Depressive Disorder,"SSRIs (sertraline 50 mg daily), psychotherapy (CBT)","DSM5, PHQ9 (>10), clinical interview","Sadness, anhedonia, sleep issues, suicidal thoughts","SSRIs (sertraline 50 milligrams daily), psychotherapy (CBT) This treatment is prescribed based on the severity of the condition and should be followed as directed by a healthcare professional."
PostMI Pericarditis,"Aspirin (650 mg 4x daily), colchicine (0.6 mg twice daily)","ECG (ST elevation), echo (effusion), history","Chest pain (pleuritic), fever, postheart attack","Aspirin (650 milligrams 4 times a day), colchicine (0.6 milligrams twice daily) This treatment is prescribed based on the severity of the condition and should be followed as directed by a healthcare professional."
Dermatographism,"Antihistamines (cetirizine 10 mg daily), avoidance","Clinical (skin stroking test), rule out allergy","Skin welts, itching, scratching triggers hives","Antihistamines (cetirizine 10 milligrams daily), avoidance This treatment is prescribed based on the severity of the condition and should be followed as directed by a healthcare professional."
Parathyroidectomy (2),"Calcitriol (0.25 mcg daily), calcium gluconate IV","Postop labs (low Ca+), PTH monitoring, exam","Postop hoarseness, incision pain, tetany","Calcitriol (0.25 micrograms daily), calcium gluconate intravenous This treatment is prescribed based on the severity of the condition and should be followed as directed by a healthcare professional."
Myelodysplastic Diseases,"Azacitidine (75 mg/m² SC), transfusions, supportive","Bone marrow biopsy (dysplasia), cytogenetics, CBC","Fatigue, infections, bruising, cytopenias","Azacitidine (75 milligrams/m² SC), transfusions, supportive This treatment is prescribed based on the severity of the condition and should be followed as directed by a healthcare professional."
Chronic Beryllium Disease,"Prednisone (40 mg daily), oxygen, avoidance","BeLPT (lymphocyte proliferation), biopsy (granulomas)","Cough, dyspnea, fatigue, beryllium exposure","Prednisone (40 milligrams daily), oxygen, avoidance This treatment is prescribed based on the severity of the condition and should be followed as directed by a healthcare professional."
Type 1 Diabetes Mellitus (Juvenile),"Insulin (basalbolus), carb counting, monitoring","HbA1c (>6.5%), autoantibodies (GAD), glucose (>200 mg/dL)","Thirst, polyuria, weight loss, ketoacidosis","Insulin (basalbolus), carb counting, monitoring This treatment is prescribed based on the severity of the condition and should be followed as directed by a healthcare professional."
DCR (Dacryocystorhinostomy),"Antibiotics (if infected), saline irrigation, monitor","Postop dye test, nasal endoscopy, clinical exam","Postop tearing, swelling, nasal discharge","Antibiotics (if infected), saline irrigation, monitor This treatment is prescribed based on the severity of the condition and should be followed as directed by a healthcare professional."
Nongonococcal Urethritis,"Azithromycin (1 g single dose), doxycycline (100 mg twice daily)","NAAT (Chlamydia negative), Gram stain, urine","Dysuria, discharge, urethral irritation","Azithromycin (1 g single dose), doxycycline (100 milligrams twice daily) This treatment is prescribed based on the severity of the condition and should be followed as directed by a healthcare professional."
Trichotillomania,"CBT (habit reversal), NAC (1200 mg twice daily)","DSM5, clinical exam, psych history","Hair pulling, bald patches, tension relief","CBT (habit reversal), NAC (1200 milligrams twice daily) This treatment is prescribed based on the severity of the condition and should be followed as directed by a healthcare professional."
Retinal Hemorrhage,"Treat cause (e.g., laser for DR), observation","Fundoscopy (blood), OCT, rule out HTN/DM","Vision loss, floaters, dark spots, painless","Treat cause (e.g., laser for DR), observation This treatment is prescribed based on the severity of the condition and should be followed as directed by a healthcare professional."
Transaminitis,"Treat cause (e.g., stop alcohol), monitor LFTs","LFTs (ALT/AST >2x ULN), viral serology, ultrasound","Often asymptomatic, fatigue, RUQ pain","Treat cause (e.g., stop alcohol), monitor LFTs This treatment is prescribed based on the severity of the condition and should be followed as directed by a healthcare professional."
Esophageal Hemorrhage,"Octreotide (50 mcg/hr IV), banding, transfusion","Endoscopy (varices/ulcer), CT (if unclear), labs","Hematemesis, melena, shock, chest pain","Octreotide (50 micrograms/hr intravenous), banding, transfusion This treatment is prescribed based on the severity of the condition and should be followed as directed by a healthcare professional."
Aphthous Ulcer,"Topical steroids (triamcinolone 0.1%), chlorhexidine rinse","Clinical exam, rule out systemic (e.g., Crohn’s)","Painful mouth sores, redness, recurrent","Topical steroids (triamcinolone 0.1%), chlorhexidine rinse This treatment is prescribed based on the severity of the condition and should be followed as directed by a healthcare professional."
Cryptococcosis,"Amphotericin B (0.7 mg/kg IV), fluconazole (400 mg)","CSF antigen (Crypto), culture, chest imaging","Fever, headache, lung nodules, meningitis","Amphotericin B (0.7 milligrams/kg intravenous), fluconazole (400 milligrams) This treatment is prescribed based on the severity of the condition and should be followed as directed by a healthcare professional."
Huntington’s Disease,"Tetrabenazine (25 mg daily), supportive care","Genetic test (CAG >36), MRI (striatal atrophy)","Chorea, cognitive decline, mood changes","Tetrabenazine (25 milligrams daily), supportive care This treatment is prescribed based on the severity of the condition and should be followed as directed by a healthcare professional."
Low Testosterone,"Testosterone gel (50 mg daily), monitor PSA","Serum testosterone (<300 ng/dL), LH/FSH, history","Fatigue, low libido, muscle loss, depression","Testosterone gel (50 milligrams daily), monitor PSA This treatment is prescribed based on the severity of the condition and should be followed as directed by a healthcare professional."
Tinea Versicolor,"Ketoconazole cream (2%), fluconazole (300 mg weekly)","KOH scraping (spaghetti/meatballs), Wood’s lamp","Discolored skin patches, mild itching, scaling","Ketoconazole cream (2%), fluconazole (300 milligrams weekly) This treatment is prescribed based on the severity of the condition and should be followed as directed by a healthcare professional."
Cold Sore,"Acyclovir (200 mg 5x daily), topical penciclovir","Clinical (HSV1), PCR if needed, Tzanck smear","Lip sores, tingling, fever, recurrence","Acyclovir (200 milligrams 5 times a day), topical penciclovir This treatment is prescribed based on the severity of the condition and should be followed as directed by a healthcare professional."
Cyclic Vomiting Syndrome,"Ondansetron (8 mg PRN), amitriptyline (25 mg nightly)","Rome criteria, rule out GI/neuro, clinical history","Episodic vomiting, nausea, abdominal pain","Ondansetron (8 milligrams PRN), amitriptyline (25 milligrams nightly) This treatment is prescribed based on the severity of the condition and should be followed as directed by a healthcare professional."
Trichinosis (Trichinellosis) Worm Infection,"Albendazole (400 mg twice daily), prednisone (40 mg)","Serology (Trichinella), muscle biopsy, CBC","Muscle pain, fever, swelling, eosinophilia","Albendazole (400 milligrams twice daily), prednisone (40 milligrams) This treatment is prescribed based on the severity of the condition and should be followed as directed by a healthcare professional."
Catatonic Schizophrenia,"Lorazepam (2 mg IV), antipsychotics (risperidone)","DSM5, clinical exam, rule out neuro causes","Stupor, rigidity, posturing, mutism","Lorazepam (2 milligrams intravenous), antipsychotics (risperidone) This treatment is prescribed based on the severity of the condition and should be followed as directed by a healthcare professional."
Broken Heart Syndrome,"Betablockers (metoprolol 25 mg), ACE inhibitors","Echo (apical ballooning), angiogram (no CAD)","Chest pain, dyspnea, ECG changes, stress trigger","Betablockers (metoprolol 25 milligrams), ACE inhibitors This treatment is prescribed based on the severity of the condition and should be followed as directed by a healthcare professional."
Uremic Pruritus,"Gabapentin (100 mg postdialysis), moisturizers","Clinical (CKD), labs (BUN >50 mg/dL), exam","Itching, dry skin, worse with dialysis","Gabapentin (100 milligrams postdialysis), moisturizers This treatment is prescribed based on the severity of the condition and should be followed as directed by a healthcare professional."
Acquired von Willebrand Syndrome,"Desmopressin (0.3 mcg/kg IV), treat cause (e.g., cancer)","vWF antigen (<30%), ristocetin cofactor, labs","Bleeding, bruising, low vWF, underlying disease","Desmopressin (0.3 micrograms/kg intravenous), treat cause (e.g., cancer) This treatment is prescribed based on the severity of the condition and should be followed as directed by a healthcare professional."
Primary Immunodeficiency Disease (PIDD),"IVIG (400 mg/kg monthly), antibiotics prophylaxis","Ig levels (low), flow cytometry, genetic testing","Recurrent infections, fatigue, poor growth","intravenousIG (400 milligrams/kg monthly), antibiotics prophylaxis This treatment is prescribed based on the severity of the condition and should be followed as directed by a healthcare professional."
Autoimmune Hepatitis,"Prednisone (40 mg daily), azathioprine (1 mg/kg)","ANA/ASMA positive, liver biopsy, IgG elevation","Fatigue, jaundice, RUQ pain, elevated LFTs","Prednisone (40 milligrams daily), azathioprine (1 milligrams/kg) This treatment is prescribed based on the severity of the condition and should be followed as directed by a healthcare professional."
Chorioepithelioma,"Chemotherapy (methotrexate 1 mg/kg), surgery","hCG (>100,000 mIU/mL), biopsy, imaging (mets)","Vaginal bleeding, pelvic mass, high hCG","Chemotherapy (methotrexate 1 milligrams/kg), surgery This treatment is prescribed based on the severity of the condition and should be followed as directed by a healthcare professional."
Skin Cancer,"Excision, Mohs surgery, immunotherapy (if advanced)","Biopsy (BCC/SCC/melanoma), dermoscopy","Changing mole, ulcer, bleeding lesion","Excision, Mohs surgery, immunotherapy (if advanced) This treatment is prescribed based on the severity of the condition and should be followed as directed by a healthcare professional."
Laryngospasm,"Oxygen, positive pressure, treat cause (e.g., reflux)","Clinical (triggered), laryngoscopy (if chronic)","Stridor, dyspnea, voice loss, sudden onset","Oxygen, positive pressure, treat cause (e.g., reflux) This treatment is prescribed based on the severity of the condition and should be followed as directed by a healthcare professional."
Glycemic Index and Diabetes,"LowGI diet, metformin (500 mg twice daily), education","HbA1c (>6.5%), glucose monitoring, diet history","Fatigue, thirst, glucose swings (DM context)","LowGI diet, metformin (500 milligrams twice daily), education This treatment is prescribed based on the severity of the condition and should be followed as directed by a healthcare professional."
Circumscribed Scleroderma,"Topical calcipotriene (0.005%), phototherapy","Clinical (morphea), skin biopsy, ANA (if systemic)","Localized skin thickening, shiny patches, pain","Topical calcipotriene (0.005%), phototherapy This treatment is prescribed based on the severity of the condition and should be followed as directed by a healthcare professional."
Neurapraxia,"Rest, physical therapy, monitor recovery","Clinical (transient), EMG (if prolonged), history","Temporary numbness, weakness, nerve trauma","Rest, physical therapy, monitor recovery This treatment is prescribed based on the severity of the condition and should be followed as directed by a healthcare professional."
Pyrosis,"PPI (omeprazole 20 mg daily), lifestyle changes","Clinical (GERD), endoscopy (if severe), pH test","Heartburn, chest discomfort, acid reflux","PPI (omeprazole 20 milligrams daily), lifestyle changes This treatment is prescribed based on the severity of the condition and should be followed as directed by a healthcare professional."
Periodic Paralysis Syndrome,"Potassium (hypo: 40 mEq), acetazolamide (250 mg)","Serum K+ (high/low), genetic (e.g., SCN4A), EMG","Episodic weakness, paralysis, K+ imbalance","Potassium (hypo: 40 mEq), acetazolamide (250 milligrams) This treatment is prescribed based on the severity of the condition and should be followed as directed by a healthcare professional."
Central Sleep Apnea,"CPAP, adaptive servoventilation, treat cause","Polysomnography (central events), rule out HF","Pauses in breathing, fatigue, waking gasps","CPAP, adaptive servoventilation, treat cause This treatment is prescribed based on the severity of the condition and should be followed as directed by a healthcare professional."
Gastric Motility Disorder,"Metoclopramide (10 mg 3x daily), diet (small meals)","Gastric emptying study, manometry, endoscopy","Nausea, bloating, vomiting, early satiety","Metoclopramide (10 milligrams 3 times a day), diet (small meals) This treatment is prescribed based on the severity of the condition and should be followed as directed by a healthcare professional."
EVAR (Endovascular Aortic Aneurysm Repair),"Pain relief (acetaminophen 1 g), monitor leaks","Postop CTA (stent placement), clinical exam","Postop groin pain, swelling, fatigue","Pain relief (acetaminophen 1 g), monitor leaks This treatment is prescribed based on the severity of the condition and should be followed as directed by a healthcare professional."
Pectus Excavatum,"Nuss procedure, observation (if mild), exercise","Clinical (Hallar index >3.25), CT, PFTs","Sunken chest, dyspnea, exercise intolerance","Nuss procedure, observation (if mild), exercise This treatment is prescribed based on the severity of the condition and should be followed as directed by a healthcare professional."
Biliary Tract Tumor,"Surgery (resection), stenting, chemotherapy","ERCP (stricture), CA 199, biopsy","Jaundice, abdominal pain, weight loss","Surgery (resection), stenting, chemotherapy This treatment is prescribed based on the severity of the condition and should be followed as directed by a healthcare professional."
Melioidosis (Whitmore’s Disease),"Ceftazidime (2 g IV every 6 hrs), doxycycline maintenance","Culture (Burkholderia pseudomallei), serology","Fever, abscesses, pneumonia, sepsis","Ceftazidime (2 g intravenous every 6 hrs), doxycycline maintenance This treatment is prescribed based on the severity of the condition and should be followed as directed by a healthcare professional."
Hereditary Amyloidosis,"Patisiran (0.3 mg/kg IV), tafamidis (20 mg daily)","Biopsy (amyloid), genetic (TTR mutation), Congo red","Neuropathy, heart failure, organ dysfunction","Patisiran (0.3 milligrams/kg intravenous), tafamidis (20 milligrams daily) This treatment is prescribed based on the severity of the condition and should be followed as directed by a healthcare professional."
Heart Attack (Myocardial Infarction),"Aspirin (325 mg), PCI, heparin (80 units/kg IV)","ECG (ST elevation), troponin (>0.04 ng/mL), angiogram","Chest pain, dyspnea, nausea, sweating","Aspirin (325 milligrams), PCI, heparin (80 units/kg intravenous) This treatment is prescribed based on the severity of the condition and should be followed as directed by a healthcare professional."
PEComa,"Surgery, mTOR inhibitors (sirolimus 2 mg daily)","Biopsy (perivascular epithelioid cells), IHC (HMB45)","Mass, pain, variable site, often asymptomatic","Surgery, mTOR inhibitors (sirolimus 2 milligrams daily) This treatment is prescribed based on the severity of the condition and should be followed as directed by a healthcare professional."
Fredrickson Type IIb Hyperlipoproteinemia,"Statins (atorvastatin 40 mg), fibrates (gemfibrozil 600 mg)","Lipid panel (LDL >130, TG >150 mg/dL), apoB","Xanthomas, CAD risk, high LDL/TG","Statins (atorvastatin 40 milligrams), fibrates (gemfibrozil 600 milligrams) This treatment is prescribed based on the severity of the condition and should be followed as directed by a healthcare professional."
Celiac Disease (Gluten Enteropathy),"Glutenfree diet, vitamin supplements (B12)","AntitTG IgA, duodenal biopsy (villous atrophy)","Diarrhea, bloating, fatigue, malabsorption","Glutenfree diet, vitamin supplements (B12) This treatment is prescribed based on the severity of the condition and should be followed as directed by a healthcare professional."
Low Testosterone (2),"Testosterone injection (200 mg IM every 2 weeks), monitor","Free testosterone (<50 pg/mL), SHBG, pituitary MRI","Erectile dysfunction, low energy, mood swings","Testosterone injection (200 milligrams IM every 2 weeks), monitor This treatment is prescribed based on the severity of the condition and should be followed as directed by a healthcare professional."
Perioral Dermatitis,"Doxycycline (100 mg daily), stop topical steroids","Clinical exam, rule out rosacea, history (steroid use)","Red papules, itching, around mouth/nose","Doxycycline (100 milligrams daily), stop topical steroids This treatment is prescribed based on the severity of the condition and should be followed as directed by a healthcare professional."
Dupuytren Contracture,"Collagenase (0.58 mg injection), surgery (fasciectomy)","Clinical (palmar fascia thickening), tabletop test","Finger flexion, nodules, hand stiffness","Collagenase (0.58 milligrams injection), surgery (fasciectomy) This treatment is prescribed based on the severity of the condition and should be followed as directed by a healthcare professional."
Pyoderma Gangrenosum,"Prednisone (1 mg/kg daily), infliximab (5 mg/kg IV)","Clinical (pathergy), biopsy (neutrophilic), labs","Painful ulcers, violaceous borders, systemic disease","Prednisone (1 milligrams/kg daily), infliximab (5 milligrams/kg intravenous) This treatment is prescribed based on the severity of the condition and should be followed as directed by a healthcare professional."
Undifferentiated Connective Tissue Disease,"Hydroxychloroquine (200 mg daily), monitor progression","Labs (ANA, no specific Abs), clinical criteria","Fatigue, joint pain, Raynaud’s, ANA positive","Hydroxychloroquine (200 milligrams daily), monitor progression This treatment is prescribed based on the severity of the condition and should be followed as directed by a healthcare professional."
Hyperkalemia (High Potassium),"Calcium gluconate (10 mL IV), insulin/dextrose","Serum K+ (>5.5 mEq/L), ECG (peaked T waves)","Weakness, palpitations, arrhythmia risk","Calcium gluconate (10 mL intravenous), insulin/dextrose This treatment is prescribed based on the severity of the condition and should be followed as directed by a healthcare professional."
Optic Neuritis,"Methylprednisolone (1 g IV daily x3), treat MS","MRI (optic nerve enhancement), VEP, clinical","Vision loss, eye pain, color desaturation","Methylprednisolone (1 g intravenous daily x3), treat MS This treatment is prescribed based on the severity of the condition and should be followed as directed by a healthcare professional."
Plagiocephaly,"Repositioning, helmet therapy, monitor growth","Clinical exam, skull Xray (if severe), history","Flat head (infant), asymmetry, positional","Repositioning, helmet therapy, monitor growth This treatment is prescribed based on the severity of the condition and should be followed as directed by a healthcare professional."
Dandruff (Seborrhea),"Selenium sulfide shampoo (2.5%), ketoconazole","Clinical exam, rule out psoriasis, KOH (if fungal)","Scalp flaking, itching, oily skin","Selenium sulfide shampoo (2.5%), ketoconazole This treatment is prescribed based on the severity of the condition and should be followed as directed by a healthcare professional."
Coronary Artery Disease,"Aspirin (81 mg daily), statins (atorvastatin 40 mg), PCI","ECG (ischemia), stress test, coronary angiography","Chest pain, dyspnea, fatigue, nausea","Aspirin (81 milligrams daily), statins (atorvastatin 40 milligrams), PCI This treatment is prescribed based on the severity of the condition and should be followed as directed by a healthcare professional."
Osteomalacia,"Vitamin D (50,000 IU weekly), calcium (1000 mg)","Xray (pseudofractures), low vit D (<20 ng/mL)","Bone pain, fractures, muscle weakness","Vitamin D (50,000 IU weekly), calcium (1000 milligrams) This treatment is prescribed based on the severity of the condition and should be followed as directed by a healthcare professional."
Liver Disease,"Treat cause (e.g., abstinence), lactulose (30 mL)","LFTs (elevated), ultrasound (cirrhosis), biopsy","Jaundice, ascites, fatigue, confusion","Treat cause (e.g., abstinence), lactulose (30 mL) This treatment is prescribed based on the severity of the condition and should be followed as directed by a healthcare professional."
Emotional Intensity Disorder,"DBT, lamotrigine (100 mg daily), therapy","DSM5 (BPDlike), clinical interview, history","Mood swings, impulsivity, intense emotions","DBT, lamotrigine (100 milligrams daily), therapy This treatment is prescribed based on the severity of the condition and should be followed as directed by a healthcare professional."
Gram Negative Infection,"Antibiotics (ceftriaxone 1 g IV), fluids","Culture (e.g., E. coli), Gram stain, labs","Fever, sepsis, sitespecific (e.g., UTI), shock","Antibiotics (ceftriaxone 1 g intravenous), fluids This treatment is prescribed based on the severity of the condition and should be followed as directed by a healthcare professional."
Generalized Pustular Psoriasis,"Acitretin (25 mg daily), cyclosporine (3 mg/kg)","Clinical (von Zumbusch), biopsy, labs (WBC)","Widespread pustules, fever, skin redness","Acitretin (25 milligrams daily), cyclosporine (3 milligrams/kg) This treatment is prescribed based on the severity of the condition and should be followed as directed by a healthcare professional."
Alcohol Poisoning,"IV fluids, thiamine (100 mg IV), monitor airway","Blood alcohol (>300 mg/dL), clinical, glucose","Confusion, vomiting, hypothermia, respiratory depression","intravenous fluids, thiamine (100 milligrams intravenous), monitor airway This treatment is prescribed based on the severity of the condition and should be followed as directed by a healthcare professional."
Decubitus Ulcer,"Wound care, offloading, antibiotics (if infected)","Clinical (staging IIV), culture (if infected)","Pressure sores, pain, infection risk, immobility","Wound care, offloading, antibiotics (if infected) This treatment is prescribed based on the severity of the condition and should be followed as directed by a healthcare professional."
MPS IV (Mucopolysaccharidosis Type IV),"Elosulfase alfa (2 mg/kg IV weekly), supportive","Urine GAGs (keratan sulfate), enzyme assay (GALNS)","Skeletal dysplasia, joint stiffness, short stature","Elosulfase alfa (2 milligrams/kg intravenous weekly), supportive This treatment is prescribed based on the severity of the condition and should be followed as directed by a healthcare professional."
Auditory Processing Disorder (APD),"Auditory training, FM systems, accommodations","Audiology testing (APD battery), clinical history","Difficulty hearing in noise, delayed responses","Auditory training, FM systems, accommodations This treatment is prescribed based on the severity of the condition and should be followed as directed by a healthcare professional."
Patellar Tendinitis,"Rest, eccentric exercises, NSAIDs (ibuprofen 400 mg)","Clinical (patellar tenderness), ultrasound, Xray","Knee pain, tenderness, worse with jumping","Rest, eccentric exercises, NSAIDs (ibuprofen 400 milligrams) This treatment is prescribed based on the severity of the condition and should be followed as directed by a healthcare professional."
PMT (Premenstrual Syndrome),"SSRIs (fluoxetine 20 mg), OCP, lifestyle changes","Symptom diary, clinical history, rule out PMDD","Bloating, mood swings, fatigue, premenstrual","SSRIs (fluoxetine 20 milligrams), OCP, lifestyle changes This treatment is prescribed based on the severity of the condition and should be followed as directed by a healthcare professional."
Fibrocystic Breast Disease,"Pain relief (ibuprofen 400 mg), vitamin E (400 IU)","Ultrasound (cysts), mammogram, biopsy (if unclear)","Breast pain, lumps, cyclic changes","Pain relief (ibuprofen 400 milligrams), vitamin E (400 IU) This treatment is prescribed based on the severity of the condition and should be followed as directed by a healthcare professional."
Enterobiasis,"Mebendazole (100 mg single dose), hygiene","Tape test (Enterobius eggs), clinical history","Anal itching, insomnia, pinworm visibility","Mebendazole (100 milligrams single dose), hygiene This treatment is prescribed based on the severity of the condition and should be followed as directed by a healthcare professional."
Dry Mouth,"Saliva substitutes, pilocarpine (5 mg 3x daily)","Clinical exam, salivary flow test, rule out Sjögren’s","Dryness, sticky saliva, taste changes","Saliva substitutes, pilocarpine (5 milligrams 3 times a day) This treatment is prescribed based on the severity of the condition and should be followed as directed by a healthcare professional."
Chronic Otitis Media,"Antibiotic drops (ciprofloxacin), surgery (tympanoplasty)","Otoscopy (perforation), culture, CT (if mastoiditis)","Ear discharge, hearing loss, pain","Antibiotic drops (ciprofloxacin), surgery (tympanoplasty) This treatment is prescribed based on the severity of the condition and should be followed as directed by a healthcare professional."
Chronic Rhinitis (PostNasal Drip),"Nasal steroids (fluticasone), antihistamines","Clinical exam, allergy testing, sinus CT","Nasal congestion, drip, cough, throat clearing","Nasal steroids (fluticasone), antihistamines This treatment is prescribed based on the severity of the condition and should be followed as directed by a healthcare professional."
Cardiogenic Shock,"Inotropes (dobutamine 5 mcg/kg/min), revascularization","Echo (low EF), lactate (>2 mmol/L), cath","Hypotension, dyspnea, cold extremities, oliguria","Inotropes (dobutamine 5 micrograms/kg/min), revascularization This treatment is prescribed based on the severity of the condition and should be followed as directed by a healthcare professional."
Cerebellar Degeneration,"Physical therapy, treat cause (e.g., alcohol cessation)","MRI (cerebellar atrophy), genetic (e.g., SCA), neuro exam","Ataxia, dysarthria, tremor, balance issues","Physical therapy, treat cause (e.g., alcohol cessation) This treatment is prescribed based on the severity of the condition and should be followed as directed by a healthcare professional."
"Meningitis, Meningococcal","Ceftriaxone (2 g IV every 12 hrs), prophylaxis (rifampin)","CSF (Gramnegative diplococci), blood culture","Fever, headache, stiff neck, rash","Ceftriaxone (2 g intravenous every 12 hrs), prophylaxis (rifampin) This treatment is prescribed based on the severity of the condition and should be followed as directed by a healthcare professional."
High Blood Pressure,"Lisinopril (20 mg daily), lifestyle changes","BP (>130/80 mmHg), ambulatory monitoring","Often asymptomatic, headache, dizziness","Lisinopril (20 milligrams daily), lifestyle changes This treatment is prescribed based on the severity of the condition and should be followed as directed by a healthcare professional."
Tuberculous Esophagitis,"RIPE therapy (rifampin 600 mg), PPI","Endoscopy (ulcers), biopsy (AFB), sputum culture","Dysphagia, chest pain, weight loss, TB history","RIPE therapy (rifampin 600 milligrams), PPI This treatment is prescribed based on the severity of the condition and should be followed as directed by a healthcare professional."
Leg Pain,"Treat cause (e.g., gabapentin 300 mg), exercise","Clinical exam, Doppler (if vascular), imaging","Aching, cramping, variable cause (e.g., vascular)","Treat cause (e.g., gabapentin 300 milligrams), exercise This treatment is prescribed based on the severity of the condition and should be followed as directed by a healthcare professional."
Achilles Tendinitis,"Rest, heel lifts, NSAIDs (naproxen 500 mg)","Clinical (tenderness), ultrasound (thickening)","Heel pain, stiffness, swelling, worse with activity","Rest, heel lifts, NSAIDs (naproxen 500 milligrams) This treatment is prescribed based on the severity of the condition and should be followed as directed by a healthcare professional."
Middle East Respiratory Syndrome,"Supportive care, oxygen, isolation","RTPCR (MERSCoV), chest Xray (pneumonia)","Fever, cough, dyspnea, camel exposure","Supportive care, oxygen, isolation This treatment is prescribed based on the severity of the condition and should be followed as directed by a healthcare professional."
Gluteal Injury,"Rest, ice, physical therapy, pain relief","Clinical exam, MRI (if severe), Xray (fracture)","Buttock pain, bruising, limited motion","Rest, ice, physical therapy, pain relief This treatment is prescribed based on the severity of the condition and should be followed as directed by a healthcare professional."
Xerosis,"Moisturizers (ceramidebased), urea cream (10%)","Clinical exam, rule out thyroid/atopy, history","Dry, flaky skin, itching, cracking","Moisturizers (ceramidebased), urea cream (10%) This treatment is prescribed based on the severity of the condition and should be followed as directed by a healthcare professional."
Inflammatory Bowel Disease (IBD),"Mesalamine (2.4 g daily), infliximab (5 mg/kg IV)","Colonoscopy (ulcers), biopsy, fecal calprotectin","Diarrhea, abdominal pain, weight loss, fatigue","Mesalamine (2.4 g daily), infliximab (5 milligrams/kg intravenous) This treatment is prescribed based on the severity of the condition and should be followed as directed by a healthcare professional."
Teething,"Teething rings, acetaminophen (15 mg/kg PRN)","Clinical (erupting teeth), exam, history","Drooling, irritability, gum swelling (infants)","Teething rings, acetaminophen (15 milligrams/kg PRN) This treatment is prescribed based on the severity of the condition and should be followed as directed by a healthcare professional."
Ascaris,"Albendazole (400 mg single dose), supportive","Stool ova (Ascaris lumbricoides), CBC (eosinophilia)","Cough, abdominal pain, worms in stool","Albendazole (400 milligrams single dose), supportive This treatment is prescribed based on the severity of the condition and should be followed as directed by a healthcare professional."
Renal Angiomyolipoma,"Embolization, everolimus (10 mg daily), monitor","CT (fatcontaining), ultrasound, TSC link","Flank pain, hematuria, mass, often asymptomatic","Embolization, everolimus (10 milligrams daily), monitor This treatment is prescribed based on the severity of the condition and should be followed as directed by a healthcare professional."
CMV Gastroenteritis,"Ganciclovir (5 mg/kg IV), treat underlying","Biopsy (owl’s eye), CMV PCR (blood), endoscopy","Diarrhea, abdominal pain, fever, immunocompromised","Ganciclovir (5 milligrams/kg intravenous), treat underlying This treatment is prescribed based on the severity of the condition and should be followed as directed by a healthcare professional."
Malignant Disease,"Surgery, chemotherapy (e.g., cisplatin), radiation","Biopsy (cancer), imaging (CT/MRI), markers","Mass, weight loss, pain, organ dysfunction","Surgery, chemotherapy (e.g., cisplatin), radiation This treatment is prescribed based on the severity of the condition and should be followed as directed by a healthcare professional."
Gynecomastia,"Observation, tamoxifen (10 mg daily), surgery","Clinical exam, ultrasound, labs (testosterone)","Breast enlargement, tenderness, asymmetry","Observation, tamoxifen (10 milligrams daily), surgery This treatment is prescribed based on the severity of the condition and should be followed as directed by a healthcare professional."
Wheezing,"Albuterol (2.5 mg nebulized), treat cause (e.g., asthma)","Clinical (lung sounds), spirometry, chest Xray","Highpitched breathing, dyspnea, cough","Albuterol (2.5 milligrams nebulized), treat cause (e.g., asthma) This treatment is prescribed based on the severity of the condition and should be followed as directed by a healthcare professional."
Palmar Fibromatosis,"Surgery (fasciectomy), collagenase injection","Clinical (Dupuytrenlike), ultrasound, exam","Hand nodules, contractures, painless","Surgery (fasciectomy), collagenase injection This treatment is prescribed based on the severity of the condition and should be followed as directed by a healthcare professional."
Sialoadenitis,"Antibiotics (amoxicillin 500 mg), massage, hydration","Ultrasound (stone/inflammation), culture, sialography","Salivary gland swelling, pain, dry mouth","Antibiotics (amoxicillin 500 milligrams), massage, hydration This treatment is prescribed based on the severity of the condition and should be followed as directed by a healthcare professional."
Nutcracker Esophagus,"Calcium channel blockers (diltiazem 60 mg), nitrates","Manometry (hypercontractility), barium swallow","Chest pain, dysphagia, highpressure swallows","Calcium channel blockers (diltiazem 60 milligrams), nitrates This treatment is prescribed based on the severity of the condition and should be followed as directed by a healthcare professional."
Juvenile Absence Epilepsy,"Ethosuximide (250 mg twice daily), valproate","EEG (3 Hz spikewave), clinical history","Staring spells, brief unresponsiveness, childhood","Ethosuximide (250 milligrams twice daily), valproate This treatment is prescribed based on the severity of the condition and should be followed as directed by a healthcare professional."
Mild Cognitive Impairment (MCI),"Cognitive training, monitor, treat risks (e.g., HTN)","Cognitive testing (MoCA <26), MRI, history","Memory lapses, slowed thinking, preserved function","Cognitive training, monitor, treat risks (e.g., HTN) This treatment is prescribed based on the severity of the condition and should be followed as directed by a healthcare professional."
PregnancyInduced Hypertension,"Labetalol (200 mg twice daily), delivery (if severe)","BP monitoring, urine protein, labs (LFTs)","High BP (>140/90), edema, proteinuria (late)","Labetalol (200 milligrams twice daily), delivery (if severe) This treatment is prescribed based on the severity of the condition and should be followed as directed by a healthcare professional."
Gouty Nephropathy,"Allopurinol (300 mg daily), hydration","Uric acid (>7 mg/dL), ultrasound (stones), biopsy","Kidney stones, renal decline, gout history","Allopurinol (300 milligrams daily), hydration This treatment is prescribed based on the severity of the condition and should be followed as directed by a healthcare professional."
Benign Paroxysmal Positional Vertigo,"Epley maneuver, meclizine (25 mg PRN)","DixHallpike (nystagmus), clinical history","Brief vertigo, nausea, head position triggers","Epley maneuver, meclizine (25 milligrams PRN) This treatment is prescribed based on the severity of the condition and should be followed as directed by a healthcare professional."
High Blood Pressure (2),"Amlodipine (5 mg daily), diet (low salt)","BP (>130/80 mmHg), ECG, renal function","Blurred vision, fatigue, nosebleeds (rare)","Amlodipine (5 milligrams daily), diet (low salt) This treatment is prescribed based on the severity of the condition and should be followed as directed by a healthcare professional."
Partial Thyroidectomy,"Levothyroxine (1.6 mcg/kg daily), monitor","Postop TSH (>4 mIU/L), ultrasound, exam","Postop neck pain, hypothyroidism risk","Levothyroxine (1.6 micrograms/kg daily), monitor This treatment is prescribed based on the severity of the condition and should be followed as directed by a healthcare professional."
Rift Valley Fever,"Supportive care, ribavirin (experimental), isolation","RTPCR (RVFV), serology, clinical history","Fever, headache, hemorrhage, livestock exposure","Supportive care, ribavirin (experimental), isolation This treatment is prescribed based on the severity of the condition and should be followed as directed by a healthcare professional."
Swollen Joint,"Treat cause (e.g., colchicine for gout), NSAIDs","Aspiration (e.g., crystals), Xray, labs (ESR)","Joint swelling, pain, warmth, stiffness","Treat cause (e.g., colchicine for gout), NSAIDs This treatment is prescribed based on the severity of the condition and should be followed as directed by a healthcare professional."
RatBite Fever,"Penicillin G (2 MU IV every 4 hrs), doxycycline","Culture (Streptobacillus), serology, PCR","Fever, rash, joint pain, bite history","Penicillin G (2 MU intravenous every 4 hrs), doxycycline This treatment is prescribed based on the severity of the condition and should be followed as directed by a healthcare professional."
Postcardiotomy Pericarditis,"NSAIDs (ibuprofen 600 mg 3x daily), colchicine","Echo (effusion), ECG (PR depression), CRP","Chest pain, fever, postcardiac surgery","NSAIDs (ibuprofen 600 milligrams 3 times a day), colchicine This treatment is prescribed based on the severity of the condition and should be followed as directed by a healthcare professional."
Inflammatory Breast Cancer,"Chemo (ACT), mastectomy, radiation","Biopsy (dermal invasion), mammogram, staging","Breast redness, swelling, peau d’orange, rapid onset","Chemo (ACT), mastectomy, radiation This treatment is prescribed based on the severity of the condition and should be followed as directed by a healthcare professional."
IBM (Inclusion Body Myositis),"Physical therapy, supportive, no cure","Biopsy (rimmed vacuoles), EMG, CK (mildly high)","Muscle weakness, atrophy, dysphagia","Physical therapy, supportive, no cure This treatment is prescribed based on the severity of the condition and should be followed as directed by a healthcare professional."
Food Poisoning,"Hydration, antiemetics (ondansetron 8 mg), rest","Stool culture (e.g., Salmonella), clinical history","Nausea, vomiting, diarrhea, fever","Hydration, antiemetics (ondansetron 8 milligrams), rest This treatment is prescribed based on the severity of the condition and should be followed as directed by a healthcare professional."
AlcoholInduced Sleep Disorder,"Abstinence, CBTI, trazodone (50 mg nightly)","Clinical history (alcohol use), polysomnography","Insomnia, fragmented sleep, night sweats","Abstinence, CBTI, trazodone (50 milligrams nightly) This treatment is prescribed based on the severity of the condition and should be followed as directed by a healthcare professional."
Cervical Disc Herniation,"Physical therapy, epidural steroid, surgery (ACDF)","MRI (disc protrusion), EMG, clinical exam","Neck pain, arm numbness, weakness","Physical therapy, epidural steroid, surgery (ACDF) This treatment is prescribed based on the severity of the condition and should be followed as directed by a healthcare professional."
Angiostrongylosis,"Supportive care, albendazole (400 mg), steroids","CSF (eosinophils), serology (A. cantonensis)","Headache, meningitis, eosinophilia, snail ingestion","Supportive care, albendazole (400 milligrams), steroids This treatment is prescribed based on the severity of the condition and should be followed as directed by a healthcare professional."
Polycystic Ovary Syndrome (PCOS),"Metformin (500 mg twice daily), OCP, weight loss","Rotterdam criteria, ultrasound (cysts), LH/FSH","Irregular periods, hirsutism, acne, infertility","Metformin (500 milligrams twice daily), OCP, weight loss This treatment is prescribed based on the severity of the condition and should be followed as directed by a healthcare professional."
HGPS (HutchinsonGilford Syndrome),"Lonafarnib (150 mg/m²), supportive care","Genetic (LMNA mutation), clinical (progeroid)","Aging signs, hair loss, growth failure, infancy","Lonafarnib (150 milligrams/m²), supportive care This treatment is prescribed based on the severity of the condition and should be followed as directed by a healthcare professional."
SalpingoOophorectomy,"HRT (estradiol 1 mg), pain relief, monitor","Postop ultrasound, labs (FSH), clinical exam","Postop pelvic pain, menopause symptoms","HRT (estradiol 1 milligrams), pain relief, monitor This treatment is prescribed based on the severity of the condition and should be followed as directed by a healthcare professional."
Nondiabetic Hyperglycemia,"Treat cause (e.g., steroids), diet, monitor","Glucose (>125 mg/dL fasting), rule out DM, stress test","Fatigue, thirst, glucose spikes, no DM","Treat cause (e.g., steroids), diet, monitor This treatment is prescribed based on the severity of the condition and should be followed as directed by a healthcare professional."
Thiamine Deficiency,"Thiamine (100 mg IV daily), magnesium","Serum thiamine (<70 nmol/L), clinical (Wernicke’s)","Confusion, neuropathy, heart failure, alcohol use","Thiamine (100 milligrams intravenous daily), magnesium This treatment is prescribed based on the severity of the condition and should be followed as directed by a healthcare professional."
Quadriceps Injury,"Rest, physical therapy, surgery (if severe)","Clinical (strength loss), MRI (tear), ultrasound","Thigh pain, weakness, swelling, trauma","Rest, physical therapy, surgery (if severe) This treatment is prescribed based on the severity of the condition and should be followed as directed by a healthcare professional."
Collagen Vascular Disease,"Prednisone (1 mg/kg), hydroxychloroquine (200 mg)","ANA positive, specific Abs (e.g., antidsDNA), biopsy","Joint pain, rash, fatigue, systemic involvement","Prednisone (1 milligrams/kg), hydroxychloroquine (200 milligrams) This treatment is prescribed based on the severity of the condition and should be followed as directed by a healthcare professional."
Finger Sprain,"Buddy taping, ice, NSAIDs (ibuprofen 400 mg)","Clinical (joint laxity), Xray (rule out fracture)","Finger pain, swelling, stiffness, injury","Buddy taping, ice, NSAIDs (ibuprofen 400 milligrams) This treatment is prescribed based on the severity of the condition and should be followed as directed by a healthcare professional."
Amoebic Infection,"Metronidazole (750 mg 3x daily), paromomycin","Stool antigen (Entamoeba), ultrasound (abscess)","Diarrhea, liver abscess, fever, travel history","Metronidazole (750 milligrams 3 times a day), paromomycin This treatment is prescribed based on the severity of the condition and should be followed as directed by a healthcare professional."
Postural Tachycardia Syndrome,"Fluids/salt, midodrine (5 mg 3x daily), compression","Tilt table (HR rise >30 bpm), rule out dehydration","Dizziness, tachycardia, fatigue, standing trigger","Fluids/salt, midodrine (5 milligrams 3 times a day), compression This treatment is prescribed based on the severity of the condition and should be followed as directed by a healthcare professional."
"Lyme Disease, Carditis","Doxycycline (100 mg twice daily), pacemaker (if severe)","ECG (AV block), Lyme serology, PCR","Heart block, fatigue, rash, tick bite","Doxycycline (100 milligrams twice daily), pacemaker (if severe) This treatment is prescribed based on the severity of the condition and should be followed as directed by a healthcare professional."
Vascular Dementia,"BP control (lisinopril 20 mg), aspirin (81 mg)","MRI (infarcts), cognitive testing, vascular risk","Memory loss, confusion, stepwise decline","BP control (lisinopril 20 milligrams), aspirin (81 milligrams) This treatment is prescribed based on the severity of the condition and should be followed as directed by a healthcare professional."
Vocal Cord Paralysis,"Voice therapy, medialization surgery, treat cause","Laryngoscopy (immobile cord), CT (cause)","Hoarseness, weak voice, aspiration risk","Voice therapy, medialization surgery, treat cause This treatment is prescribed based on the severity of the condition and should be followed as directed by a healthcare professional."
Zinc Deficiency,"Zinc sulfate (220 mg daily), dietary improvement","Serum zinc (<70 mcg/dL), clinical history","Hair loss, poor wound healing, taste changes","Zinc sulfate (220 milligrams daily), dietary improvement This treatment is prescribed based on the severity of the condition and should be followed as directed by a healthcare professional."
Impulsive Personality Disorder,"CBT, mood stabilizers (lithium 300 mg twice daily)","DSM5 (e.g., BPD), clinical interview, history","Impulsivity, aggression, unstable mood","CBT, mood stabilizers (lithium 300 milligrams twice daily) This treatment is prescribed based on the severity of the condition and should be followed as directed by a healthcare professional."
Cyst,"Observation, aspiration, surgery (if symptomatic)","Ultrasound (fluidfilled), biopsy (if unclear)","Lump, pain (if large), variable site","Observation, aspiration, surgery (if symptomatic) This treatment is prescribed based on the severity of the condition and should be followed as directed by a healthcare professional."
Somatic Symptom Disorder,"CBT, SSRIs (citalopram 20 mg daily), reassurance","DSM5, clinical history, rule out organic","Excessive worry, physical complaints, distress","CBT, SSRIs (citalopram 20 milligrams daily), reassurance This treatment is prescribed based on the severity of the condition and should be followed as directed by a healthcare professional."
Itchy Skin (Pruritus),"Antihistamines (hydroxyzine 25 mg), treat cause","Clinical exam, labs (liver, kidney), biopsy","Itching, scratching, variable cause","Antihistamines (hydroxyzine 25 milligrams), treat cause This treatment is prescribed based on the severity of the condition and should be followed as directed by a healthcare professional."
Bronchiolitis,"Supportive care, oxygen, nebulized saline","Clinical (RSV season), chest Xray, viral swab","Wheezing, cough, respiratory distress (infants)","Supportive care, oxygen, nebulized saline This treatment is prescribed based on the severity of the condition and should be followed as directed by a healthcare professional."
Pavor Nocturnus,"Reassurance, sleep hygiene, clonazepam (rare)","Clinical history, polysomnography (if severe)","Night terrors, screaming, no recall, childhood","Reassurance, sleep hygiene, clonazepam (rare) This treatment is prescribed based on the severity of the condition and should be followed as directed by a healthcare professional."
Dermatological Disorders,"Treat specific (e.g., steroids, antifungals), moisturizers","Clinical exam, biopsy, patch testing (if allergic)","Rash, itching, lesions, variable pattern","Treat specific (e.g., steroids, antifungals), moisturizers This treatment is prescribed based on the severity of the condition and should be followed as directed by a healthcare professional."
Narcissistic Personality Disorder,"Psychotherapy (insightfocused), no specific meds","DSM5, clinical interview, personality assessment","Grandiosity, lack of empathy, need for admiration","Psychotherapy (insightfocused), no specific meds This treatment is prescribed based on the severity of the condition and should be followed as directed by a healthcare professional."
HAMRSA (MethicillinResistant Staphylococcus aureus Infection),"Vancomycin (15 mg/kg IV), drainage, isolation","Culture (MRSA), wound swab, clinical exam","Skin infection, fever, abscess, sepsis risk","Vancomycin (15 milligrams/kg intravenous), drainage, isolation This treatment is prescribed based on the severity of the condition and should be followed as directed by a healthcare professional."
DepersonalizationDerealization Disorder,"CBT, SSRIs (if comorbid), grounding techniques","DSM5, clinical interview, rule out neuro","Detachment, unreality, distress, intact reality testing","CBT, SSRIs (if comorbid), grounding techniques This treatment is prescribed based on the severity of the condition and should be followed as directed by a healthcare professional."
Skin Lumps,"Observation, excision (if cancerous), treat cause","Clinical exam, ultrasound, biopsy (if suspicious)","Bumps, variable size/pain, benign or malignant","Observation, excision (if cancerous), treat cause This treatment is prescribed based on the severity of the condition and should be followed as directed by a healthcare professional."
RA (Rheumatoid Arthritis),"Methotrexate (15 mg weekly), adalimumab (40 mg SC)","RF/antiCCP positive, Xray (erosions), ESR","Joint pain, swelling, morning stiffness, fatigue","Methotrexate (15 milligrams weekly), adalimumab (40 milligrams SC) This treatment is prescribed based on the severity of the condition and should be followed as directed by a healthcare professional."
Aplastic Anemia,"ATG (40 mg/kg IV), cyclosporine, transplant","Bone marrow biopsy (hypocellular), CBC","Fatigue, bruising, infections, pancytopenia","ATG (40 milligrams/kg intravenous), cyclosporine, transplant This treatment is prescribed based on the severity of the condition and should be followed as directed by a healthcare professional."
Human Granulocytic Anaplasmosis,"Doxycycline (100 mg twice daily), supportive","PCR (Anaplasma), morulae in WBCs, serology","Fever, myalgia, headache, tick exposure","Doxycycline (100 milligrams twice daily), supportive This treatment is prescribed based on the severity of the condition and should be followed as directed by a healthcare professional."
HME (Ehrlichiosis),"Doxycycline (100 mg twice daily), hydration","Serology (E. chaffeensis), PCR, CBC (leukopenia)","Fever, chills, fatigue, tick bite history","Doxycycline (100 milligrams twice daily), hydration This treatment is prescribed based on the severity of the condition and should be followed as directed by a healthcare professional."
Bladder Calculi,"Cystolitholapaxy, hydration, treat infection","Ultrasound (stones), cystoscopy, urinalysis","Dysuria, hematuria, lower abdominal pain","Cystolitholapaxy, hydration, treat infection This treatment is prescribed based on the severity of the condition and should be followed as directed by a healthcare professional."
Infant Apnea,"Caffeine citrate (20 mg/kg), monitor, treat cause","Polysomnography, clinical history, rule out sepsis","Breathing pauses, cyanosis, bradycardia (infants)","Caffeine citrate (20 milligrams/kg), monitor, treat cause This treatment is prescribed based on the severity of the condition and should be followed as directed by a healthcare professional."
Trichuris trichiura,"Mebendazole (100 mg twice daily x3 days), iron","Stool ova (whipworm), CBC (eosinophilia)","Abdominal pain, diarrhea, anemia, rectal prolapse","Mebendazole (100 milligrams twice daily x3 days), iron This treatment is prescribed based on the severity of the condition and should be followed as directed by a healthcare professional."
Cyclic Vomiting Syndrome (CVS) (2),"Sumatriptan (25 mg), IV fluids, prophylaxis (cyproheptadine)","Clinical (episodic), rule out metabolic/GI, history","Recurrent vomiting, pallor, lethargy, triggers","Sumatriptan (25 milligrams), intravenous fluids, prophylaxis (cyproheptadine) This treatment is prescribed based on the severity of the condition and should be followed as directed by a healthcare professional."
Plague (Disease),"Streptomycin (1 g IM twice daily), isolation","Culture (Yersinia pestis), PCR, serology","Fever, buboes, sepsis, flea exposure","Streptomycin (1 g IM twice daily), isolation This treatment is prescribed based on the severity of the condition and should be followed as directed by a healthcare professional."
Rheumatic Diseases,"NSAIDs (naproxen 500 mg), DMARDs (specific)","Labs (e.g., RF, ANA), imaging, clinical criteria","Joint pain, stiffness, systemic symptoms","NSAIDs (naproxen 500 milligrams), DMARDs (specific) This treatment is prescribed based on the severity of the condition and should be followed as directed by a healthcare professional."
Norwalk Virus,"Oral rehydration, supportive care, antiemetics","Stool PCR (norovirus), clinical history","Vomiting, diarrhea, cramps, fever","Oral rehydration, supportive care, antiemetics This treatment is prescribed based on the severity of the condition and should be followed as directed by a healthcare professional."
Cystocele,"Pessary, surgery (anterior repair), pelvic exercises","Pelvic exam (prolapse), urodynamics, ultrasound","Pelvic bulge, urinary issues, pressure","Pessary, surgery (anterior repair), pelvic exercises This treatment is prescribed based on the severity of the condition and should be followed as directed by a healthcare professional."
Primary Nocturnal Enuresis,"Desmopressin (0.2 mg nightly), bedwetting alarm","Clinical history, rule out UTI/neuro, bladder diary","Bedwetting, no daytime issues, childhood","Desmopressin (0.2 milligrams nightly), bedwetting alarm This treatment is prescribed based on the severity of the condition and should be followed as directed by a healthcare professional."
Intrauterine Growth Restriction,"Monitor, maternal nutrition, early delivery (if severe)","Ultrasound (EFW <10th percentile), Doppler","Small fetus, poor growth, pregnancy","Monitor, maternal nutrition, early delivery (if severe) This treatment is prescribed based on the severity of the condition and should be followed as directed by a healthcare professional."
Porphyria Cutanea Tarda,"Phlebotomy, hydroxychloroquine (100 mg twice weekly)","Urine porphyrins (>300 mcg/L), ferritin, biopsy","Blisters, skin fragility, hyperpigmentation","Phlebotomy, hydroxychloroquine (100 milligrams twice weekly) This treatment is prescribed based on the severity of the condition and should be followed as directed by a healthcare professional."
Cholestatic Pruritus in Alagille Syndrome,"Ursodiol (15 mg/kg daily), rifampin (10 mg/kg)","Genetic (JAG1), LFTs (high bile acids), biopsy","Itching, jaundice, liver disease, genetic","Ursodiol (15 milligrams/kg daily), rifampin (10 milligrams/kg) This treatment is prescribed based on the severity of the condition and should be followed as directed by a healthcare professional."
Tularemia,"Streptomycin (1 g IM twice daily), doxycycline","Serology (F. tularensis), culture, PCR","Fever, ulcer, lymphadenopathy, animal exposure","Streptomycin (1 g IM twice daily), doxycycline This treatment is prescribed based on the severity of the condition and should be followed as directed by a healthcare professional."
Bacterial Overgrowth Syndrome,"Rifaximin (550 mg 3x daily), probiotics","Hydrogen breath test, small bowel culture","Bloating, diarrhea, malabsorption, fatigue","Rifaximin (550 milligrams 3 times a day), probiotics This treatment is prescribed based on the severity of the condition and should be followed as directed by a healthcare professional."
Polymyalgia Rheumatica (PMR),"Prednisone (15 mg daily), taper slowly","Labs (ESR >40 mm/hr), clinical, rule out GCA","Shoulder/hip stiffness, fatigue, high ESR","Prednisone (15 milligrams daily), taper slowly This treatment is prescribed based on the severity of the condition and should be followed as directed by a healthcare professional."
Bell’s Palsy (Facial Nerve Problems),"Prednisone (60 mg daily), antiviral (valacyclovir)","Clinical (unilateral), rule out stroke (MRI)","Facial weakness, drooping, taste changes","Prednisone (60 milligrams daily), antiviral (valacyclovir) This treatment is prescribed based on the severity of the condition and should be followed as directed by a healthcare professional."
Toe Fracture,"Buddy taping, rest, analgesics (ibuprofen 400 mg)","Xray (fracture line), clinical exam","Toe pain, swelling, bruising, deformity","Buddy taping, rest, analgesics (ibuprofen 400 milligrams) This treatment is prescribed based on the severity of the condition and should be followed as directed by a healthcare professional."
Nephrogenic Systemic Fibrosis,"Avoid gadolinium, supportive, PT for mobility","Biopsy (fibrosis), clinical (CKD + contrast)","Skin thickening, joint stiffness, gadolinium exposure","Avoid gadolinium, supportive, PT for mobility This treatment is prescribed based on the severity of the condition and should be followed as directed by a healthcare professional."
Primary Adrenocortical Insufficiency,"Hydrocortisone (20 mg AM), fludrocortisone (0.1 mg)","ACTH stim test (cortisol <18 mcg/dL), ACTH high","Fatigue, hypotension, hyperpigmentation","Hydrocortisone (20 milligrams AM), fludrocortisone (0.1 milligrams) This treatment is prescribed based on the severity of the condition and should be followed as directed by a healthcare professional."
Hypercalcemia of Malignancy,"Zoledronate (4 mg IV), fluids (NS 2 L)","Serum Ca+ (>10.5 mg/dL), PTHrP, imaging (cancer)","Confusion, thirst, nausea, high calcium","Zoledronate (4 milligrams intravenous), fluids (NS 2 L) This treatment is prescribed based on the severity of the condition and should be followed as directed by a healthcare professional."
Hypercoagulation,"Anticoagulation (warfarin INR 23), treat cause","Labs (e.g., factor V Leiden), Ddimer, history","Clots (DVT/PE), family history, miscarriage","Anticoagulation (warfarin INR 23), treat cause This treatment is prescribed based on the severity of the condition and should be followed as directed by a healthcare professional."
Alcoholism,"Naltrexone (50 mg daily), therapy, detox","DSM5, AUDIT score, liver enzymes (GGT)","Craving, withdrawal, tolerance, organ damage","Naltrexone (50 milligrams daily), therapy, detox This treatment is prescribed based on the severity of the condition and should be followed as directed by a healthcare professional."
Primary Immunoglobulin A Nephropathy,"ACE inhibitors (lisinopril 20 mg), fish oil (3 g)","Biopsy (IgA deposits), urine protein, labs","Hematuria, proteinuria, hypertension","ACE inhibitors (lisinopril 20 milligrams), fish oil (3 g) This treatment is prescribed based on the severity of the condition and should be followed as directed by a healthcare professional."
Cyclical Vomiting Syndrome (3),"IV hydration, topiramate (50 mg daily), antiemetics","Clinical (recurrent), metabolic screen, history","Periodic vomiting, dehydration, headache","intravenous hydration, topiramate (50 milligrams daily), antiemetics This treatment is prescribed based on the severity of the condition and should be followed as directed by a healthcare professional."
Diplopia,"Treat cause (e.g., prism glasses), surgery (if cranial)","Clinical (eye exam), MRI (if neuro), history","Double vision, eye misalignment, variable cause","Treat cause (e.g., prism glasses), surgery (if cranial) This treatment is prescribed based on the severity of the condition and should be followed as directed by a healthcare professional."
Leg Pain (2),"Pentoxifylline (400 mg 3x daily), treat specific","Doppler (PAD), MRI (nerve/spine), exam","Chronic ache, numbness, worse with activity","Pentoxifylline (400 milligrams 3 times a day), treat specific This treatment is prescribed based on the severity of the condition and should be followed as directed by a healthcare professional."
Cough and Nasal Congestion,"Decongestants (pseudoephedrine 60 mg), saline spray","Clinical (URI), sinus Xray (if chronic), allergy test","Cough, stuffy nose, postnasal drip","Decongestants (pseudoephedrine 60 milligrams), saline spray This treatment is prescribed based on the severity of the condition and should be followed as directed by a healthcare professional."
Larynx Cancer (Throat Cancer),"Surgery (laryngectomy), radiation, cisplatin","Laryngoscopy (mass), biopsy, CT staging","Hoarseness, dysphagia, neck mass, ear pain","Surgery (laryngectomy), radiation, cisplatin This treatment is prescribed based on the severity of the condition and should be followed as directed by a healthcare professional."
Pleural Empyema,"Chest tube, antibiotics (ceftriaxone 1 g IV), surgery","Chest CT (fluid), thoracentesis (pus), culture","Fever, chest pain, dyspnea, infection","Chest tube, antibiotics (ceftriaxone 1 g intravenous), surgery This treatment is prescribed based on the severity of the condition and should be followed as directed by a healthcare professional."
Kidney Stones (Nephrolithiasis),"Hydration, tamsulosin (0.4 mg daily), lithotripsy","CT (stone size/location), urinalysis (crystals)","Flank pain, hematuria, nausea, urinary urgency","Hydration, tamsulosin (0.4 milligrams daily), lithotripsy This treatment is prescribed based on the severity of the condition and should be followed as directed by a healthcare professional."
Sporotrichosis,"Itraconazole (200 mg daily), potassium iodide","Culture (Sporothrix schenckii), biopsy, history","Skin nodules, ulcers, lymphangitis, rose exposure","Itraconazole (200 milligrams daily), potassium iodide This treatment is prescribed based on the severity of the condition and should be followed as directed by a healthcare professional."
Nerve Agent Poisoning,"Atropine (2 mg IV), pralidoxime (1 g IV), supportive","Clinical (SLUDGE), cholinesterase levels, exposure","Miosis, salivation, seizures, respiratory failure","Atropine (2 milligrams intravenous), pralidoxime (1 g intravenous), supportive This treatment is prescribed based on the severity of the condition and should be followed as directed by a healthcare professional."
Alcoholic Dementia,"Thiamine (100 mg IV), abstinence, cognitive support","MRI (cerebral atrophy), MMSE, thiamine levels","Memory loss, confusion, ataxia, alcohol history","Thiamine (100 milligrams intravenous), abstinence, cognitive support This treatment is prescribed based on the severity of the condition and should be followed as directed by a healthcare professional."
Myoclonus,"Clonazepam (0.5 mg twice daily), treat cause","EEG (spikes), EMG, MRI (if structural)","Sudden jerks, variable cause, sleeprelated","Clonazepam (0.5 milligrams twice daily), treat cause This treatment is prescribed based on the severity of the condition and should be followed as directed by a healthcare professional."
Eyelid Swelling,"Antihistamines (cetirizine 10 mg), treat specific","Clinical exam, allergy testing, imaging (if mass)","Puffy eyelids, redness, pain, variable cause","Antihistamines (cetirizine 10 milligrams), treat specific This treatment is prescribed based on the severity of the condition and should be followed as directed by a healthcare professional."
Chronic Motor Tic Disorder,"Habit reversal therapy, clonidine (0.1 mg twice daily)","DSM5, clinical history, rule out Tourette’s","Repetitive tics, involuntary movements, chronic","Habit reversal therapy, clonidine (0.1 milligrams twice daily) This treatment is prescribed based on the severity of the condition and should be followed as directed by a healthcare professional."
Stapedectomy,"Pain relief (acetaminophen 1 g), monitor hearing","Audiometry (postop), clinical exam, CT","Postop hearing change, dizziness, ear pain","Pain relief (acetaminophen 1 g), monitor hearing This treatment is prescribed based on the severity of the condition and should be followed as directed by a healthcare professional."
Carcinoid Tumor,"Octreotide (100 mcg SC 3x daily), surgery","Urine 5HIAA (>25 mg/24h), octreoscan, biopsy","Flushing, diarrhea, wheezing, heart valve issues","Octreotide (100 micrograms SC 3 times a day), surgery This treatment is prescribed based on the severity of the condition and should be followed as directed by a healthcare professional."
Cerebral Abscess,"Antibiotics (ceftriaxone 2 g IV), surgery (drainage)","MRI/CT (ringenhancing), culture, LP (if safe)","Headache, fever, focal deficits, seizures","Antibiotics (ceftriaxone 2 g intravenous), surgery (drainage) This treatment is prescribed based on the severity of the condition and should be followed as directed by a healthcare professional."
Diabetic Foot Ulcer,"Debridement, antibiotics (amoxicillin 875 mg), offloading","Clinical (Wagner grade), Xray (osteomyelitis)","Foot sores, infection, poor healing, DM history","Debridement, antibiotics (amoxicillin 875 milligrams), offloading This treatment is prescribed based on the severity of the condition and should be followed as directed by a healthcare professional."
Ischemic Stroke,"tPA (0.9 mg/kg IV), aspirin (81 mg), rehab","CT/MRI (infarct), NIHSS, angiography","Weakness, aphasia, vision loss, sudden onset","tPA (0.9 milligrams/kg intravenous), aspirin (81 milligrams), rehab This treatment is prescribed based on the severity of the condition and should be followed as directed by a healthcare professional."
Salmonella Extraintestinal Infection,"Ceftriaxone (1 g IV daily), drainage (if needed)","Blood culture (Salmonella), imaging (abscess)","Fever, focal pain (e.g., bone), bacteremia","Ceftriaxone (1 g intravenous daily), drainage (if needed) This treatment is prescribed based on the severity of the condition and should be followed as directed by a healthcare professional."
Bird Flu,"Oseltamivir (75 mg twice daily), supportive care","RTPCR (H5N1), chest Xray (pneumonia)","Fever, cough, respiratory distress, bird exposure","Oseltamivir (75 milligrams twice daily), supportive care This treatment is prescribed based on the severity of the condition and should be followed as directed by a healthcare professional."
Severe Acute Respiratory Syndrome (SARS),"Supportive care, oxygen, isolation","RTPCR (SARSCoV), chest CT (groundglass)","Fever, dry cough, dyspnea, travel history","Supportive care, oxygen, isolation This treatment is prescribed based on the severity of the condition and should be followed as directed by a healthcare professional."
Anemia of Chronic Disease,"Treat underlying, EPO (if severe), iron (if low)","CBC (normocytic), ferritin (high), TIBC (low)","Fatigue, pallor, chronic illness (e.g., RA)","Treat underlying, EPO (if severe), iron (if low) This treatment is prescribed based on the severity of the condition and should be followed as directed by a healthcare professional."
Drusen,"Observation, AREDS vitamins (if AMD risk)","Fundoscopy (yellow deposits), OCT, exam","Often asymptomatic, blurred vision, AMD risk","Observation, AREDS vitamins (if AMD risk) This treatment is prescribed based on the severity of the condition and should be followed as directed by a healthcare professional."
Streptococcal Pharyngitis,"Penicillin V (500 mg twice daily), amoxicillin","Rapid strep test, throat culture (S. pyogenes)","Sore throat, fever, tonsillar exudate, no cough","Penicillin V (500 milligrams twice daily), amoxicillin This treatment is prescribed based on the severity of the condition and should be followed as directed by a healthcare professional."
Lichen Sclerosus,"Clobetasol (0.05% cream), monitor for malignancy","Clinical exam, biopsy (atrophy), rule out SCC","White patches, itching, genital skin thinning","Clobetasol (0.05% cream), monitor for malignancy This treatment is prescribed based on the severity of the condition and should be followed as directed by a healthcare professional."
Infantile Hemangioendothelioma,"Propranolol (2 mg/kg daily), surgery (if severe)","Ultrasound (vascular), biopsy, AFP (if unclear)","Liver mass, heart failure, infancy, skin lesions","Propranolol (2 milligrams/kg daily), surgery (if severe) This treatment is prescribed based on the severity of the condition and should be followed as directed by a healthcare professional."
Nocturnal Polyuria,"Desmopressin (0.1 mg nightly), treat cause","Voiding diary, urine osmolality, bladder scan","Nighttime urination, sleep disruption, edema","Desmopressin (0.1 milligrams nightly), treat cause This treatment is prescribed based on the severity of the condition and should be followed as directed by a healthcare professional."
Parotidectomy,"Pain relief (ibuprofen 400 mg), nerve monitoring","Postop exam, imaging (if complications), labs","Postop swelling, facial weakness, pain","Pain relief (ibuprofen 400 milligrams), nerve monitoring This treatment is prescribed based on the severity of the condition and should be followed as directed by a healthcare professional."
Postoperative Pain,"Opioids (morphine 2 mg IV), NSAIDs, multimodal","Clinical (postop), pain scale (VAS), exam","Pain at surgical site, variable intensity","Opioids (morphine 2 milligrams intravenous), NSAIDs, multimodal This treatment is prescribed based on the severity of the condition and should be followed as directed by a healthcare professional."
Dyspepsia (Indigestion),"PPI (omeprazole 20 mg daily), H. pylori test","Clinical (Rome IV), endoscopy (if alarm signs)","Epigastric pain, bloating, nausea, fullness","PPI (omeprazole 20 milligrams daily), H. pylori test This treatment is prescribed based on the severity of the condition and should be followed as directed by a healthcare professional."
Tetraplegia,"Stabilization, rehab, baclofen (10 mg 3x daily)","MRI (cord injury), neuro exam, trauma history","Quadriplegia, sensory loss, bowel/bladder issues","Stabilization, rehab, baclofen (10 milligrams 3 times a day) This treatment is prescribed based on the severity of the condition and should be followed as directed by a healthcare professional."
Diabetes and Eye Disease,"Laser (PRP), antiVEGF (ranibizumab), glucose control","Fundoscopy (retinopathy), HbA1c, OCT","Blurred vision, floaters, DM history","Laser (PRP), antiVEGF (ranibizumab), glucose control This treatment is prescribed based on the severity of the condition and should be followed as directed by a healthcare professional."
Boxer Fracture,"Splinting, reduction (if angulated), analgesics","Xray (fracture), clinical (punch injury)","Hand pain, swelling, deformity (5th metacarpal)","Splinting, reduction (if angulated), analgesics This treatment is prescribed based on the severity of the condition and should be followed as directed by a healthcare professional."
Tension Headache in Children,"Ibuprofen (10 mg/kg), stress management","Clinical (ICHD3), history, rule out migraine","Bilateral head pain, tightness, no nausea","Ibuprofen (10 milligrams/kg), stress management This treatment is prescribed based on the severity of the condition and should be followed as directed by a healthcare professional."
Nephropathic Cystinosis,"Cysteamine (60 mg/kg daily), renal transplant","Corneal cystine crystals, urine cystine, genetic","Renal failure, photophobia, growth delay","Cysteamine (60 milligrams/kg daily), renal transplant This treatment is prescribed based on the severity of the condition and should be followed as directed by a healthcare professional."
Blastocystis Infection,"Metronidazole (500 mg 3x daily), supportive","Stool microscopy (Blastocystis), PCR","Diarrhea, bloating, fatigue, often asymptomatic","Metronidazole (500 milligrams 3 times a day), supportive This treatment is prescribed based on the severity of the condition and should be followed as directed by a healthcare professional."
Cholelithiasis with Acute Cholecystitis,"Cholecystectomy, antibiotics (ceftriaxone 1 g)","Ultrasound (stones/thickening), labs (WBC)","RUQ pain, fever, nausea, Murphy’s sign","Cholecystectomy, antibiotics (ceftriaxone 1 g) This treatment is prescribed based on the severity of the condition and should be followed as directed by a healthcare professional."
Choroiditis,"Steroids (prednisone 1 mg/kg), treat cause","Fundoscopy (lesions), FA, rule out infection","Vision blur, floaters, eye pain, inflammation","Steroids (prednisone 1 milligrams/kg), treat cause This treatment is prescribed based on the severity of the condition and should be followed as directed by a healthcare professional."
Hiatal Hernia,"PPI (pantoprazole 40 mg), surgery (if severe)","Barium swallow (hernia), endoscopy, manometry","Heartburn, regurgitation, chest pain","PPI (pantoprazole 40 milligrams), surgery (if severe) This treatment is prescribed based on the severity of the condition and should be followed as directed by a healthcare professional."
"Meningitis, Pneumococcal","Ceftriaxone (2 g IV every 12 hrs), vancomycin","CSF (Grampositive diplococci), culture","Fever, stiff neck, headache, photophobia","Ceftriaxone (2 g intravenous every 12 hrs), vancomycin This treatment is prescribed based on the severity of the condition and should be followed as directed by a healthcare professional."
Ectopic Pregnancy (Tubal Pregnancy),"Methotrexate (50 mg/m² IM), surgery (salpingectomy)","Ultrasound (no IUP), hCG (<doubling), laparoscopy","Pelvic pain, bleeding, shoulder pain, positive hCG","Methotrexate (50 milligrams/m² IM), surgery (salpingectomy) This treatment is prescribed based on the severity of the condition and should be followed as directed by a healthcare professional."
Dumping Syndrome,"Small meals, octreotide (50 mcg SC), dietary changes","Clinical (postprandial), glucose tolerance test","Nausea, diarrhea, tachycardia, postgastric surgery","Small meals, octreotide (50 micrograms SC), dietary changes This treatment is prescribed based on the severity of the condition and should be followed as directed by a healthcare professional."
Benign Intracranial Hypertension,"Acetazolamide (500 mg twice daily), weight loss","LP (>25 cmH2O), MRI, fundoscopy","Headache, vision loss, papilledema, tinnitus","Acetazolamide (500 milligrams twice daily), weight loss This treatment is prescribed based on the severity of the condition and should be followed as directed by a healthcare professional."
Myotonic Dystrophy,"Mexiletine (150 mg twice daily), supportive","Genetic (CTG repeats), EMG, clinical exam","Muscle stiffness, weakness, cataracts, heart issues","Mexiletine (150 milligrams twice daily), supportive This treatment is prescribed based on the severity of the condition and should be followed as directed by a healthcare professional."
Portal Pyemia,"Antibiotics (piperacillintazobactam), drainage","CT (liver abscess), blood culture, portal vein","Fever, jaundice, abdominal pain, sepsis","Antibiotics (piperacillintazobactam), drainage This treatment is prescribed based on the severity of the condition and should be followed as directed by a healthcare professional."
Social Anxiety Disorder,"CBT, sertraline (50 mg daily), exposure therapy","DSM5, clinical interview, GAD7","Fear of scrutiny, blushing, avoidance, distress","CBT, sertraline (50 milligrams daily), exposure therapy This treatment is prescribed based on the severity of the condition and should be followed as directed by a healthcare professional."
Laparoscopic Hysterectomy,"Pain relief (ibuprofen 600 mg), monitor recovery","Postop exam, ultrasound (if complications)","Postop pelvic pain, fatigue, vaginal spotting","Pain relief (ibuprofen 600 milligrams), monitor recovery This treatment is prescribed based on the severity of the condition and should be followed as directed by a healthcare professional."
Neurotic Depression,"SSRIs (fluoxetine 20 mg), psychotherapy","DSM5 (dysthymia), PHQ9, clinical history","Sadness, anxiety, somatic complaints, chronic","SSRIs (fluoxetine 20 milligrams), psychotherapy This treatment is prescribed based on the severity of the condition and should be followed as directed by a healthcare professional."
Piriformis Syndrome,"PT (stretching), steroid injection, NSAIDs","Clinical (piriformis tenderness), MRI (if unclear)","Buttock pain, sciatica, worse with sitting","PT (stretching), steroid injection, NSAIDs This treatment is prescribed based on the severity of the condition and should be followed as directed by a healthcare professional."
Epidermolysis Bullosa,"Wound care, sirolimus (topical), supportive","Skin biopsy (cleavage plane), genetic testing","Blisters, skin fragility, pain, scarring","Wound care, sirolimus (topical), supportive This treatment is prescribed based on the severity of the condition and should be followed as directed by a healthcare professional."
Acquired Blepharoptosis,"Surgery (levator resection), treat cause","Clinical (lid height), rule out neuro (MRI)","Drooping eyelid, vision obstruction, fatigue","Surgery (levator resection), treat cause This treatment is prescribed based on the severity of the condition and should be followed as directed by a healthcare professional."
Palpitations,"Betablockers (metoprolol 25 mg), treat cause","ECG (arrhythmia), Holter monitor, labs","Racing heart, anxiety, variable triggers","Betablockers (metoprolol 25 milligrams), treat cause This treatment is prescribed based on the severity of the condition and should be followed as directed by a healthcare professional."
Tularemia (Rabbit Fever),"Streptomycin (1 g IM twice daily), doxycycline","Serology (F. tularensis), culture, PCR","Fever, ulcer, lymphadenopathy, animal exposure","Streptomycin (1 g IM twice daily), doxycycline This treatment is prescribed based on the severity of the condition and should be followed as directed by a healthcare professional."
Gastrinoma,"PPI (omeprazole 40 mg), surgery (resection)","Gastrin (>1000 pg/mL), secretin test, imaging","Peptic ulcers, diarrhea, abdominal pain","PPI (omeprazole 40 milligrams), surgery (resection) This treatment is prescribed based on the severity of the condition and should be followed as directed by a healthcare professional."
Celiac Disease,"Glutenfree diet, vitamin supplements (B12)","AntitTG IgA, duodenal biopsy (villous atrophy)","Diarrhea, bloating, fatigue, malabsorption","Glutenfree diet, vitamin supplements (B12) This treatment is prescribed based on the severity of the condition and should be followed as directed by a healthcare professional."
Domestic Violence,"Safety planning, therapy, medical care","Clinical history, exam (bruising), psych eval","Physical injuries, anxiety, PTSD, fear","Safety planning, therapy, medical care This treatment is prescribed based on the severity of the condition and should be followed as directed by a healthcare professional."
Cold Symptoms,"Rest, decongestants (pseudoephedrine 60 mg)","Clinical (viral URI), rule out flu/strep","Runny nose, cough, sore throat, fatigue","Rest, decongestants (pseudoephedrine 60 milligrams) This treatment is prescribed based on the severity of the condition and should be followed as directed by a healthcare professional."
Folic Acid Deficiency,"Folic acid (1 mg daily), dietary improvement","Serum folate (<4 ng/mL), CBC (macrocytic)","Fatigue, megaloblastic anemia, glossitis","Folic acid (1 milligrams daily), dietary improvement This treatment is prescribed based on the severity of the condition and should be followed as directed by a healthcare professional."
Migraine and Stroke,"Triptans (sumatriptan 50 mg), aspirin (81 mg)","MRI (infarct), ICHD3 (migraine), history","Headache, aura, strokelike deficits","Triptans (sumatriptan 50 milligrams), aspirin (81 milligrams) This treatment is prescribed based on the severity of the condition and should be followed as directed by a healthcare professional."
Nonalcoholic Steatohepatitis,"Weight loss, vitamin E (800 IU daily), pioglitazone","Ultrasound (fatty liver), biopsy (steatosis)","Fatigue, RUQ discomfort, obesity, elevated LFTs","Weight loss, vitamin E (800 IU daily), pioglitazone This treatment is prescribed based on the severity of the condition and should be followed as directed by a healthcare professional."
"Lyme Disease, Arthritis","Doxycycline (100 mg twice daily), NSAIDs","Serology (Borrelia), joint aspiration, PCR","Joint swelling, pain, rash, tick bite history","Doxycycline (100 milligrams twice daily), NSAIDs This treatment is prescribed based on the severity of the condition and should be followed as directed by a healthcare professional."
Polypapilloma Tropicum,"Azithromycin (2 g single dose), penicillin","Clinical (framboesia), serology (Treponema)","Skin ulcers, foul odor, tropics, yawslike","Azithromycin (2 g single dose), penicillin This treatment is prescribed based on the severity of the condition and should be followed as directed by a healthcare professional."
Mumps Pancreatitis,"Supportive care, IV fluids, pain management","Amylase/lipase (elevated), mumps IgM, imaging","Abdominal pain, nausea, fever, mumps history","Supportive care, intravenous fluids, pain management This treatment is prescribed based on the severity of the condition and should be followed as directed by a healthcare professional."
Polyarteritis Nodosa (PAN),"Prednisone (1 mg/kg), cyclophosphamide (2 mg/kg)","Biopsy (vasculitis), angiography (aneurysms)","Fever, myalgia, neuropathy, hypertension","Prednisone (1 milligrams/kg), cyclophosphamide (2 milligrams/kg) This treatment is prescribed based on the severity of the condition and should be followed as directed by a healthcare professional."
CPAP,"CPAP (10 cmH2O), mask adjustment, compliance","Polysomnography (AHI >5), clinical history","Fatigue, snoring, OSArelated discomfort","CPAP (10 cmH2O), mask adjustment, compliance This treatment is prescribed based on the severity of the condition and should be followed as directed by a healthcare professional."
Tick Bite,"Tick removal, doxycycline (200 mg single dose)","Clinical (bite site), history, serology (if ill)","Redness, itching, tick exposure, rash risk","Tick removal, doxycycline (200 milligrams single dose) This treatment is prescribed based on the severity of the condition and should be followed as directed by a healthcare professional."
Rickettsial Infection,"Doxycycline (100 mg twice daily), supportive","Serology (Rickettsia), PCR, clinical history","Fever, rash, headache, tick exposure","Doxycycline (100 milligrams twice daily), supportive This treatment is prescribed based on the severity of the condition and should be followed as directed by a healthcare professional."
Intrathecal Chemotherapy,"Hydration, analgesics, monitor complications","Postop CSF analysis, clinical exam, imaging","Postop headache, nausea, neuro symptoms","Hydration, analgesics, monitor complications This treatment is prescribed based on the severity of the condition and should be followed as directed by a healthcare professional."
Chronic Rhinosinusitis with Nasal Polyps,"Budesonide nasal (0.5 mg), surgery (FESS)","Endoscopy (polyps), CT (sinus opacification)","Nasal congestion, anosmia, facial pain","Budesonide nasal (0.5 milligrams), surgery (FESS) This treatment is prescribed based on the severity of the condition and should be followed as directed by a healthcare professional."
OCD (Obsessive Compulsive Disorder),"CBT (ERP), sertraline (100 mg daily)","DSM5, YBOCS scale, clinical interview","Obsessions, compulsions, anxiety, distress","CBT (ERP), sertraline (100 milligrams daily) This treatment is prescribed based on the severity of the condition and should be followed as directed by a healthcare professional."
Postherpetic Neuralgia,"Gabapentin (300 mg 3x daily), lidocaine patch","Clinical (history of shingles), exam","Burning pain, allodynia, postzoster","Gabapentin (300 milligrams 3 times a day), lidocaine patch This treatment is prescribed based on the severity of the condition and should be followed as directed by a healthcare professional."
ERA (EnthesitisRelated Arthritis),"NSAIDs (naproxen 500 mg), methotrexate (15 mg)","Clinical (JIA subtype), imaging (entheses)","Joint pain, enthesitis, HLAB27 positive","NSAIDs (naproxen 500 milligrams), methotrexate (15 milligrams) This treatment is prescribed based on the severity of the condition and should be followed as directed by a healthcare professional."
Candida Esophagitis,"Fluconazole (200 mg daily), nystatin swish","Endoscopy (white plaques), biopsy (Candida)","Dysphagia, chest pain, immunocompromised","Fluconazole (200 milligrams daily), nystatin swish This treatment is prescribed based on the severity of the condition and should be followed as directed by a healthcare professional."
Memory Loss,"Treat cause (e.g., donepezil 10 mg for AD)","MMSE/MoCA, MRI, labs (B12, thyroid)","Forgetfulness, confusion, variable cause","Treat cause (e.g., donepezil 10 milligrams for AD) This treatment is prescribed based on the severity of the condition and should be followed as directed by a healthcare professional."
Sinusitis,"Amoxicillin (500 mg 3x daily), saline irrigation","Clinical (duration >10 days), CT (if chronic)","Facial pain, congestion, purulent discharge","Amoxicillin (500 milligrams 3 times a day), saline irrigation This treatment is prescribed based on the severity of the condition and should be followed as directed by a healthcare professional."
Cystic Acne,"Isotretinoin (0.5 mg/kg daily), doxycycline","Clinical exam, rule out PCOS, history","Deep cysts, scarring, facial pain, inflammation","Isotretinoin (0.5 milligrams/kg daily), doxycycline This treatment is prescribed based on the severity of the condition and should be followed as directed by a healthcare professional."
Hepatic Coma,"Lactulose (30 mL), rifaximin (550 mg twice daily)","Ammonia (>100 µmol/L), EEG, LFTs","Confusion, asterixis, jaundice, liver failure","Lactulose (30 mL), rifaximin (550 milligrams twice daily) This treatment is prescribed based on the severity of the condition and should be followed as directed by a healthcare professional."
Transurethral Prostatectomy,"Catheter care, tamsulosin (0.4 mg), monitor","Postop cystoscopy, urine flow, exam","Postop hematuria, dysuria, incontinence","Catheter care, tamsulosin (0.4 milligrams), monitor This treatment is prescribed based on the severity of the condition and should be followed as directed by a healthcare professional."
Chronic Renal Disease,"ACEi (lisinopril 20 mg), dialysis (if ESRD)","GFR (<60 mL/min), ultrasound, labs (Cr)","Fatigue, edema, hypertension, proteinuria","ACEi (lisinopril 20 milligrams), dialysis (if ESRD) This treatment is prescribed based on the severity of the condition and should be followed as directed by a healthcare professional."
TEPH (Thromboembolic Pulmonary Hypertension),"Endarterectomy, riociguat (2.5 mg 3x daily)","V/Q scan (mismatch), right heart cath","Dyspnea, fatigue, leg swelling, PE history","Endarterectomy, riociguat (2.5 milligrams 3 times a day) This treatment is prescribed based on the severity of the condition and should be followed as directed by a healthcare professional."
Rapidly Progressive Glomerulonephritis,"Cyclophosphamide (2 mg/kg), prednisone (1 mg/kg)","Biopsy (crescents), ANCA, urine (RBC casts)","Hematuria, edema, renal failure, hypertension","Cyclophosphamide (2 milligrams/kg), prednisone (1 milligrams/kg) This treatment is prescribed based on the severity of the condition and should be followed as directed by a healthcare professional."
Liver Abscess,"Antibiotics (metronidazole 500 mg), drainage","CT (abscess), culture (e.g., Klebsiella), labs","RUQ pain, fever, nausea, weight loss","Antibiotics (metronidazole 500 milligrams), drainage This treatment is prescribed based on the severity of the condition and should be followed as directed by a healthcare professional."
Epidermoid Cysts,"Observation, surgical removal (if symptomatic)","Clinical exam, ultrasound, excision (if needed)","Skin lump, painless, cheesy discharge","Observation, surgical removal (if symptomatic) This treatment is prescribed based on the severity of the condition and should be followed as directed by a healthcare professional."
Keratoconjunctivitis Sicca,"Artificial tears, cyclosporine (0.05% drops)","Schirmer test (<5 mm), ANA, exam","Dry eyes, grittiness, burning, Sjögren’s link","Artificial tears, cyclosporine (0.05% drops) This treatment is prescribed based on the severity of the condition and should be followed as directed by a healthcare professional."
Ornithosis,"Doxycycline (100 mg twice daily), supportive","Serology (Chlamydia psittaci), chest Xray","Fever, cough, pneumonia, bird exposure","Doxycycline (100 milligrams twice daily), supportive This treatment is prescribed based on the severity of the condition and should be followed as directed by a healthcare professional."
NVP (Nausea/Vomiting of Pregnancy),"Pyridoxine (25 mg), ondansetron (4 mg PRN)","Clinical (early pregnancy), rule out HG","Morning sickness, dehydration, pregnancy","Pyridoxine (25 milligrams), ondansetron (4 milligrams PRN) This treatment is prescribed based on the severity of the condition and should be followed as directed by a healthcare professional."
HypertensionInduced Chronic Kidney Disease,"ACEi (ramipril 5 mg), BP control (<130/80)","GFR (<60), urine albumin, renal ultrasound","Edema, HTN, proteinuria, fatigue","ACEi (ramipril 5 milligrams), BP control (<130/80) This treatment is prescribed based on the severity of the condition and should be followed as directed by a healthcare professional."
Urinary Tract Stones,"Hydration, tamsulosin (0.4 mg), lithotripsy","CT (stone size), urinalysis (crystals), labs","Flank pain, hematuria, dysuria, nausea","Hydration, tamsulosin (0.4 milligrams), lithotripsy This treatment is prescribed based on the severity of the condition and should be followed as directed by a healthcare professional."
Dermatitis Verrucosa,"Topical steroids (betamethasone), treat cause","Biopsy (hyperkeratosis), clinical exam","Warty skin lesions, chronic, variable cause","Topical steroids (betamethasone), treat cause This treatment is prescribed based on the severity of the condition and should be followed as directed by a healthcare professional."
Sweating,"Aluminum chloride (20%), Botox (if focal)","Clinical (hyperhidrosis), starchiodine test","Excessive perspiration, variable triggers","Aluminum chloride (20%), Botox (if focal) This treatment is prescribed based on the severity of the condition and should be followed as directed by a healthcare professional."
Obsessive Compulsive Disorder (2),"Fluvoxamine (100 mg daily), ERP therapy","DSM5, clinical, YBOCS (>16)","Intrusive thoughts, rituals, timeconsuming","Fluvoxamine (100 milligrams daily), ERP therapy This treatment is prescribed based on the severity of the condition and should be followed as directed by a healthcare professional."
Hysterical Neurosis,"Psychotherapy, SSRIs (if comorbid)","DSM5 (conversion), clinical, rule out neuro","Physical symptoms, no organic cause, stress","Psychotherapy, SSRIs (if comorbid) This treatment is prescribed based on the severity of the condition and should be followed as directed by a healthcare professional."
Mastoidectomy,"Antibiotics (if infected), pain relief, monitor","Postop CT (if complications), exam","Postop ear pain, drainage, hearing change","Antibiotics (if infected), pain relief, monitor This treatment is prescribed based on the severity of the condition and should be followed as directed by a healthcare professional."
Peripheral Neuropathy,"Gabapentin (300 mg 3x daily), treat cause","EMG/NCS, labs (B12, glucose), history","Numbness, tingling, weakness, pain","Gabapentin (300 milligrams 3 times a day), treat cause This treatment is prescribed based on the severity of the condition and should be followed as directed by a healthcare professional."
WHIM Syndrome,"GCSF (5 mcg/kg), IVIG, supportive","Genetic (CXCR4), bone marrow, labs","Warts, infections, low Ig, myelokathexis","GCSF (5 micrograms/kg), intravenousIG, supportive This treatment is prescribed based on the severity of the condition and should be followed as directed by a healthcare professional."
Cysticercosis (Pork Tapeworm Infection),"Albendazole (15 mg/kg daily), steroids","CT/MRI (cysts), serology (Taenia), CSF","Seizures, headaches, cysts, pork ingestion","Albendazole (15 milligrams/kg daily), steroids This treatment is prescribed based on the severity of the condition and should be followed as directed by a healthcare professional."
Anorexia,"Nutritional rehab, CBT, olanzapine (5 mg)","DSM5, BMI (<18.5), clinical history","Weight loss, food refusal, amenorrhea","Nutritional rehab, CBT, olanzapine (5 milligrams) This treatment is prescribed based on the severity of the condition and should be followed as directed by a healthcare professional."
Takotsubo Cardiomyopathy,"Betablockers (metoprolol 25 mg), ACEi","Echo (apical ballooning), no CAD on cath","Chest pain, dyspnea, stress trigger, ECG changes","Betablockers (metoprolol 25 milligrams), ACEi This treatment is prescribed based on the severity of the condition and should be followed as directed by a healthcare professional."
Hay Fever (Allergic Rhinitis),"Antihistamines (loratadine 10 mg), nasal steroids","Clinical, allergy testing (IgE), history","Sneezing, nasal congestion, itchy eyes","Antihistamines (loratadine 10 milligrams), nasal steroids This treatment is prescribed based on the severity of the condition and should be followed as directed by a healthcare professional."
PostTraumatic Stress Disorder (PTSD),"CBT (traumafocused), prazosin (1 mg nightly)","DSM5, CAPS scale, trauma history","Flashbacks, nightmares, hyperarousal","CBT (traumafocused), prazosin (1 milligrams nightly) This treatment is prescribed based on the severity of the condition and should be followed as directed by a healthcare professional."
"Meningitis, Lymphomatous","Intrathecal chemo (methotrexate), steroids","CSF (lymphocytes), MRI (enhancement), biopsy","Headache, confusion, cranial nerve deficits","Intrathecal chemo (methotrexate), steroids This treatment is prescribed based on the severity of the condition and should be followed as directed by a healthcare professional."
Mosquito Bites,"Hydrocortisone cream (1%), antihistamines","Clinical (bite pattern), history, rule out disease","Itchy welts, redness, risk of infection","Hydrocortisone cream (1%), antihistamines This treatment is prescribed based on the severity of the condition and should be followed as directed by a healthcare professional."
H1N1 Flu (Swine Flu),"Oseltamivir (75 mg twice daily), supportive","RTPCR (H1N1), rapid flu test, chest Xray","Fever, cough, myalgia, respiratory distress","Oseltamivir (75 milligrams twice daily), supportive This treatment is prescribed based on the severity of the condition and should be followed as directed by a healthcare professional."
Abdominal Pain,"Treat cause (e.g., antacids for GERD), analgesics","Clinical, imaging (CT/US), labs (e.g., lipase)","Cramping, variable location, nausea","Treat cause (e.g., antacids for GERD), analgesics This treatment is prescribed based on the severity of the condition and should be followed as directed by a healthcare professional."
Benign Prostatic Hyperplasia (BPH),"Tamsulosin (0.4 mg daily), TURP (if severe)","IPSS, PSA, ultrasound (residual volume)","Nocturia, weak stream, urgency, hesitancy","Tamsulosin (0.4 milligrams daily), TURP (if severe) This treatment is prescribed based on the severity of the condition and should be followed as directed by a healthcare professional."
Exocrine Pancreatic Insufficiency (EPI),"Pancrelipase (25,000 units/meal), vitamin D","Fecal elastase (<200 µg/g), imaging (pancreas)","Steatorrhea, weight loss, bloating","Pancrelipase (25,000 units/meal), vitamin D This treatment is prescribed based on the severity of the condition and should be followed as directed by a healthcare professional."
Vaginal Yeast Infection,"Fluconazole (150 mg single dose), clotrimazole","Wet mount (Candida), pH (<4.5), culture","Itching, thick discharge, burning","Fluconazole (150 milligrams single dose), clotrimazole This treatment is prescribed based on the severity of the condition and should be followed as directed by a healthcare professional."
Osteochondroma,"Observation, excision (if painful)","Xray (bony exostosis), MRI (if symptomatic)","Bone lump, pain (if large), growth plate","Observation, excision (if painful) This treatment is prescribed based on the severity of the condition and should be followed as directed by a healthcare professional."
Smallpox Virus (Variola),"Supportive care, vaccination (preexposure)","PCR (variola), clinical (if outbreak)","Fever, rash, pustules, scarring (historical)","Supportive care, vaccination (preexposure) This treatment is prescribed based on the severity of the condition and should be followed as directed by a healthcare professional."
AntibioticAssociated Colitis,"Vancomycin (125 mg 4x daily), stop antibiotic","Stool toxin (C. diff), colonoscopy (pseudomembranes)","Diarrhea, fever, abdominal pain, antibiotic use","Vancomycin (125 milligrams 4 times a day), stop antibiotic This treatment is prescribed based on the severity of the condition and should be followed as directed by a healthcare professional."
Primary Biliary Cirrhosis,"Ursodiol (15 mg/kg daily), obeticholic acid","Antimitochondrial Ab, biopsy (duct loss)","Fatigue, itching, jaundice, AMA positive","Ursodiol (15 milligrams/kg daily), obeticholic acid This treatment is prescribed based on the severity of the condition and should be followed as directed by a healthcare professional."
Elbow Dislocation,"Reduction, splinting, PT (after healing)","Xray (dislocation), clinical (instability)","Elbow pain, deformity, swelling, trauma","Reduction, splinting, PT (after healing) This treatment is prescribed based on the severity of the condition and should be followed as directed by a healthcare professional."
Muscle Twitching,"Treat cause (e.g., magnesium 400 mg), monitor","EMG (fasciculations), labs (e.g., Mg), history","Involuntary twitches, variable cause","Treat cause (e.g., magnesium 400 milligrams), monitor This treatment is prescribed based on the severity of the condition and should be followed as directed by a healthcare professional."
Primary Hyperaldosteronism,"Spironolactone (100 mg daily), adrenalectomy","Aldosterone/renin ratio (>30), adrenal CT","Hypertension, hypokalemia, fatigue","Spironolactone (100 milligrams daily), adrenalectomy This treatment is prescribed based on the severity of the condition and should be followed as directed by a healthcare professional."
Middle Ear Infections,"Amoxicillin (80 mg/kg daily), myringotomy","Otoscopy (bulging TM), culture (if chronic)","Ear pain, fever, hearing loss, discharge","Amoxicillin (80 milligrams/kg daily), myringotomy This treatment is prescribed based on the severity of the condition and should be followed as directed by a healthcare professional."
Oral Allergy Syndrome,"Avoidance, antihistamines (cetirizine 10 mg)","Clinical (pollenfood link), skin prick test","Mouth itching, swelling, raw fruit/veg","Avoidance, antihistamines (cetirizine 10 milligrams) This treatment is prescribed based on the severity of the condition and should be followed as directed by a healthcare professional."
Nasal Fracture,"Reduction (if displaced), ice, analgesics","Clinical (deviation), Xray/CT (if complex)","Nose pain, swelling, deformity, epistaxis","Reduction (if displaced), ice, analgesics This treatment is prescribed based on the severity of the condition and should be followed as directed by a healthcare professional."
Pinworm Infection,"Mebendazole (100 mg single dose), hygiene","Tape test (Enterobius eggs), clinical","Anal itching, insomnia, worms visible","Mebendazole (100 milligrams single dose), hygiene This treatment is prescribed based on the severity of the condition and should be followed as directed by a healthcare professional."
Sexual Disorders,"Sildenafil (50 mg PRN), therapy, treat cause","Clinical history, labs (testosterone), psych eval","Dysfunction (e.g., ED), distress, variable","Sildenafil (50 milligrams PRN), therapy, treat cause This treatment is prescribed based on the severity of the condition and should be followed as directed by a healthcare professional."
Idiopathic Myelofibrosis,"Ruxolitinib (20 mg twice daily), transplant","Bone marrow (fibrosis), JAK2 mutation, CBC","Fatigue, splenomegaly, anemia, bone pain","Ruxolitinib (20 milligrams twice daily), transplant This treatment is prescribed based on the severity of the condition and should be followed as directed by a healthcare professional."
Pulmonary Balloon Dilation,"Monitor pressures, oxygen, pain relief","Postop echo, PFTs, clinical exam","Postop dyspnea, chest pain, fatigue","Monitor pressures, oxygen, pain relief This treatment is prescribed based on the severity of the condition and should be followed as directed by a healthcare professional."
Leg Pain,"Treat cause (e.g., gabapentin 300 mg), rest","Doppler (if vascular), MRI (if neuro), exam","Aching, variable site, worse with activity","Treat cause (e.g., gabapentin 300 milligrams), rest This treatment is prescribed based on the severity of the condition and should be followed as directed by a healthcare professional."
Hyperphosphatemia of Renal Failure,"Sevelamer (800 mg 3x daily), dialysis","Serum phosphate (>4.5 mg/dL), PTH, labs","Often asymptomatic, itching, CKD history","Sevelamer (800 milligrams 3 times a day), dialysis This treatment is prescribed based on the severity of the condition and should be followed as directed by a healthcare professional."
GCTTS (Tenosynovial Giant Cell Tumor),"Surgery (synovectomy), radiotherapy (if recurrent)","MRI (soft tissue mass), biopsy (giant cells)","Joint mass, pain, swelling, stiffness","Surgery (synovectomy), radiotherapy (if recurrent) This treatment is prescribed based on the severity of the condition and should be followed as directed by a healthcare professional."
Retropubic Prostatectomy,"Pelvic floor exercises, catheter care","Postop PSA, cystogram, clinical exam","Postop incontinence, hematuria, pain","Pelvic floor exercises, catheter care This treatment is prescribed based on the severity of the condition and should be followed as directed by a healthcare professional."
Rib Contusion,"Ice, NSAIDs (ibuprofen 400 mg), rest","Xray (rule out fracture), clinical exam","Chest pain, bruising, tenderness, trauma","Ice, NSAIDs (ibuprofen 400 milligrams), rest This treatment is prescribed based on the severity of the condition and should be followed as directed by a healthcare professional."
Buckle Fracture,"Casting (34 weeks), pain relief","Xray (torus fracture), clinical exam","Bone pain, swelling, deformity (pediatric)","Casting (34 weeks), pain relief This treatment is prescribed based on the severity of the condition and should be followed as directed by a healthcare professional."
Erythrodermic Psoriasis,"Methotrexate (15 mg weekly), cyclosporine","Clinical (erythroderma), biopsy, labs","Widespread redness, scaling, fever, itching","Methotrexate (15 milligrams weekly), cyclosporine This treatment is prescribed based on the severity of the condition and should be followed as directed by a healthcare professional."
Cholestatic Conjugated Hyperbilirubinemia,"Ursodiol (15 mg/kg), treat cause (e.g., obstruction)","LFTs (high direct bili), ultrasound, biopsy","Jaundice, dark urine, itching, liver disease","Ursodiol (15 milligrams/kg), treat cause (e.g., obstruction) This treatment is prescribed based on the severity of the condition and should be followed as directed by a healthcare professional."
Fasciculations,"Treat cause (e.g., magnesium), reassurance","EMG (if persistent), clinical, labs (K+)","Muscle twitches, benign or neuro cause","Treat cause (e.g., magnesium), reassurance This treatment is prescribed based on the severity of the condition and should be followed as directed by a healthcare professional."
Tick Bite (2),"Prophylactic doxycycline (200 mg), monitor","Clinical (tick site), serology (if systemic)","Local reaction, fever, rash risk","Prophylactic doxycycline (200 milligrams), monitor This treatment is prescribed based on the severity of the condition and should be followed as directed by a healthcare professional."
Fish Scale Disease,"Moisturizers (urea 10%), retinoids (acitretin)","Clinical (ichthyosis), biopsy, genetic (if severe)","Dry, scaly skin, ichthyosis pattern","Moisturizers (urea 10%), retinoids (acitretin) This treatment is prescribed based on the severity of the condition and should be followed as directed by a healthcare professional."
Phimosis,"Steroid cream (betamethasone 0.05%), circumcision","Clinical exam, rule out scarring","Foreskin tightness, pain, infection risk","Steroid cream (betamethasone 0.05%), circumcision This treatment is prescribed based on the severity of the condition and should be followed as directed by a healthcare professional."
Ruptured Ovarian Cyst,"Pain relief (ibuprofen 600 mg), surgery (if severe)","Ultrasound (free fluid), clinical, labs (hCG)","Sudden pelvic pain, nausea, bleeding","Pain relief (ibuprofen 600 milligrams), surgery (if severe) This treatment is prescribed based on the severity of the condition and should be followed as directed by a healthcare professional."
Primary Progressive Aphasia,"Speech therapy, supportive, no cure","MRI (left atrophy), speech testing, clinical","Language decline, spared memory, gradual","Speech therapy, supportive, no cure This treatment is prescribed based on the severity of the condition and should be followed as directed by a healthcare professional."
Renovascular Hypertension,"ACEi (enalapril 10 mg), angioplasty","Renal artery Doppler, CTA, renin levels","Severe HTN, renal bruit, kidney dysfunction","ACEi (enalapril 10 milligrams), angioplasty This treatment is prescribed based on the severity of the condition and should be followed as directed by a healthcare professional."
GERD (Gastroesophageal Reflux Disease),"PPI (omeprazole 20 mg), lifestyle changes","Clinical, endoscopy (esophagitis), pH test","Heartburn, regurgitation, dysphagia","PPI (omeprazole 20 milligrams), lifestyle changes This treatment is prescribed based on the severity of the condition and should be followed as directed by a healthcare professional."
Breast Asymmetry Disorder,"Surgery (augmentation/reduction), observation","Clinical exam, mammogram (if mass), history","Uneven breasts, cosmetic concern, pain","Surgery (augmentation/reduction), observation This treatment is prescribed based on the severity of the condition and should be followed as directed by a healthcare professional."
Cytomegalovirus Colitis,"Ganciclovir (5 mg/kg IV), valganciclovir","Biopsy (owl’s eye), CMV PCR, colonoscopy","Diarrhea, fever, abdominal pain, immunocompromised","Ganciclovir (5 milligrams/kg intravenous), valganciclovir This treatment is prescribed based on the severity of the condition and should be followed as directed by a healthcare professional."
DKA (Diabetic Ketoacidosis),"Insulin (0.1 units/kg/hr IV), fluids, electrolytes","Glucose (>250 mg/dL), ketones, pH (<7.3)","Nausea, thirst, confusion, Kussmaul breathing","Insulin (0.1 units/kg/hr intravenous), fluids, electrolytes This treatment is prescribed based on the severity of the condition and should be followed as directed by a healthcare professional."
Arm Pain,"Treat cause (e.g., PT for strain), analgesics","Clinical, Xray (if trauma), EMG (if neuro)","Aching, numbness, variable cause","Treat cause (e.g., PT for strain), analgesics This treatment is prescribed based on the severity of the condition and should be followed as directed by a healthcare professional."
Brain Eating Amoeba Infection,"Miltefosine (150 mg daily), amphotericin B","CSF (Naegleria), PCR, history (water exposure)","Headache, fever, nausea, neuro decline","Miltefosine (150 milligrams daily), amphotericin B This treatment is prescribed based on the severity of the condition and should be followed as directed by a healthcare professional."
Limited Scleroderma,"Nifedipine (30 mg), mycophenolate (2 g daily)","ANA (anticentromere), clinical, capillaroscopy","Skin tightening, Raynaud’s, CREST features","Nifedipine (30 milligrams), mycophenolate (2 g daily) This treatment is prescribed based on the severity of the condition and should be followed as directed by a healthcare professional."
Gallstone Ileus,"Surgery (enterolithotomy), supportive","CT (air in biliary tree), Xray (Rigler’s triad)","Abdominal pain, vomiting, bowel obstruction","Surgery (enterolithotomy), supportive This treatment is prescribed based on the severity of the condition and should be followed as directed by a healthcare professional."
Trophoblastic Tumor,"Chemotherapy (methotrexate), surgery","hCG (>100,000 mIU/mL), imaging (mets)","Bleeding, pelvic mass, high hCG, postpregnancy","Chemotherapy (methotrexate), surgery This treatment is prescribed based on the severity of the condition and should be followed as directed by a healthcare professional."
Gardner’s Syndrome (GS),"Colectomy, surveillance, NSAIDs","Colonoscopy (polyps), genetic (APC mutation)","Polyps, osteomas, cancer risk, family history","Colectomy, surveillance, NSAIDs This treatment is prescribed based on the severity of the condition and should be followed as directed by a healthcare professional."
Fibromuscular Dysplasia,"Angioplasty, BP control (amlodipine 5 mg)","CTA (string of beads), angiography, Doppler","HTN, headache, bruit, renal artery","Angioplasty, BP control (amlodipine 5 milligrams) This treatment is prescribed based on the severity of the condition and should be followed as directed by a healthcare professional."
Chronic Middle Ear Infection,"Ciprofloxacin drops, surgery (tympanoplasty)","Otoscopy (perforation), CT (mastoiditis)","Ear discharge, hearing loss, recurrent","Ciprofloxacin drops, surgery (tympanoplasty) This treatment is prescribed based on the severity of the condition and should be followed as directed by a healthcare professional."
Postmyocardial Infarction Syndrome,"Aspirin (650 mg 4x daily), colchicine (0.6 mg)","ECG (PR depression), echo (effusion)","Chest pain, fever, pericarditis postMI","Aspirin (650 milligrams 4 times a day), colchicine (0.6 milligrams) This treatment is prescribed based on the severity of the condition and should be followed as directed by a healthcare professional."
Sarcoma Botryoides,"Chemo (VAC regimen), surgery, radiation","Biopsy (rhabdomyosarcoma), MRI staging","Vaginal bleeding, mass, pediatric, grapelike","Chemo (VAC regimen), surgery, radiation This treatment is prescribed based on the severity of the condition and should be followed as directed by a healthcare professional."
Hand Foot Syndrome,"Pyridoxine (100 mg daily), dose reduction","Clinical (postchemo), history, exam","Painful palms/soles, redness, chemorelated","Pyridoxine (100 milligrams daily), dose reduction This treatment is prescribed based on the severity of the condition and should be followed as directed by a healthcare professional."
Pustular Psoriasis,"Acitretin (25 mg daily), cyclosporine (3 mg/kg)","Clinical, biopsy (neutrophils), labs","Pustules, redness, fever, localized/generalized","Acitretin (25 milligrams daily), cyclosporine (3 milligrams/kg) This treatment is prescribed based on the severity of the condition and should be followed as directed by a healthcare professional."
Mucocutaneous Lymph Node Syndrome,"IVIG (2 g/kg), aspirin (80 mg/kg daily)","Clinical (Kawasaki criteria), echo (aneurysms)","Fever, rash, conjunctivitis, strawberry tongue","intravenousIG (2 g/kg), aspirin (80 milligrams/kg daily) This treatment is prescribed based on the severity of the condition and should be followed as directed by a healthcare professional."
MWS (MuckleWells Syndrome),"Anakinra (100 mg SC daily), canakinumab","Genetic (NLRP3), CRP/ESR, clinical","Rash, fever, joint pain, hearing loss","Anakinra (100 milligrams SC daily), canakinumab This treatment is prescribed based on the severity of the condition and should be followed as directed by a healthcare professional."
Ankle Swelling,"Compression, diuretics (furosemide 20 mg)","Doppler (if DVT), labs (BNP, albumin)","Edema, pain, variable cause (e.g., venous)","Compression, diuretics (furosemide 20 milligrams) This treatment is prescribed based on the severity of the condition and should be followed as directed by a healthcare professional."
Vitamin/Mineral Supplementation and Deficiency,"Supplementation (e.g., vit D 2000 IU), diet","Labs (e.g., vit D <20 ng/mL), clinical","Fatigue, specific signs (e.g., rickets)","Supplementation (e.g., vit D 2000 IU), diet This treatment is prescribed based on the severity of the condition and should be followed as directed by a healthcare professional."
Genital Warts,"Podophyllotoxin (0.5%), cryotherapy","Clinical exam, HPV testing, biopsy (if unclear)","Warty growths, genital, painless, HPV","Podophyllotoxin (0.5%), cryotherapy This treatment is prescribed based on the severity of the condition and should be followed as directed by a healthcare professional."
SIDS (Sudden Infant Death Syndrome),"Prevention (back to sleep), no treatment","Autopsy (negative), history (risk factors)","Unexplained death, infancy, sleeprelated","Prevention (back to sleep), no treatment This treatment is prescribed based on the severity of the condition and should be followed as directed by a healthcare professional."
Acute Blood Loss Anemia,"Transfusion (PRBCs), stop bleeding","CBC (low Hgb), history (trauma/GI bleed)","Weakness, pallor, tachycardia, bleeding","Transfusion (PRBCs), stop bleeding This treatment is prescribed based on the severity of the condition and should be followed as directed by a healthcare professional."
Athlete’s Foot,"Terbinafine (1% cream), keep dry","KOH prep (hyphae), culture (Trichophyton)","Itchy feet, scaling, maceration, odor","Terbinafine (1% cream), keep dry This treatment is prescribed based on the severity of the condition and should be followed as directed by a healthcare professional."
TEPH (Thromboembolic Pulmonary Hypertension) (2),"Anticoagulation (warfarin INR 23), oxygen","Echo (RV strain), cath (mPAP >20 mmHg)","Chronic dyspnea, right heart failure, PE history","Anticoagulation (warfarin INR 23), oxygen This treatment is prescribed based on the severity of the condition and should be followed as directed by a healthcare professional."
Peripheral Nerve Block,"Monitor duration, analgesics (if wears off)","Clinical (block site), nerve conduction (if issues)","Postprocedure numbness, pain relief","Monitor duration, analgesics (if wears off) This treatment is prescribed based on the severity of the condition and should be followed as directed by a healthcare professional."
Allergic Asthma,"Inhaled steroids (budesonide), albuterol","Spirometry (reversible obstruction), IgE","Wheezing, cough, dyspnea, allergen trigger","Inhaled steroids (budesonide), albuterol This treatment is prescribed based on the severity of the condition and should be followed as directed by a healthcare professional."
Guttate Psoriasis,"Phototherapy, topical steroids (hydrocortisone)","Clinical, throat culture (if strep), biopsy","Small red spots, poststrep, scaling","Phototherapy, topical steroids (hydrocortisone) This treatment is prescribed based on the severity of the condition and should be followed as directed by a healthcare professional."
Peritonsillar Abscess,"Drainage, penicillin (500 mg 4x daily)","Clinical (unilateral swelling), CT (abscess)","Throat pain, fever, trismus, muffled voice","Drainage, penicillin (500 milligrams 4 times a day) This treatment is prescribed based on the severity of the condition and should be followed as directed by a healthcare professional."
Tick Bite (3),"Doxycycline (100 mg twice daily), monitor","Clinical (Lyme risk), serology (if systemic)","Erythema migrans, fatigue, tick exposure","Doxycycline (100 milligrams twice daily), monitor This treatment is prescribed based on the severity of the condition and should be followed as directed by a healthcare professional."
Atypical Mycobacterial Infection,"Clarithromycin (500 mg twice daily), rifampin","Culture (e.g., MAC), biopsy, AFB stain","Chronic cough, skin lesions, lymphadenitis","Clarithromycin (500 milligrams twice daily), rifampin This treatment is prescribed based on the severity of the condition and should be followed as directed by a healthcare professional."
Low Sperm Count,"Treat cause (e.g., clomiphene 25 mg), IVF","Semen analysis (<15 million/mL), hormones","Infertility, no symptoms, variable cause","Treat cause (e.g., clomiphene 25 milligrams), intravenousF This treatment is prescribed based on the severity of the condition and should be followed as directed by a healthcare professional."
Abdominal Pain (2),"Treat specific (e.g., antispasmodics), monitor","Labs (e.g., CRP), ultrasound, clinical","Dull ache, bloating, variable triggers","Treat specific (e.g., antispasmodics), monitor This treatment is prescribed based on the severity of the condition and should be followed as directed by a healthcare professional."
Inflammatory Myofibroblastic Tumor,"Surgery, crizotinib (250 mg twice daily)","Biopsy (spindle cells), ALK mutation, imaging","Mass, fever, pain, weight loss","Surgery, crizotinib (250 milligrams twice daily) This treatment is prescribed based on the severity of the condition and should be followed as directed by a healthcare professional."
Rectal Pain,"Treat cause (e.g., nitroglycerin 0.2% for fissure)","Anoscopy (e.g., fissure), clinical exam","Painful defecation, bleeding, variable cause","Treat cause (e.g., nitroglycerin 0.2% for fissure) This treatment is prescribed based on the severity of the condition and should be followed as directed by a healthcare professional."
Keratitis Sicca,"Artificial tears, punctal plugs, cyclosporine","Schirmer test (<10 mm), tear breakup time","Dry eyes, irritation, redness, fatigue","Artificial tears, punctal plugs, cyclosporine This treatment is prescribed based on the severity of the condition and should be followed as directed by a healthcare professional."
Skin Rash,"Treat cause (e.g., hydrocortisone 1%), antihistamines","Clinical, biopsy (if unclear), allergy test","Redness, itching, variable pattern","Treat cause (e.g., hydrocortisone 1%), antihistamines This treatment is prescribed based on the severity of the condition and should be followed as directed by a healthcare professional."
Pseudoallescheriosis,"Voriconazole (200 mg twice daily), surgery","Culture (Pseudallescheria), biopsy, imaging","Lung nodules, skin lesions, immunocompromised","Voriconazole (200 milligrams twice daily), surgery This treatment is prescribed based on the severity of the condition and should be followed as directed by a healthcare professional."
Mediterranean Anemia,"Transfusions, deferasirox (20 mg/kg daily)","Hb electrophoresis (e.g., HbH), CBC","Fatigue, pallor, splenomegaly, thalassemia","Transfusions, deferasirox (20 milligrams/kg daily) This treatment is prescribed based on the severity of the condition and should be followed as directed by a healthcare professional."
Pneumonectomy,"Oxygen, pain relief (morphine 2 mg IV)","Postop CXR (shift), PFTs, clinical","Postop dyspnea, chest pain, fatigue","Oxygen, pain relief (morphine 2 milligrams intravenous) This treatment is prescribed based on the severity of the condition and should be followed as directed by a healthcare professional."
Rotator Cuff Injury,"PT, steroid injection, surgery (if full tear)","MRI (tear), clinical (drop arm test)","Shoulder pain, weakness, limited motion","PT, steroid injection, surgery (if full tear) This treatment is prescribed based on the severity of the condition and should be followed as directed by a healthcare professional."
Allergic Rhinitis (2),"Fluticasone nasal (50 mcg), avoidance","Skin prick test, clinical, IgE levels","Nasal itching, sneezing, watery eyes","Fluticasone nasal (50 micrograms), avoidance This treatment is prescribed based on the severity of the condition and should be followed as directed by a healthcare professional."
Impulse Control Disorder,"CBT, SSRIs (fluoxetine 20 mg daily)","DSM5, clinical history, psych eval","Impulsivity, aggression, stealing urges","CBT, SSRIs (fluoxetine 20 milligrams daily) This treatment is prescribed based on the severity of the condition and should be followed as directed by a healthcare professional."
Galactosemia,"Galactosefree diet, supportive care","GALT enzyme (<5%), genetic, urine galactitol","Vomiting, jaundice, failure to thrive, infancy","Galactosefree diet, supportive care This treatment is prescribed based on the severity of the condition and should be followed as directed by a healthcare professional."
Knee Injury and Meniscus Tears,"Rest, arthroscopy (if locked), PT","MRI (meniscal tear), McMurray test","Knee pain, swelling, locking, trauma","Rest, arthroscopy (if locked), PT This treatment is prescribed based on the severity of the condition and should be followed as directed by a healthcare professional."
Dupuytren’s Contracture,"Collagenase (0.58 mg), surgery (fasciectomy)","Clinical (palmar fascia), tabletop test","Finger flexion, nodules, hand stiffness","Collagenase (0.58 milligrams), surgery (fasciectomy) This treatment is prescribed based on the severity of the condition and should be followed as directed by a healthcare professional."
Lyme Disease,"Doxycycline (100 mg twice daily), amoxicillin","Serology (Borrelia), ELISA/Western blot","Rash, fever, fatigue, joint pain","Doxycycline (100 milligrams twice daily), amoxicillin This treatment is prescribed based on the severity of the condition and should be followed as directed by a healthcare professional."
Residual Schizophrenia,"Antipsychotics (risperidone 2 mg), therapy","DSM5, clinical history, psych eval","Flat affect, odd beliefs, postpsychosis","Antipsychotics (risperidone 2 milligrams), therapy This treatment is prescribed based on the severity of the condition and should be followed as directed by a healthcare professional."
Posterior Encephalopathy Reversible Syndrome,"BP control (labetalol IV), supportive","MRI (edema), BP (>180/110), clinical","Headache, seizures, vision loss, HTN","BP control (labetalol intravenous), supportive This treatment is prescribed based on the severity of the condition and should be followed as directed by a healthcare professional."
Fredrickson Type IIa Hyperlipoproteinemia,"Statins (rosuvastatin 20 mg), diet","Lipid panel (LDL >190 mg/dL), apoB","Xanthomas, high LDL, CAD risk","Statins (rosuvastatin 20 milligrams), diet This treatment is prescribed based on the severity of the condition and should be followed as directed by a healthcare professional."
Erosive Gastritis,"PPI (pantoprazole 40 mg), H. pylori eradication","Endoscopy (erosions), H. pylori test","Epigastric pain, bleeding, nausea","PPI (pantoprazole 40 milligrams), H. pylori eradication This treatment is prescribed based on the severity of the condition and should be followed as directed by a healthcare professional."
Motor Neurone Disease,"Riluzole (50 mg twice daily), supportive","EMG (denervation), MRI, clinical (ALS)","Weakness, atrophy, spasticity, dysarthria","Riluzole (50 milligrams twice daily), supportive This treatment is prescribed based on the severity of the condition and should be followed as directed by a healthcare professional."
Pseudophakia,"Monitor, glasses, YAG capsulotomy (if PCO)","Postop exam, slitlamp (IOL), history","Postcataract vision change, glare","Monitor, glasses, YAG capsulotomy (if PCO) This treatment is prescribed based on the severity of the condition and should be followed as directed by a healthcare professional."
Thrombocytopenia,"Treat cause (e.g., prednisone 1 mg/kg), IVIG","CBC (platelets <150k), marrow (if unclear)","Bruising, petechiae, bleeding risk","Treat cause (e.g., prednisone 1 milligrams/kg), intravenousIG This treatment is prescribed based on the severity of the condition and should be followed as directed by a healthcare professional."
Disruptive Mood Dysregulation Disorder,"CBT, risperidone (0.5 mg daily), therapy","DSM5, clinical history, parent report","Tantrums, irritability, chronic, childhood","CBT, risperidone (0.5 milligrams daily), therapy This treatment is prescribed based on the severity of the condition and should be followed as directed by a healthcare professional."
Candida Urinary Tract Infection,"Fluconazole (200 mg daily), catheter change","Urine culture (Candida), urinalysis","Dysuria, frequency, cloudy urine","Fluconazole (200 milligrams daily), catheter change This treatment is prescribed based on the severity of the condition and should be followed as directed by a healthcare professional."
Childhood Hyperkinesis,"Methylphenidate (10 mg daily), behavioral therapy","DSM5 (ADHD), Conners scale, history","Hyperactivity, inattention, impulsivity","Methylphenidate (10 milligrams daily), behavioral therapy This treatment is prescribed based on the severity of the condition and should be followed as directed by a healthcare professional."
Dental Laceration,"Sutures, dental repair, analgesics","Clinical (gum/teeth), dental Xray","Oral bleeding, tooth pain, trauma","Sutures, dental repair, analgesics This treatment is prescribed based on the severity of the condition and should be followed as directed by a healthcare professional."
Parathyroidectomy,"Calcium (1000 mg daily), calcitriol","Postop calcium (<8.5 mg/dL), PTH","Postop neck pain, hypocalcemia, fatigue","Calcium (1000 milligrams daily), calcitriol This treatment is prescribed based on the severity of the condition and should be followed as directed by a healthcare professional."
Panic Disorder,"CBT, paroxetine (20 mg daily), benzodiazepines","DSM5, clinical, rule out medical","Panic attacks, palpitations, fear of recurrence","CBT, paroxetine (20 milligrams daily), benzodiazepines This treatment is prescribed based on the severity of the condition and should be followed as directed by a healthcare professional."
DCIS (Breast Cancer) (2),"Mastectomy (if extensive), radiation","Core biopsy (DCIS), imaging (extent)","Breast lump (rare), mammogram finding","Mastectomy (if extensive), radiation This treatment is prescribed based on the severity of the condition and should be followed as directed by a healthcare professional."
Cutaneous TCell Lymphoma,"Phototherapy, bexarotene (300 mg/m² daily)","Biopsy (Tcell infiltrate), TCR gene rearrangement","Skin patches, plaques, itching, tumors","Phototherapy, bexarotene (300 milligrams/m² daily) This treatment is prescribed based on the severity of the condition and should be followed as directed by a healthcare professional."
VHL (von HippelLindau Syndrome),"Surgery (tumor resection), surveillance","Genetic (VHL mutation), imaging (MRI/CT)","Tumors (e.g., RCC), vision loss, family history","Surgery (tumor resection), surveillance This treatment is prescribed based on the severity of the condition and should be followed as directed by a healthcare professional."
Multiple Symmetric Lipomatosis,"Liposuction, abstinence, surgery","Clinical (lipomas), MRI, history","Fatty masses (neck/shoulders), alcohol link","Liposuction, abstinence, surgery This treatment is prescribed based on the severity of the condition and should be followed as directed by a healthcare professional."
Hemolytic Anemia,"Treat cause (e.g., prednisone 1 mg/kg), transfusion","CBC (low Hgb), LDH, haptoglobin, smear","Fatigue, jaundice, dark urine, hemolysis","Treat cause (e.g., prednisone 1 milligrams/kg), transfusion This treatment is prescribed based on the severity of the condition and should be followed as directed by a healthcare professional."
Polycystic Ovarian Syndrome (PCOS),"Metformin (500 mg twice daily), OCP","Rotterdam criteria, ultrasound (cysts), LH/FSH","Irregular periods, hirsutism, acne, infertility","Metformin (500 milligrams twice daily), OCP This treatment is prescribed based on the severity of the condition and should be followed as directed by a healthcare professional."
Irritable Bowel Syndrome with Constipation,"Linaclotide (290 mcg daily), fiber (25 g)","Rome IV, clinical, rule out organic","Constipation, bloating, abdominal pain","Linaclotide (290 micrograms daily), fiber (25 g) This treatment is prescribed based on the severity of the condition and should be followed as directed by a healthcare professional."
Chronic Lymphocytic Thyroiditis,"Levothyroxine (1.6 mcg/kg daily), monitor","AntiTPO positive, TSH (>4 mIU/L), ultrasound","Goiter, fatigue, hypothyroidism, antibodies","Levothyroxine (1.6 micrograms/kg daily), monitor This treatment is prescribed based on the severity of the condition and should be followed as directed by a healthcare professional."
Leprosy (Hansen’s Disease),"MDT (rifampin 600 mg monthly), dapsone","Biopsy (AFB), slitskin smear, clinical","Skin lesions, numbness, nerve thickening","MDT (rifampin 600 milligrams monthly), dapsone This treatment is prescribed based on the severity of the condition and should be followed as directed by a healthcare professional."
TCAR (Transcarotid Artery Revascularization),"Aspirin (81 mg), monitor, rehab","Postop Doppler, clinical exam, imaging","Postop neck pain, stroke risk reduction","Aspirin (81 milligrams), monitor, rehab This treatment is prescribed based on the severity of the condition and should be followed as directed by a healthcare professional."
Non24Hour Sleep Wake Disorder,"Melatonin (3 mg nightly), light therapy","Actigraphy, sleep log, clinical history","Irregular sleep, fatigue, circadian mismatch","Melatonin (3 milligrams nightly), light therapy This treatment is prescribed based on the severity of the condition and should be followed as directed by a healthcare professional."
Pellagra,"Niacin (100 mg 3x daily), diet correction","Clinical (3 Ds), niacin levels, history","Dermatitis, diarrhea, dementia, niacin deficiency","Niacin (100 milligrams 3 times a day), diet correction This treatment is prescribed based on the severity of the condition and should be followed as directed by a healthcare professional."
Ameloblastoma,"Surgical resection, reconstruction","Xray (radiolucent lesion), biopsy (odontogenic)","Jaw swelling, pain, tooth displacement","Surgical resection, reconstruction This treatment is prescribed based on the severity of the condition and should be followed as directed by a healthcare professional."
DIC (Bleeding Disorder),"Treat cause (e.g., sepsis), FFP, platelets","Labs (low platelets, high Ddimer), PT/INR","Bleeding, bruising, organ failure, clotting","Treat cause (e.g., sepsis), FFP, platelets This treatment is prescribed based on the severity of the condition and should be followed as directed by a healthcare professional."
Prolapsing Mitral Leaflet Syndrome,"Betablockers (propranolol 20 mg), monitor","Echo (MVP), ECG (if arrhythmia), clinical","Palpitations, chest pain, murmur, anxiety","Betablockers (propranolol 20 milligrams), monitor This treatment is prescribed based on the severity of the condition and should be followed as directed by a healthcare professional."
Leg Pain (2),"Treat specific (e.g., cilostazol 100 mg), PT","Clinical, EMG (if neuro), vascular studies","Cramping, numbness, chronic onset","Treat specific (e.g., cilostazol 100 milligrams), PT This treatment is prescribed based on the severity of the condition and should be followed as directed by a healthcare professional."
Capillariasis,"Albendazole (400 mg daily x10 days), fluids","Stool (Capillaria eggs), serology, history","Diarrhea, protein loss, fish ingestion","Albendazole (400 milligrams daily x10 days), fluids This treatment is prescribed based on the severity of the condition and should be followed as directed by a healthcare professional."
Spinal Cord Injury,"Methylprednisolone (30 mg/kg IV), rehab","MRI (cord lesion), neuro exam, Xray","Paralysis, sensory loss, trauma history","Methylprednisolone (30 milligrams/kg intravenous), rehab This treatment is prescribed based on the severity of the condition and should be followed as directed by a healthcare professional."
Functional Dyspepsia,"PPI (lansoprazole 30 mg), prokinetics","Rome IV, endoscopy (normal), clinical","Epigastric discomfort, fullness, no ulcer","PPI (lansoprazole 30 milligrams), prokinetics This treatment is prescribed based on the severity of the condition and should be followed as directed by a healthcare professional."
Alcoholism and Alcohol Abuse,"Naltrexone (50 mg daily), detox, therapy","DSM5, AUDIT score, liver enzymes","Craving, withdrawal, tolerance, organ damage","Naltrexone (50 milligrams daily), detox, therapy This treatment is prescribed based on the severity of the condition and should be followed as directed by a healthcare professional."
Breast Biopsy,"N/A (depends on results, e.g., surgery).","Mammogram, ultrasoundguided sample.",N/A (diagnostic procedure for lumps).,"N/A (depends on results, e.g., surgery). This treatment is prescribed based on the severity of the condition and should be followed as directed by a healthcare professional."
Folate Deficiency,"Folate supplements, diet (leafy greens).","Serum folate, CBC (macrocytosis).","Fatigue, pallor, glossitis, neuropathy.","Folate supplements, diet (leafy greens). This treatment is prescribed based on the severity of the condition and should be followed as directed by a healthcare professional."
Nonobstructive Oliguria,"Fluids, treat cause (e.g., dehydration).","Urine volume, creatinine, rule out obstruction.","Reduced urine output (<400 mL/day), no blockage.","Fluids, treat cause (e.g., dehydration). This treatment is prescribed based on the severity of the condition and should be followed as directed by a healthcare professional."
Diffuse Proliferative Glomerulonephritis,"Steroids, immunosuppressants (e.g., cyclophosphamide).","Kidney biopsy, ANA (lupus link), labs.","Hematuria, proteinuria, edema, hypertension.","Steroids, immunosuppressants (e.g., cyclophosphamide). This treatment is prescribed based on the severity of the condition and should be followed as directed by a healthcare professional."
Chronic Obstructive Lung Disease (COPD),"Bronchodilators, steroids, oxygen.","Spirometry (FEV1/FVC <0.7), chest Xray.","Dyspnea, cough, sputum, exacerbations.","Bronchodilators, steroids, oxygen. This treatment is prescribed based on the severity of the condition and should be followed as directed by a healthcare professional."
Swollen Ankles and Swollen Feet,"Treat cause (e.g., diuretics, compression).","Clinical exam, ultrasound, labs (BNP).","Edema, pain, stiffness (e.g., heart failure, DVT).","Treat cause (e.g., diuretics, compression). This treatment is prescribed based on the severity of the condition and should be followed as directed by a healthcare professional."
Transient Ischemic Attack (TIA),"Antiplatelets (aspirin), manage risk factors.","Clinical history, MRI, carotid ultrasound.","Brief weakness, speech loss, vision changes.","Antiplatelets (aspirin), manage risk factors. This treatment is prescribed based on the severity of the condition and should be followed as directed by a healthcare professional."
Sebaceous Cyst,"Excision (if symptomatic), observation.","Clinical exam, ultrasound (if deep).","Painless lump, may drain or inflame.","Excision (if symptomatic), observation. This treatment is prescribed based on the severity of the condition and should be followed as directed by a healthcare professional."
Labor Induction,"Oxytocin, prostaglandins, membrane sweep.","Fetal/maternal status (e.g., postterm).",N/A (procedure to start labor).,"Oxytocin, prostaglandins, membrane sweep. This treatment is prescribed based on the severity of the condition and should be followed as directed by a healthcare professional."
Hives (Urticaria),"Antihistamines, steroids (severe).","History, skin testing (chronic).","Itchy, red welts, swelling.","Antihistamines, steroids (severe). This treatment is prescribed based on the severity of the condition and should be followed as directed by a healthcare professional."
Acne Vulgaris,"Benzoyl peroxide, retinoids, antibiotics.",Clinical exam.,"Pimples, blackheads, cysts, scarring.","Benzoyl peroxide, retinoids, antibiotics. This treatment is prescribed based on the severity of the condition and should be followed as directed by a healthcare professional."
Childhood Schizophrenia,"Antipsychotics (e.g., risperidone), therapy.","DSM5 criteria, rule out other causes.","Hallucinations, delusions, social withdrawal.","Antipsychotics (e.g., risperidone), therapy. This treatment is prescribed based on the severity of the condition and should be followed as directed by a healthcare professional."
PAH (Pulmonary Arterial Hypertension),"Vasodilators (e.g., sildenafil), oxygen.","Right heart cath, echo, PFTs.","Dyspnea, fatigue, chest pain, syncope.","Vasodilators (e.g., sildenafil), oxygen. This treatment is prescribed based on the severity of the condition and should be followed as directed by a healthcare professional."
Neurosurgery,"Surgical intervention (e.g., craniotomy).","MRI/CT (e.g., tumor, bleed).",N/A (treatment for brain/spine issues).,"Surgical intervention (e.g., craniotomy). This treatment is prescribed based on the severity of the condition and should be followed as directed by a healthcare professional."
Systemic Exertion Intolerance Disease (ME/CFS),"Pacing, symptom management.","Clinical criteria (e.g., IOM), exclusion.","Fatigue, postexertional malaise, brain fog.","Pacing, symptom management. This treatment is prescribed based on the severity of the condition and should be followed as directed by a healthcare professional."
Coma Induction,"Barbiturates, monitoring, ICU care.","Clinical (e.g., TBI), EEG.",N/A (therapeutic for brain injury).,"Barbiturates, monitoring, ICU care. This treatment is prescribed based on the severity of the condition and should be followed as directed by a healthcare professional."
Central Line Associated Bloodstream Infection,"Antibiotics, remove line.","Blood culture (same organism), catheter tip.","Fever, chills, site redness.","Antibiotics, remove line. This treatment is prescribed based on the severity of the condition and should be followed as directed by a healthcare professional."
Clostridium difficile Infection,"Vancomycin, fidaxomicin, fecal transplant.","Stool toxin assay, PCR.","Watery diarrhea, fever, abdominal pain.","Vancomycin, fidaxomicin, fecal transplant. This treatment is prescribed based on the severity of the condition and should be followed as directed by a healthcare professional."
Trichotillomania (HairPulling Disorder),"CBT (habit reversal), SSRIs.","DSM5 criteria, clinical history.","Hair loss, pulling urges, distress.","CBT (habit reversal), SSRIs. This treatment is prescribed based on the severity of the condition and should be followed as directed by a healthcare professional."
Pleurisy (Pleuritis),"Treat cause (e.g., NSAIDs, antibiotics).","Chest Xray, pleural fluid analysis.","Sharp chest pain with breathing, fever.","Treat cause (e.g., NSAIDs, antibiotics). This treatment is prescribed based on the severity of the condition and should be followed as directed by a healthcare professional."
Linear IgA Disease,"Dapsone, steroids.",Skin biopsy (IgA deposits).,"Blisters, itching, annular lesions.","Dapsone, steroids. This treatment is prescribed based on the severity of the condition and should be followed as directed by a healthcare professional."
TEPH (Thromboembolic Pulmonary Hypertension),"Anticoagulation, endarterectomy.","CT pulmonary angiography, right heart cath.","Dyspnea, fatigue, chest pain.","Anticoagulation, endarterectomy. This treatment is prescribed based on the severity of the condition and should be followed as directed by a healthcare professional."
Fast Heartbeat (Tachycardia),"Treat cause (e.g., betablockers, ablation).","ECG, Holter monitor.","Palpitations, dizziness, dyspnea.","Treat cause (e.g., betablockers, ablation). This treatment is prescribed based on the severity of the condition and should be followed as directed by a healthcare professional."
Macrophage Activation Syndrome,"Steroids, cyclosporine, etoposide.","Ferritin, bone marrow, HLH criteria.","Fever, hepatosplenomegaly, cytopenias.","Steroids, cyclosporine, etoposide. This treatment is prescribed based on the severity of the condition and should be followed as directed by a healthcare professional."
Agitation,"Treat cause (e.g., sedatives, therapy).","Clinical history, rule out medical cause.","Restlessness, irritability, varies by cause.","Treat cause (e.g., sedatives, therapy). This treatment is prescribed based on the severity of the condition and should be followed as directed by a healthcare professional."
"Cerebral Sphingolipidosis (e.g., TaySachs)","Supportive, no cure.","Enzyme assay, genetic testing.","Seizures, motor decline, blindness.","Supportive, no cure. This treatment is prescribed based on the severity of the condition and should be followed as directed by a healthcare professional."
Hyphema,"Rest, eye shield, surgery (if severe).",Slitlamp exam.,"Blood in anterior chamber, pain, blurred vision.","Rest, eye shield, surgery (if severe). This treatment is prescribed based on the severity of the condition and should be followed as directed by a healthcare professional."
Erectile Dysfunction (ED),"PDE5 inhibitors (e.g., sildenafil), treat cause.","History, labs (testosterone), Doppler.",Inability to achieve/maintain erection.,"PDE5 inhibitors (e.g., sildenafil), treat cause. This treatment is prescribed based on the severity of the condition and should be followed as directed by a healthcare professional."
Paradoxical Vocal Cord Dysfunction (PVCD),"Speech therapy, treat anxiety.","Laryngoscopy, spirometry.","Dyspnea, stridor, throat tightness.","Speech therapy, treat anxiety. This treatment is prescribed based on the severity of the condition and should be followed as directed by a healthcare professional."
CMV Colitis,"Ganciclovir, valganciclovir.","Colonoscopy, biopsy (CMV inclusions).","Diarrhea, fever, pain (immunocompromised).","Ganciclovir, valganciclovir. This treatment is prescribed based on the severity of the condition and should be followed as directed by a healthcare professional."
Microcephaly,"Supportive, therapy.","Head circumference, MRI, genetic testing.","Small head, developmental delay.","Supportive, therapy. This treatment is prescribed based on the severity of the condition and should be followed as directed by a healthcare professional."
Body Ringworm (Tinea Corporis),"Topical antifungals (e.g., clotrimazole).","Clinical exam, KOH prep.","Red, scaly, ringshaped rash, itching.","Topical antifungals (e.g., clotrimazole). This treatment is prescribed based on the severity of the condition and should be followed as directed by a healthcare professional."
"Cancer, Hypernephroma (Renal Cell Carcinoma)","Nephrectomy, targeted therapy.","CT/MRI, biopsy (if needed).","Hematuria, flank pain, mass.","Nephrectomy, targeted therapy. This treatment is prescribed based on the severity of the condition and should be followed as directed by a healthcare professional."
Adrenogenital Syndrome (CAH),"Glucocorticoids, mineralocorticoids.","17OHP, ACTH stimulation, genetic testing.","Ambiguous genitalia, precocious puberty.","Glucocorticoids, mineralocorticoids. This treatment is prescribed based on the severity of the condition and should be followed as directed by a healthcare professional."
OIC (OpioidInduced Constipation),"Laxatives (e.g., PEG), naloxegol.","History (opioid use), clinical.","Hard stools, straining, bloating.","Laxatives (e.g., PEG), naloxegol. This treatment is prescribed based on the severity of the condition and should be followed as directed by a healthcare professional."
Enlarged Spleen (Splenomegaly),"Treat cause (e.g., infection, cirrhosis).","Ultrasound, CT, labs.","Left upper quadrant pain, fullness, cytopenias.","Treat cause (e.g., infection, cirrhosis). This treatment is prescribed based on the severity of the condition and should be followed as directed by a healthcare professional."
Cerebrovascular Insufficiency,"Antiplatelets, revascularization.","Carotid Doppler, MRA, CT.","Dizziness, TIA, cognitive decline.","Antiplatelets, revascularization. This treatment is prescribed based on the severity of the condition and should be followed as directed by a healthcare professional."
Beard Ringworm (Tinea Barbae),"Oral antifungals (e.g., terbinafine).","KOH prep, fungal culture.","Red, scaly, pustular rash in beard area.","Oral antifungals (e.g., terbinafine). This treatment is prescribed based on the severity of the condition and should be followed as directed by a healthcare professional."
"Hypersecretory Conditions (e.g., ZollingerEllison)","PPI, surgery (gastrinoma).","Gastrin levels, imaging (tumor).","Ulcers, diarrhea, abdominal pain.","PPI, surgery (gastrinoma). This treatment is prescribed based on the severity of the condition and should be followed as directed by a healthcare professional."
Chronic Brain Syndrome (Dementia),"Cholinesterase inhibitors, supportive.","Cognitive testing, MRI, labs.","Memory loss, confusion, personality changes.","Cholinesterase inhibitors, supportive. This treatment is prescribed based on the severity of the condition and should be followed as directed by a healthcare professional."
Auditory Processing Disorder,"Auditory training, accommodations.","Audiological testing, behavioral assessment.","Difficulty understanding speech, especially in noise.","Auditory training, accommodations. This treatment is prescribed based on the severity of the condition and should be followed as directed by a healthcare professional."
Splenic Infarction,"Pain relief, treat cause (e.g., embolism).","CT, ultrasound, labs.","Left upper quadrant pain, fever, nausea.","Pain relief, treat cause (e.g., embolism). This treatment is prescribed based on the severity of the condition and should be followed as directed by a healthcare professional."
Urea Cycle Disorders,"Lowprotein diet, ammonia scavengers.","Ammonia levels, genetic testing.","Hyperammonemia, vomiting, lethargy.","Lowprotein diet, ammonia scavengers. This treatment is prescribed based on the severity of the condition and should be followed as directed by a healthcare professional."
"Sexually Transmitted Diseases (STDs, General)","Antibiotics, antivirals (specific to STD).","Swabs, serology, clinical exam.","Varies (e.g., discharge, sores, rash).","Antibiotics, antivirals (specific to STD). This treatment is prescribed based on the severity of the condition and should be followed as directed by a healthcare professional."
LEMS (LambertEaton Myasthenic Syndrome),"3,4DAP, treat cancer, IVIG.","EMG, VGCC antibodies, cancer screen.","Proximal weakness, autonomic dysfunction.","3,4DAP, treat cancer, intravenousIG. This treatment is prescribed based on the severity of the condition and should be followed as directed by a healthcare professional."
Unconjugated Hyperbilirubinemia,"Observation, treat cause (e.g., hemolysis).","Bilirubin (unconjugated), LFTs.","Jaundice, often asymptomatic (e.g., Gilbert’s).","Observation, treat cause (e.g., hemolysis). This treatment is prescribed based on the severity of the condition and should be followed as directed by a healthcare professional."
"Metabolic Bone Disorders (e.g., Osteoporosis)","Bisphosphonates, calcium, vitamin D.","DEXA scan, labs (calcium, vitamin D).","Fractures, bone pain, height loss.","Bisphosphonates, calcium, vitamin D. This treatment is prescribed based on the severity of the condition and should be followed as directed by a healthcare professional."
Tethered Cord Syndrome,"Surgical release, supportive.","MRI (low conus), clinical.","Back pain, leg weakness, bladder issues.","Surgical release, supportive. This treatment is prescribed based on the severity of the condition and should be followed as directed by a healthcare professional."
Skin Biopsy,N/A (depends on results).,Histopathology of sample.,N/A (diagnostic for skin lesions).,N/A (depends on results). This treatment is prescribed based on the severity of the condition and should be followed as directed by a healthcare professional.
Foot Drop,"Bracing, treat cause (e.g., PT, surgery).","EMG, MRI (nerve/spine).","Difficulty lifting foot, dragging gait.","Bracing, treat cause (e.g., PT, surgery). This treatment is prescribed based on the severity of the condition and should be followed as directed by a healthcare professional."
Prevention of Sunburn,"Sunscreen, clothing, shade.",N/A.,N/A (preventive measure).,"Sunscreen, clothing, shade. This treatment is prescribed based on the severity of the condition and should be followed as directed by a healthcare professional."
Shingles (Herpes Zoster),"Antivirals (e.g., acyclovir), pain relief.","Clinical exam, PCR (if unclear).","Painful rash, blisters, nerve distribution.","Antivirals (e.g., acyclovir), pain relief. This treatment is prescribed based on the severity of the condition and should be followed as directed by a healthcare professional."
Chronic Inflammatory Demyelinating Polyradiculoneuropathy (CIDP),"IVIG, steroids, plasmapheresis.","Nerve conduction, CSF (high protein).","Weakness, numbness, sensory loss (>8 weeks).","intravenousIG, steroids, plasmapheresis. This treatment is prescribed based on the severity of the condition and should be followed as directed by a healthcare professional."
"Eyelid Bump (e.g., Chalazion)","Warm compress, surgery (persistent).",Clinical exam.,"Painless lump, redness (if inflamed).","Warm compress, surgery (persistent). This treatment is prescribed based on the severity of the condition and should be followed as directed by a healthcare professional."
Transcobalamin II Deficiency,Highdose B12 injections.,"B12 levels normal, genetic testing.","Megaloblastic anemia, failure to thrive.",Highdose B12 injections. This treatment is prescribed based on the severity of the condition and should be followed as directed by a healthcare professional.
Eye (Visual) Floaters,"Observation, vitrectomy (severe).","Fundoscopy, ultrasound.","Spots in vision, may signal detachment.","Observation, vitrectomy (severe). This treatment is prescribed based on the severity of the condition and should be followed as directed by a healthcare professional."
Shock,"Fluids, vasopressors, treat cause.","Clinical, lactate, vitals.","Hypotension, tachycardia, cold skin.","Fluids, vasopressors, treat cause. This treatment is prescribed based on the severity of the condition and should be followed as directed by a healthcare professional."
Tibial Tubercle Osteotomy,"Surgical realignment, rehab.","Xray, MRI.","(Pretreatment) Knee pain, patellar instability.","Surgical realignment, rehab. This treatment is prescribed based on the severity of the condition and should be followed as directed by a healthcare professional."
Lightning Injuries,"CPR, supportive care, monitor.","Clinical history, ECG.","Burns, cardiac arrest, neuro deficits.","CPR, supportive care, monitor. This treatment is prescribed based on the severity of the condition and should be followed as directed by a healthcare professional."
Anemia Associated with Folate Deficiency,"Folate supplements, diet.","Serum folate, CBC (macrocytosis).","Fatigue, pallor, glossitis, neuropathy.","Folate supplements, diet. This treatment is prescribed based on the severity of the condition and should be followed as directed by a healthcare professional."
COPD (Chronic Obstructive Pulmonary Disease),"Bronchodilators, steroids, oxygen.","Spirometry (FEV1/FVC <0.7), chest Xray.","Dyspnea, cough, sputum, exacerbations.","Bronchodilators, steroids, oxygen. This treatment is prescribed based on the severity of the condition and should be followed as directed by a healthcare professional."
Neoplastic Diseases (General),"Surgery, chemo/radiation.","Biopsy, imaging, tumor markers.","Varies (e.g., mass, weight loss).","Surgery, chemo/radiation. This treatment is prescribed based on the severity of the condition and should be followed as directed by a healthcare professional."
Disseminated Intravascular Coagulation (DIC),"Treat cause, FFP, platelets.","PT/PTT, Ddimer, fibrinogen.","Bleeding, clotting, organ failure.","Treat cause, FFP, platelets. This treatment is prescribed based on the severity of the condition and should be followed as directed by a healthcare professional."
Hormone Therapy for Breast Cancer,"Tamoxifen, aromatase inhibitors.",Biopsy (ER/PR status).,N/A (treatment for ER+ cancer).,"Tamoxifen, aromatase inhibitors. This treatment is prescribed based on the severity of the condition and should be followed as directed by a healthcare professional."
Brachial Plexus Injury,"PT, surgery (nerve repair).","EMG, MRI.","Arm weakness, numbness, pain.","PT, surgery (nerve repair). This treatment is prescribed based on the severity of the condition and should be followed as directed by a healthcare professional."
"Cancer, Meningeal Leukemia","Intrathecal chemo, radiation.","CSF analysis, MRI.","Headache, cranial nerve deficits, nausea.","Intrathecal chemo, radiation. This treatment is prescribed based on the severity of the condition and should be followed as directed by a healthcare professional."
Viral Meningitis in Children,"Supportive, antivirals (if specific).","LP (CSF PCR), clinical.","Fever, headache, neck stiffness.","Supportive, antivirals (if specific). This treatment is prescribed based on the severity of the condition and should be followed as directed by a healthcare professional."
Herpes Zoster Meningitis,"Acyclovir, pain management.","CSF PCR (VZV), clinical.","Rash, headache, neck stiffness.","Acyclovir, pain management. This treatment is prescribed based on the severity of the condition and should be followed as directed by a healthcare professional."
Celiac Sprue (Celiac Disease),Glutenfree diet.,"tTGIgA, biopsy (villous atrophy).","Diarrhea, bloating, malabsorption.",Glutenfree diet. This treatment is prescribed based on the severity of the condition and should be followed as directed by a healthcare professional.
Wheals and Welts (Urticaria),"Antihistamines, steroids (severe).","History, skin testing (chronic).","Itchy, red raised patches.","Antihistamines, steroids (severe). This treatment is prescribed based on the severity of the condition and should be followed as directed by a healthcare professional."
Acute PostHemorrhagic Anemia,"Transfusion, stop bleeding.","CBC (low Hgb), history.","Fatigue, pallor, tachycardia (postbleed).","Transfusion, stop bleeding. This treatment is prescribed based on the severity of the condition and should be followed as directed by a healthcare professional."
Anemia of Prematurity,"Transfusions, EPO, iron.","CBC, reticulocyte count.","Pallor, lethargy, poor feeding (preemies).","Transfusions, EPO, iron. This treatment is prescribed based on the severity of the condition and should be followed as directed by a healthcare professional."
Stress Ulcer Prophylaxis,"PPI, H2 blockers.","Risk assessment (e.g., ventilator).",N/A (preventive in ICU).,"PPI, H2 blockers. This treatment is prescribed based on the severity of the condition and should be followed as directed by a healthcare professional."
Alcoholic Gastritis with Hemorrhage,"PPI, stop alcohol, fluids.","Endoscopy, history (alcohol).","Epigastric pain, hematemesis, nausea.","PPI, stop alcohol, fluids. This treatment is prescribed based on the severity of the condition and should be followed as directed by a healthcare professional."
Schilling Test,"N/A (obsolete, replaced by labs).","Radioactive B12, urine collection.",N/A (diagnostic for B12 absorption).,"N/A (obsolete, replaced by labs). This treatment is prescribed based on the severity of the condition and should be followed as directed by a healthcare professional."
Tremors,"Treat cause (e.g., betablockers, levodopa).","Clinical exam, MRI, labs.","Shaking (rest, action), varies by cause.","Treat cause (e.g., betablockers, levodopa). This treatment is prescribed based on the severity of the condition and should be followed as directed by a healthcare professional."
Neuronal Ceroid Lipofuscinosis,"Supportive, no cure.","Genetic testing, brain biopsy.","Seizures, vision loss, cognitive decline.","Supportive, no cure. This treatment is prescribed based on the severity of the condition and should be followed as directed by a healthcare professional."
"Cancer, Melanoma","Excision, immunotherapy (advanced).","Biopsy, dermoscopy.","Asymmetrical mole, color change, growth.","Excision, immunotherapy (advanced). This treatment is prescribed based on the severity of the condition and should be followed as directed by a healthcare professional."
"Dermatitis, Allergic","Avoid allergen, steroids.","Patch testing, history.","Red, itchy rash, blisters (contact).","Avoid allergen, steroids. This treatment is prescribed based on the severity of the condition and should be followed as directed by a healthcare professional."
Arterial Thrombosis,"Anticoagulation, thrombolysis, surgery.","Doppler, angiography.","Pain, pallor, pulselessness (e.g., limb).","Anticoagulation, thrombolysis, surgery. This treatment is prescribed based on the severity of the condition and should be followed as directed by a healthcare professional."
Phenylketonuria (PKU),Lowphenylalanine diet.,"Newborn screen, phenylalanine levels.","Developmental delay, musty odor (untreated).",Lowphenylalanine diet. This treatment is prescribed based on the severity of the condition and should be followed as directed by a healthcare professional.
Subclinical Hypothyroidism,"Monitor, levothyroxine (if symptomatic).","TSH elevated, T4 normal.","Often asymptomatic, mild fatigue.","Monitor, levothyroxine (if symptomatic). This treatment is prescribed based on the severity of the condition and should be followed as directed by a healthcare professional."
Orotic Aciduria,Uridine supplementation.,"Urine orotic acid, genetic testing.","Megaloblastic anemia, growth failure.",Uridine supplementation. This treatment is prescribed based on the severity of the condition and should be followed as directed by a healthcare professional.
SMEI (Dravet Syndrome),"Anticonvulsants, ketogenic diet.","EEG, SCN1A mutation.","Febrile seizures, developmental delay.","Anticonvulsants, ketogenic diet. This treatment is prescribed based on the severity of the condition and should be followed as directed by a healthcare professional."
Paraplegia,"Rehab, treat cause (e.g., trauma).","MRI (spinal cord), clinical.","Lower limb paralysis, sensory loss.","Rehab, treat cause (e.g., trauma). This treatment is prescribed based on the severity of the condition and should be followed as directed by a healthcare professional."
Pseudofolliculitis Barbae,"Shaving changes, topical steroids.",Clinical exam.,"Bumps, ingrown hairs (beard area).","Shaving changes, topical steroids. This treatment is prescribed based on the severity of the condition and should be followed as directed by a healthcare professional."
Pressure Ulcers,"Wound care, offloading, surgery (severe).",Clinical staging (IIV).,"Skin breakdown, pain, infection risk.","Wound care, offloading, surgery (severe). This treatment is prescribed based on the severity of the condition and should be followed as directed by a healthcare professional."
Hypertensive Crisis,"IV meds (e.g., nitroprusside), monitor.","BP measurement, labs (e.g., creatinine).","BP >180/120, headache, organ damage.","intravenous meds (e.g., nitroprusside), monitor. This treatment is prescribed based on the severity of the condition and should be followed as directed by a healthcare professional."
Heart Palpitations in Adolescents,"Reassurance, treat cause (e.g., caffeine).","ECG, Holter, rule out causes.","Racing heart, anxiety, dizziness.","Reassurance, treat cause (e.g., caffeine). This treatment is prescribed based on the severity of the condition and should be followed as directed by a healthcare professional."
Chemical Eye Burns,"Irrigation, steroids, referral.","Clinical exam, pH testing.","Pain, redness, vision loss.","Irrigation, steroids, referral. This treatment is prescribed based on the severity of the condition and should be followed as directed by a healthcare professional."
Atrial Septal Defect,"Closure (catheter/surgery), observation.","Echocardiogram, ECG.","Murmur, fatigue, dyspnea (if large).","Closure (catheter/surgery), observation. This treatment is prescribed based on the severity of the condition and should be followed as directed by a healthcare professional."
ARDS (Acute Respiratory Distress Syndrome),"Ventilation, treat cause.","Chest Xray, PaO2/FiO2 ratio.","Severe dyspnea, hypoxia, infiltrates.","Ventilation, treat cause. This treatment is prescribed based on the severity of the condition and should be followed as directed by a healthcare professional."
Tracheostomy Care,"Suctioning, cleaning, monitor infection.",N/A.,N/A (postprocedure management).,"Suctioning, cleaning, monitor infection. This treatment is prescribed based on the severity of the condition and should be followed as directed by a healthcare professional."
EmeryDreifuss Muscular Dystrophy,"PT, cardiac monitoring, supportive.","Genetic testing (EMD, LMNA), EMG.","Contractures, weakness, cardiac issues.","PT, cardiac monitoring, supportive. This treatment is prescribed based on the severity of the condition and should be followed as directed by a healthcare professional."
Bone Metastases of Breast Cancer,"Bisphosphonates, radiation, chemo.","Bone scan, Xray, biopsy.","Bone pain, fractures, hypercalcemia.","Bisphosphonates, radiation, chemo. This treatment is prescribed based on the severity of the condition and should be followed as directed by a healthcare professional."
Face Lift,"Surgical lifting, recovery.",Clinical assessment.,N/A (cosmetic procedure).,"Surgical lifting, recovery. This treatment is prescribed based on the severity of the condition and should be followed as directed by a healthcare professional."
Fetal Macrosomia,"Monitor, Csection (if needed).","Ultrasound, maternal glucose.","Large fetus (>4000g), delivery risks.","Monitor, Csection (if needed). This treatment is prescribed based on the severity of the condition and should be followed as directed by a healthcare professional."
Liver or Spleen Laceration,"Surgery, embolization, observation.","CT, FAST ultrasound.","Abdominal pain, shock, bleeding.","Surgery, embolization, observation. This treatment is prescribed based on the severity of the condition and should be followed as directed by a healthcare professional."
Ebola Hemorrhagic Fever,"Supportive, monoclonal antibodies.","RTPCR, serology.","Fever, bleeding, organ failure.","Supportive, monoclonal antibodies. This treatment is prescribed based on the severity of the condition and should be followed as directed by a healthcare professional."
Unipolar Depression,"SSRIs, therapy (CBT).","DSM5 criteria, PHQ9.","Sadness, fatigue, hopelessness.","SSRIs, therapy (CBT). This treatment is prescribed based on the severity of the condition and should be followed as directed by a healthcare professional."
Graft Versus Host Disease,"Steroids, immunosuppressants.","Biopsy, clinical criteria.","Rash, diarrhea, liver dysfunction (posttransplant).","Steroids, immunosuppressants. This treatment is prescribed based on the severity of the condition and should be followed as directed by a healthcare professional."
Ehrlichiosis and Anaplasmosis,Doxycycline.,"PCR, serology, blood smear.","Fever, headache, myalgia, cytopenias.",Doxycycline. This treatment is prescribed based on the severity of the condition and should be followed as directed by a healthcare professional.
Leg Exercises for ACL Injury,"PT (quad strengthening), surgery (if torn).","MRI, Lachman test.","(Pretreatment) Knee instability, pain.","PT (quad strengthening), surgery (if torn). This treatment is prescribed based on the severity of the condition and should be followed as directed by a healthcare professional."
EUPD (Borderline Personality Disorder),"DBT, therapy, meds (symptombased).","DSM5 criteria, clinical interview.","Mood swings, impulsivity, selfharm.","DBT, therapy, meds (symptombased). This treatment is prescribed based on the severity of the condition and should be followed as directed by a healthcare professional."
"Transient Ischemic Attack (TIA, MiniStroke)","Antiplatelets, risk factor management.","MRI, carotid ultrasound.","Brief weakness, speech loss, vision changes.","Antiplatelets, risk factor management. This treatment is prescribed based on the severity of the condition and should be followed as directed by a healthcare professional."
"Njovera (Likely Typo, Assuming Neurovascular Issue?)",Depends on clarification.,"Clinical, imaging (if vascular/nerve).","Varies (e.g., pain, numbness).",Depends on clarification. This treatment is prescribed based on the severity of the condition and should be followed as directed by a healthcare professional.
GWI (Gulf War Syndrome),"Symptom relief, CBT.","History (Gulf War), exclusion.","Fatigue, joint pain, cognitive issues.","Symptom relief, CBT. This treatment is prescribed based on the severity of the condition and should be followed as directed by a healthcare professional."
Migraines and Seizures,"Anticonvulsants, migraine prophylaxis.","EEG, MRI, clinical history.","Headache, aura, convulsions.","Anticonvulsants, migraine prophylaxis. This treatment is prescribed based on the severity of the condition and should be followed as directed by a healthcare professional."
Infantile Acropustulosis,"Topical steroids, selflimiting.","Clinical exam, rule out scabies.",Itchy pustules on hands/feet (infants).,"Topical steroids, selflimiting. This treatment is prescribed based on the severity of the condition and should be followed as directed by a healthcare professional."
Pyloromyotomy,"Surgical incision, feeding support.",Ultrasound (thickened pylorus).,"(Pretreatment) Vomiting, pyloric stenosis.","Surgical incision, feeding support. This treatment is prescribed based on the severity of the condition and should be followed as directed by a healthcare professional."
Brain Tumors in Children,"Surgery, radiation, chemo.","MRI, biopsy.","Headache, vomiting, seizures, neuro deficits.","Surgery, radiation, chemo. This treatment is prescribed based on the severity of the condition and should be followed as directed by a healthcare professional."
Strabismus Repair,"Surgical alignment, patching.","Eye exam, orthoptic assessment.","(Pretreatment) Misaligned eyes, diplopia.","Surgical alignment, patching. This treatment is prescribed based on the severity of the condition and should be followed as directed by a healthcare professional."
Upset Stomach,"Treat cause (e.g., antacids, diet).","History, labs, imaging (if persistent).","Nausea, pain, bloating (varies by cause).","Treat cause (e.g., antacids, diet). This treatment is prescribed based on the severity of the condition and should be followed as directed by a healthcare professional."
Chemical Pleurodesis,"Talc/doxycycline, chest tube.","Chest Xray, fluid analysis.",(Pretreatment) Recurrent effusion.,"Talc/doxycycline, chest tube. This treatment is prescribed based on the severity of the condition and should be followed as directed by a healthcare professional."
Prolactinomas,"Cabergoline, surgery (large).","Prolactin levels, MRI (pituitary).","Galactorrhea, infertility, headache.","Cabergoline, surgery (large). This treatment is prescribed based on the severity of the condition and should be followed as directed by a healthcare professional."
Tracheotomy,"Surgical airway, postop care.","Clinical, imaging (if needed).",(Pretreatment) Airway obstruction.,"Surgical airway, postop care. This treatment is prescribed based on the severity of the condition and should be followed as directed by a healthcare professional."
"Cancer, Kaposi’s Sarcoma","ART, chemo (if advanced).","Biopsy, HIV status.","Purple skin lesions, edema (HIVrelated).","ART, chemo (if advanced). This treatment is prescribed based on the severity of the condition and should be followed as directed by a healthcare professional."
Sleep Terrors (Night Terrors),"Reassurance, sleep hygiene.","History, sleep study (if needed).","Screaming, unresponsiveness, no recall.","Reassurance, sleep hygiene. This treatment is prescribed based on the severity of the condition and should be followed as directed by a healthcare professional."
Linear IgA Bullous Dermatosis,"Dapsone, steroids.",Biopsy (IgA deposits).,"Blisters, itching, annular lesions.","Dapsone, steroids. This treatment is prescribed based on the severity of the condition and should be followed as directed by a healthcare professional."
"Cancer, Burkitt Lymphoma","Intensive chemo (e.g., RCODOXM).","Biopsy, PETCT, MYC translocation.","Rapidly growing mass, B symptoms.","Intensive chemo (e.g., RCODOXM). This treatment is prescribed based on the severity of the condition and should be followed as directed by a healthcare professional."
Peptic Ulcer with Perforation,"Surgery, antibiotics, PPI.","Xray (free air), CT.","Severe abdominal pain, peritonitis.","Surgery, antibiotics, PPI. This treatment is prescribed based on the severity of the condition and should be followed as directed by a healthcare professional."
Mantle Cell Lymphoma (MCL),"Chemo (RCHOP), transplant.","Biopsy (cyclin D1), PETCT.","Lymphadenopathy, fatigue, B symptoms.","Chemo (RCHOP), transplant. This treatment is prescribed based on the severity of the condition and should be followed as directed by a healthcare professional."
"Cystitis, Noninfectious","Pentosan, bladder instillations.","Urinalysis (sterile), cystoscopy.","Dysuria, urgency, no infection.","Pentosan, bladder instillations. This treatment is prescribed based on the severity of the condition and should be followed as directed by a healthcare professional."
Diabetes Mellitus,"Diet, metformin, insulin.","A1c, fasting glucose, OGTT.","Polyuria, thirst, fatigue, hyperglycemia.","Diet, metformin, insulin. This treatment is prescribed based on the severity of the condition and should be followed as directed by a healthcare professional."
Moderate and Severe Persistent Asthma,"ICS/LABA, oral steroids (severe).","Spirometry, peak flow, history.","Wheezing, dyspnea, frequent symptoms.","ICS/LABA, oral steroids (severe). This treatment is prescribed based on the severity of the condition and should be followed as directed by a healthcare professional."
Parathyroid Scintigraphy,N/A (guides surgery).,"Sestamibi scan, PTH levels.",N/A (diagnostic for hyperparathyroidism).,N/A (guides surgery). This treatment is prescribed based on the severity of the condition and should be followed as directed by a healthcare professional.
CatheterAssociated Urinary Tract Infection,"Antibiotics, remove catheter.","Urine culture (>10^5 CFU), catheter use.","Fever, dysuria, cloudy urine.","Antibiotics, remove catheter. This treatment is prescribed based on the severity of the condition and should be followed as directed by a healthcare professional."
Generalized Anxiety Disorder in Children,"CBT, SSRIs (e.g., sertraline).","DSM5, GAD7, clinical.","Excessive worry, restlessness, somatic complaints.","CBT, SSRIs (e.g., sertraline). This treatment is prescribed based on the severity of the condition and should be followed as directed by a healthcare professional."
Photophobia,"Treat cause (e.g., sunglasses, meds).","History, eye exam, rule out cause.","Light sensitivity, eye pain.","Treat cause (e.g., sunglasses, meds). This treatment is prescribed based on the severity of the condition and should be followed as directed by a healthcare professional."
Torticollis,"PT, Botox, surgery (severe).","Clinical exam, imaging (if congenital).","Neck stiffness, head tilt.","PT, Botox, surgery (severe). This treatment is prescribed based on the severity of the condition and should be followed as directed by a healthcare professional."
Esophageal Varices with Bleeding,"Banding, TIPS, octreotide.","Endoscopy, imaging (cirrhosis).","Hematemesis, shock, melena.","Banding, TIPS, octreotide. This treatment is prescribed based on the severity of the condition and should be followed as directed by a healthcare professional."
Enterobius vermicularis (Pinworm),"Mebendazole, hygiene.","Tape test (eggs), visual worms.","Anal itching, restless sleep.","Mebendazole, hygiene. This treatment is prescribed based on the severity of the condition and should be followed as directed by a healthcare professional."
"Dermatitis, Contact","Avoid trigger, steroids.","History, patch testing.","Red, itchy rash, blisters (allergen/iritant).","Avoid trigger, steroids. This treatment is prescribed based on the severity of the condition and should be followed as directed by a healthcare professional."
Intellectual Disability,"Education, support services.","IQ testing, developmental history.","Cognitive delay, adaptive deficits.","Education, support services. This treatment is prescribed based on the severity of the condition and should be followed as directed by a healthcare professional."
Cavernosal/Penile Tissue Abnormalities,"Surgery, PDE5 inhibitors.","Ultrasound, clinical exam.","ED, deformity (e.g., Peyronie’s).","Surgery, PDE5 inhibitors. This treatment is prescribed based on the severity of the condition and should be followed as directed by a healthcare professional."
Staph (Staphylococcus) Infection,"Antibiotics (e.g., vancomycin), drainage.","Culture, clinical exam.","Abscess, cellulitis, fever.","Antibiotics (e.g., vancomycin), drainage. This treatment is prescribed based on the severity of the condition and should be followed as directed by a healthcare professional."
ERCP (Endoscopic Retrograde Cholangiopancreatography),"Stone removal, stenting.","Imaging (e.g., stones, strictures).",N/A (diagnostic/therapeutic).,"Stone removal, stenting. This treatment is prescribed based on the severity of the condition and should be followed as directed by a healthcare professional."
Gender Affirming Hormone Therapy,"Estrogen/testosterone, monitoring.","Clinical evaluation, psych assessment.",N/A (treatment for gender dysphoria).,"Estrogen/testosterone, monitoring. This treatment is prescribed based on the severity of the condition and should be followed as directed by a healthcare professional."
BED (Binge Eating Disorder),"CBT, lisdexamfetamine.","DSM5 criteria, clinical.","Binge eating, guilt, no purging.","CBT, lisdexamfetamine. This treatment is prescribed based on the severity of the condition and should be followed as directed by a healthcare professional."
StuartPrower Factor Deficiency (Factor X),"FFP, PCC (prothrombin complex).","PT/PTT, factor X assay.","Bleeding, bruising, rare.","FFP, PCC (prothrombin complex). This treatment is prescribed based on the severity of the condition and should be followed as directed by a healthcare professional."
Systemic Lupus Erythematosus (SLE),"Steroids, hydroxychloroquine.","ANA, antidsDNA, criteria.","Rash, joint pain, fatigue, organ involvement.","Steroids, hydroxychloroquine. This treatment is prescribed based on the severity of the condition and should be followed as directed by a healthcare professional."
IgA Nephropathy,"ACE inhibitors, steroids (severe).",Kidney biopsy (IgA deposits).,"Hematuria, proteinuria, hypertension.","ACE inhibitors, steroids (severe). This treatment is prescribed based on the severity of the condition and should be followed as directed by a healthcare professional."
Eustachian Tube Problems,"Decongestants, autoinflation.","Clinical exam, tympanometry.","Ear fullness, muffled hearing, pain.","Decongestants, autoinflation. This treatment is prescribed based on the severity of the condition and should be followed as directed by a healthcare professional."
Decubitus Sore (Pressure Ulcer),"Wound care, offloading.",Clinical staging (IIV).,"Skin breakdown, pain, infection.","Wound care, offloading. This treatment is prescribed based on the severity of the condition and should be followed as directed by a healthcare professional."
"Meningitis, Haemophilus influenzae","Ceftriaxone, steroids.","LP (CSF culture), PCR.","Fever, neck stiffness, altered mental status.","Ceftriaxone, steroids. This treatment is prescribed based on the severity of the condition and should be followed as directed by a healthcare professional."
Night Sweats,"Treat cause (e.g., antipyretics).","History, labs (e.g., TB, lymphoma).","Excessive sweating at night, varies by cause.","Treat cause (e.g., antipyretics). This treatment is prescribed based on the severity of the condition and should be followed as directed by a healthcare professional."
Oral Piercings,"Antibiotics (infection), removal.",Clinical exam (if complications).,"N/A (risk of infection, injury).","Antibiotics (infection), removal. This treatment is prescribed based on the severity of the condition and should be followed as directed by a healthcare professional."
Pressure Injury,"Wound care, offloading.",Clinical staging (IIV).,"Skin breakdown, pain, infection risk.","Wound care, offloading. This treatment is prescribed based on the severity of the condition and should be followed as directed by a healthcare professional."
Voice Disorders,"Treat cause (e.g., therapy, surgery).","Laryngoscopy, voice assessment.","Hoarseness, weak voice, varies by cause.","Treat cause (e.g., therapy, surgery). This treatment is prescribed based on the severity of the condition and should be followed as directed by a healthcare professional."
Unstable Bladder (Overactive Bladder),"Anticholinergics, Botox.","Urodynamics, history.","Urgency, frequency, incontinence.","Anticholinergics, Botox. This treatment is prescribed based on the severity of the condition and should be followed as directed by a healthcare professional."
"Glioma, Malignant","Surgery, radiation, chemo.","MRI, biopsy (e.g., glioblastoma).","Headache, seizures, neuro deficits.","Surgery, radiation, chemo. This treatment is prescribed based on the severity of the condition and should be followed as directed by a healthcare professional."
Poison Sumac,"Steroids, antihistamines.","History (plant exposure), clinical.","Red, itchy rash, blisters.","Steroids, antihistamines. This treatment is prescribed based on the severity of the condition and should be followed as directed by a healthcare professional."
Colostomy,"Stoma care, appliance use.","N/A (e.g., cancer, obstruction).",N/A (postsurgical management).,"Stoma care, appliance use. This treatment is prescribed based on the severity of the condition and should be followed as directed by a healthcare professional."
Clavicle Fracture,"Sling, surgery (if displaced).",Xray.,"Pain, swelling, deformity at collarbone.","Sling, surgery (if displaced). This treatment is prescribed based on the severity of the condition and should be followed as directed by a healthcare professional."
"Sinusitis, Acute","Decongestants, antibiotics (bacterial).","Clinical, CT (if complicated).","Facial pain, congestion, discharge.","Decongestants, antibiotics (bacterial). This treatment is prescribed based on the severity of the condition and should be followed as directed by a healthcare professional."
Colorectal Polyps,"Polypectomy, monitoring.","Colonoscopy, biopsy.","Often asymptomatic, bleeding (if large).","Polypectomy, monitoring. This treatment is prescribed based on the severity of the condition and should be followed as directed by a healthcare professional."
Pitted Keratolysis,"Topical antibiotics, keep dry.","Clinical exam, culture (Corynebacterium).","Pitted foot skin, odor, wet feet.","Topical antibiotics, keep dry. This treatment is prescribed based on the severity of the condition and should be followed as directed by a healthcare professional."
"Venereal Disease (STDs, General)","Antibiotics, antivirals (specific).","Swabs, serology, clinical.","Varies (e.g., sores, discharge).","Antibiotics, antivirals (specific). This treatment is prescribed based on the severity of the condition and should be followed as directed by a healthcare professional."
Frambesia Tropica (Yaws),"Azithromycin, penicillin.","Serology (RPR), clinical.","Skin lesions, bone pain (treponemal).","Azithromycin, penicillin. This treatment is prescribed based on the severity of the condition and should be followed as directed by a healthcare professional."
Fetal Alcohol Syndrome,"Supportive, early intervention.","Clinical features, maternal history.","Facial anomalies, growth delay, neuro issues.","Supportive, early intervention. This treatment is prescribed based on the severity of the condition and should be followed as directed by a healthcare professional."
Atrial Fibrillation,"Anticoagulation, rate control (e.g., betablockers).","ECG (irregular rhythm), Holter.","Palpitations, fatigue, stroke risk.","Anticoagulation, rate control (e.g., betablockers). This treatment is prescribed based on the severity of the condition and should be followed as directed by a healthcare professional."
Beta Thalassemia,"Transfusions, chelation.","Hb electrophoresis, genetic testing.","Anemia, splenomegaly, bone changes.","Transfusions, chelation. This treatment is prescribed based on the severity of the condition and should be followed as directed by a healthcare professional."
IgAN (IgA Nephropathy),"ACE inhibitors, steroids (severe).",Kidney biopsy (IgA deposits).,"Hematuria, proteinuria, hypertension.","ACE inhibitors, steroids (severe). This treatment is prescribed based on the severity of the condition and should be followed as directed by a healthcare professional."
Nerve Gas Poisoning,"Atropine, pralidoxime, supportive.","Clinical (exposure), cholinesterase levels.","Miosis, salivation, respiratory failure.","Atropine, pralidoxime, supportive. This treatment is prescribed based on the severity of the condition and should be followed as directed by a healthcare professional."
"Cancer, Malignant Pleural Mesothelioma","Surgery, chemo, palliative.","Biopsy, CT, asbestos history.","Chest pain, dyspnea, effusion.","Surgery, chemo, palliative. This treatment is prescribed based on the severity of the condition and should be followed as directed by a healthcare professional."
Pudendal Neuralgia,"Pain relief, nerve blocks, PT.","Clinical, nerve block test.","Pelvic/perineal pain, worse with sitting.","Pain relief, nerve blocks, PT. This treatment is prescribed based on the severity of the condition and should be followed as directed by a healthcare professional."
Cervical Sprain,"Rest, PT, NSAIDs.","Clinical exam, Xray (rule out fracture).","Neck pain, stiffness, limited motion.","Rest, PT, NSAIDs. This treatment is prescribed based on the severity of the condition and should be followed as directed by a healthcare professional."
Japanese Encephalitis Virus Prophylaxis,"Vaccination, mosquito avoidance.",N/A.,N/A (preventive measure).,"Vaccination, mosquito avoidance. This treatment is prescribed based on the severity of the condition and should be followed as directed by a healthcare professional."
Autoimmune Hepatitis,"Steroids, azathioprine.","ANA, liver biopsy, LFTs.","Fatigue, jaundice, abdominal pain.","Steroids, azathioprine. This treatment is prescribed based on the severity of the condition and should be followed as directed by a healthcare professional."
Skin Disinfection,"Antiseptics (e.g., chlorhexidine).",N/A.,N/A (preprocedure).,"Antiseptics (e.g., chlorhexidine). This treatment is prescribed based on the severity of the condition and should be followed as directed by a healthcare professional."
Sprains and Strains,"RICE, PT, bracing.","Clinical exam, imaging (if severe).","Pain, swelling, limited motion.","RICE, PT, bracing. This treatment is prescribed based on the severity of the condition and should be followed as directed by a healthcare professional."
"Pathological Hypersecretory Disorder (e.g., ZollingerEllison)","PPI, surgery (tumor).","Gastrin levels, imaging.","Ulcers, diarrhea, abdominal pain.","PPI, surgery (tumor). This treatment is prescribed based on the severity of the condition and should be followed as directed by a healthcare professional."
Urinary Frequency,"Treat cause (e.g., anticholinergics).","Urinalysis, urodynamics.","Frequent urination, urgency.","Treat cause (e.g., anticholinergics). This treatment is prescribed based on the severity of the condition and should be followed as directed by a healthcare professional."
Hypothyroidism in Pregnancy,"Levothyroxine, monitor fetus.","TSH, free T4.","Fatigue, weight gain, cold intolerance.","Levothyroxine, monitor fetus. This treatment is prescribed based on the severity of the condition and should be followed as directed by a healthcare professional."
Post Cholecystectomy Diarrhea,"Cholestyramine, diet changes.","History, rule out other causes.",Loose stools postgallbladder removal.,"Cholestyramine, diet changes. This treatment is prescribed based on the severity of the condition and should be followed as directed by a healthcare professional."
Acute Stress Reaction,"Support, therapy, shortterm meds.","DSM5 criteria, clinical.","Anxiety, dissociation, posttrauma.","Support, therapy, shortterm meds. This treatment is prescribed based on the severity of the condition and should be followed as directed by a healthcare professional."
Insulin Resistance,"Lifestyle changes, metformin.","HOMAIR, fasting insulin/glucose.","Often asymptomatic, acanthosis nigricans.","Lifestyle changes, metformin. This treatment is prescribed based on the severity of the condition and should be followed as directed by a healthcare professional."
ECMO (Extracorporeal Membrane Oxygenation),"Cannulation, oxygenation, ICU.","Clinical (e.g., ARDS).",N/A (life support for lung/heart failure).,"Cannulation, oxygenation, ICU. This treatment is prescribed based on the severity of the condition and should be followed as directed by a healthcare professional."
Autoinflammatory Disease (General),"Colchicine, biologics (e.g., anakinra).","Clinical, genetic testing.","Recurrent fever, rash, joint pain.","Colchicine, biologics (e.g., anakinra). This treatment is prescribed based on the severity of the condition and should be followed as directed by a healthcare professional."
Severe Mood Dysregulation,"Therapy, meds (e.g., risperidone).","Clinical, rule out bipolar.","Chronic irritability, outbursts (children).","Therapy, meds (e.g., risperidone). This treatment is prescribed based on the severity of the condition and should be followed as directed by a healthcare professional."
Myalgic Encephalomyelitis/Chronic Fatigue Syndrome (ME/CFS),"Pacing, symptom management.","Clinical criteria, exclusion.","Fatigue, PEM, brain fog.","Pacing, symptom management. This treatment is prescribed based on the severity of the condition and should be followed as directed by a healthcare professional."
Finger Dislocation,"Reduction, splinting.","Xray, clinical exam.","Pain, deformity, swelling.","Reduction, splinting. This treatment is prescribed based on the severity of the condition and should be followed as directed by a healthcare professional."
Middle East Respiratory Syndrome (MERS),"Supportive, isolation.","RTPCR (MERSCoV), chest imaging.","Fever, cough, dyspnea, pneumonia.","Supportive, isolation. This treatment is prescribed based on the severity of the condition and should be followed as directed by a healthcare professional."
Reflex Sympathetic Dystrophy (CRPS),"Pain relief, PT, nerve blocks.",Clinical (Budapest criteria).,"Burning pain, swelling, skin changes.","Pain relief, PT, nerve blocks. This treatment is prescribed based on the severity of the condition and should be followed as directed by a healthcare professional."
Premature Ventricular Contractions (PVCs),"Observation, betablockers (if symptomatic).","ECG (wide QRS), Holter.","Palpitations, often asymptomatic.","Observation, betablockers (if symptomatic). This treatment is prescribed based on the severity of the condition and should be followed as directed by a healthcare professional."
Irregular Heartbeat,"Treat cause (e.g., ablation, meds).","ECG, Holter, EP study.","Palpitations, dizziness, varies by cause.","Treat cause (e.g., ablation, meds). This treatment is prescribed based on the severity of the condition and should be followed as directed by a healthcare professional."
Primary Immunodeficiency Syndrome,"IVIG, antibiotics, HSCT.","Ig levels, Tcell function, genetic testing.","Recurrent infections, poor growth.","intravenousIG, antibiotics, HSCT. This treatment is prescribed based on the severity of the condition and should be followed as directed by a healthcare professional."
Sepsis (Blood Poisoning),"Antibiotics, fluids, vasopressors.","SIRS criteria, blood cultures, lactate.","Fever, tachycardia, organ dysfunction.","Antibiotics, fluids, vasopressors. This treatment is prescribed based on the severity of the condition and should be followed as directed by a healthcare professional."
Proteinuria,"Treat cause (e.g., ACE inhibitors).","Urine protein/creatinine ratio, 24h urine.","Foamy urine, edema (if severe).","Treat cause (e.g., ACE inhibitors). This treatment is prescribed based on the severity of the condition and should be followed as directed by a healthcare professional."
Avascular Necrosis,"Pain relief, surgery (e.g., core decompression).","MRI, Xray.","Joint pain, stiffness, collapse.","Pain relief, surgery (e.g., core decompression). This treatment is prescribed based on the severity of the condition and should be followed as directed by a healthcare professional."
Difficulty Passing Stool (Constipation),"Fiber, laxatives, treat cause.","History, exam, imaging (if obstruction).","Hard stools, straining, infrequent BMs.","Fiber, laxatives, treat cause. This treatment is prescribed based on the severity of the condition and should be followed as directed by a healthcare professional."
Postpartum Depression,"Therapy, SSRIs.","DSM5, Edinburgh scale.","Sadness, fatigue, anxiety postdelivery.","Therapy, SSRIs. This treatment is prescribed based on the severity of the condition and should be followed as directed by a healthcare professional."
Cavernous Hemangioma,"Observation, surgery (symptomatic).","MRI, CT.","Often asymptomatic, seizures (if brain).","Observation, surgery (symptomatic). This treatment is prescribed based on the severity of the condition and should be followed as directed by a healthcare professional."
Noncholestatic Conjugated Hyperbilirubinemia,"Treat cause (e.g., hepatitis).","Bilirubin (conjugated), LFTs.","Jaundice, varies by cause (e.g., liver disease).","Treat cause (e.g., hepatitis). This treatment is prescribed based on the severity of the condition and should be followed as directed by a healthcare professional."
Coughing Up Blood (Hemoptysis),"Treat cause (e.g., embolization).","Chest Xray, CT, bronchoscopy.","Bloody sputum, varies by cause.","Treat cause (e.g., embolization). This treatment is prescribed based on the severity of the condition and should be followed as directed by a healthcare professional."
Congenital Cataract,"Surgery, lens implant.","Eye exam, ultrasound.","Cloudy lens, vision loss (infants).","Surgery, lens implant. This treatment is prescribed based on the severity of the condition and should be followed as directed by a healthcare professional."
Carcinoid Syndrome (Tumor),"Octreotide, surgery.","Urine 5HIAA, CT, biopsy.","Flushing, diarrhea, wheezing.","Octreotide, surgery. This treatment is prescribed based on the severity of the condition and should be followed as directed by a healthcare professional."
HPV (Human Papilloma Virus),"Cryotherapy, vaccination.","Visual, Pap smear, HPV DNA.","Warts, cervical changes (highrisk).","Cryotherapy, vaccination. This treatment is prescribed based on the severity of the condition and should be followed as directed by a healthcare professional."
"Dermatitis, Atopic","Moisturizers, steroids, biologics.","Clinical, history (atopy).","Itchy, red, scaly skin, chronic.","Moisturizers, steroids, biologics. This treatment is prescribed based on the severity of the condition and should be followed as directed by a healthcare professional."
"Cancer, Soft Tissue Sarcoma","Surgery, radiation, chemo.","MRI, biopsy, staging.","Painless mass, swelling.","Surgery, radiation, chemo. This treatment is prescribed based on the severity of the condition and should be followed as directed by a healthcare professional."
Gastrointestinal Perforation,"Surgery, antibiotics.","Xray (free air), CT.","Severe pain, peritonitis, shock.","Surgery, antibiotics. This treatment is prescribed based on the severity of the condition and should be followed as directed by a healthcare professional."
Social Phobia,"CBT, SSRIs.","DSM5, clinical interview.","Fear of social situations, avoidance.","CBT, SSRIs. This treatment is prescribed based on the severity of the condition and should be followed as directed by a healthcare professional."
Becker Muscular Dystrophy,"PT, cardiac monitoring.","Genetic testing (DMD), EMG.","Muscle weakness, calf hypertrophy, later onset.","PT, cardiac monitoring. This treatment is prescribed based on the severity of the condition and should be followed as directed by a healthcare professional."
Sleepwalk (Somnambulism),"Safety measures, sleep hygiene.","History, sleep study (if needed).","Walking asleep, no recall.","Safety measures, sleep hygiene. This treatment is prescribed based on the severity of the condition and should be followed as directed by a healthcare professional."
Laryngopharyngeal Reflux,"PPI, diet changes.","Laryngoscopy, pH monitoring.","Throat clearing, hoarseness, no heartburn.","PPI, diet changes. This treatment is prescribed based on the severity of the condition and should be followed as directed by a healthcare professional."
"Aspergillosis, Meningitis with 5FC","Amphotericin B, flucytosine (5FC).","CSF culture, imaging.","Headache, fever, neuro deficits.","Amphotericin B, flucytosine (5FC). This treatment is prescribed based on the severity of the condition and should be followed as directed by a healthcare professional."
Lung Lobectomy,"Surgical removal, recovery.","CT, biopsy.","(Pretreatment) Cancer, infection.","Surgical removal, recovery. This treatment is prescribed based on the severity of the condition and should be followed as directed by a healthcare professional."
Eating During Cancer Treatment,"Highcalorie diet, supplements.",N/A.,N/A (nutrition support).,"Highcalorie diet, supplements. This treatment is prescribed based on the severity of the condition and should be followed as directed by a healthcare professional."
Nasolabial Folds,"Fillers, Botox.",Clinical exam.,"Facial wrinkles, cosmetic concern.","Fillers, Botox. This treatment is prescribed based on the severity of the condition and should be followed as directed by a healthcare professional."
Pituitary Adenoma,"Surgery, meds (e.g., cabergoline).","MRI, hormone levels.","Headache, vision loss, hormone effects.","Surgery, meds (e.g., cabergoline). This treatment is prescribed based on the severity of the condition and should be followed as directed by a healthcare professional."
Unna Boot,"Compression dressing, wound care.","Clinical, Doppler.",(Pretreatment) Venous ulcers.,"Compression dressing, wound care. This treatment is prescribed based on the severity of the condition and should be followed as directed by a healthcare professional."
LVAD (Left Ventricular Assist Device),"Surgical implant, anticoagulation.","Echo, cath, clinical.",(Pretreatment) Endstage heart failure.,"Surgical implant, anticoagulation. This treatment is prescribed based on the severity of the condition and should be followed as directed by a healthcare professional."
Rotator Cuff Injury,"PT, surgery (if torn).","MRI, clinical exam.","Shoulder pain, weakness, limited motion.","PT, surgery (if torn). This treatment is prescribed based on the severity of the condition and should be followed as directed by a healthcare professional."
Sexually Transmitted Disease (STD) Treatments,"Antibiotics, antivirals (specific).","Swabs, serology.","Varies (e.g., sores, discharge).","Antibiotics, antivirals (specific). This treatment is prescribed based on the severity of the condition and should be followed as directed by a healthcare professional."
"Pharyngitis, Streptococcal","Penicillin, amoxicillin.","Throat culture, rapid strep test.","Sore throat, fever, tonsillar exudate.","Penicillin, amoxicillin. This treatment is prescribed based on the severity of the condition and should be followed as directed by a healthcare professional."
Hydrocele,"Observation, surgery (if symptomatic).","Ultrasound, clinical exam.","Scrotal swelling, painless.","Observation, surgery (if symptomatic). This treatment is prescribed based on the severity of the condition and should be followed as directed by a healthcare professional."
Generalized TonicClonic Seizures,"Anticonvulsants (e.g., valproate).","EEG, MRI, clinical.","Convulsions, loss of consciousness.","Anticonvulsants (e.g., valproate). This treatment is prescribed based on the severity of the condition and should be followed as directed by a healthcare professional."
Head Laceration,"Sutures, cleaning, antibiotics (if needed).","Clinical exam, imaging (if deep).","Bleeding, pain, scalp wound.","Sutures, cleaning, antibiotics (if needed). This treatment is prescribed based on the severity of the condition and should be followed as directed by a healthcare professional."
Mitral Valve Stenosis,"Balloon valvuloplasty, surgery.","Echocardiogram, ECG.","Dyspnea, fatigue, murmur.","Balloon valvuloplasty, surgery. This treatment is prescribed based on the severity of the condition and should be followed as directed by a healthcare professional."
C. diff (Clostridioides difficile) Infection,"Vancomycin, fidaxomicin.","Stool toxin, PCR.","Watery diarrhea, fever, pain.","Vancomycin, fidaxomicin. This treatment is prescribed based on the severity of the condition and should be followed as directed by a healthcare professional."
Tinea Versicolor,"Topical antifungals (e.g., ketoconazole).","KOH prep, Wood’s lamp.","Patchy skin discoloration, mild itch.","Topical antifungals (e.g., ketoconazole). This treatment is prescribed based on the severity of the condition and should be followed as directed by a healthcare professional."
Threatened Abortion,"Bed rest, monitor, progesterone (select cases).","Ultrasound, hCG levels.","Vaginal bleeding, cramping (early pregnancy).","Bed rest, monitor, progesterone (select cases). This treatment is prescribed based on the severity of the condition and should be followed as directed by a healthcare professional."
Influenza Prophylaxis,"Vaccination, oseltamivir (postexposure).",N/A.,N/A (preventive measure).,"Vaccination, oseltamivir (postexposure). This treatment is prescribed based on the severity of the condition and should be followed as directed by a healthcare professional."
NonAlcoholic Fatty Liver Disease (NAFLD),"Weight loss, vitamin E (NASH).","Ultrasound, LFTs, biopsy (if NASH).","Often asymptomatic, fatigue, RUQ pain.","Weight loss, vitamin E (NASH). This treatment is prescribed based on the severity of the condition and should be followed as directed by a healthcare professional."
Manual Bladder Irrigation,"Saline flush, monitor.",Clinical (urine output).,(Pretreatment) Catheter blockage.,"Saline flush, monitor. This treatment is prescribed based on the severity of the condition and should be followed as directed by a healthcare professional."
Teething,"Teething rings, acetaminophen.","Clinical, age (612 months).","Drooling, irritability, gum soreness.","Teething rings, acetaminophen. This treatment is prescribed based on the severity of the condition and should be followed as directed by a healthcare professional."
Tussis (Cough),"Treat cause (e.g., suppressants, expectorants).","History, chest Xray (if persistent).","Dry or productive cough, varies by cause.","Treat cause (e.g., suppressants, expectorants). This treatment is prescribed based on the severity of the condition and should be followed as directed by a healthcare professional."
Metabolic DysfunctionAssociated Steatotic Liver Disease (MASLD),"Lifestyle changes, manage comorbidities.","Ultrasound, LFTs, metabolic syndrome.","Often asymptomatic, fatigue, RUQ discomfort.","Lifestyle changes, manage comorbidities. This treatment is prescribed based on the severity of the condition and should be followed as directed by a healthcare professional."
Septic Arthritis (Infectious Arthritis),"Antibiotics, drainage.","Joint aspiration, culture.","Joint pain, swelling, fever.","Antibiotics, drainage. This treatment is prescribed based on the severity of the condition and should be followed as directed by a healthcare professional."
Teeth Grinding (Bruxism),"Mouthguard, stress management.","Clinical exam, history.","Jaw pain, tooth wear, headaches.","Mouthguard, stress management. This treatment is prescribed based on the severity of the condition and should be followed as directed by a healthcare professional."
Tic Doloureux (Trigeminal Neuralgia),"Carbamazepine, surgery (e.g., MVD).","Clinical, MRI (rule out MS).","Facial pain, electric shocks, unilateral.","Carbamazepine, surgery (e.g., MVD). This treatment is prescribed based on the severity of the condition and should be followed as directed by a healthcare professional."
Oppositional Defiant Disorder (ODD),"Behavioral therapy, parent training.","DSM5, clinical history.","Defiance, anger, arguing (children).","Behavioral therapy, parent training. This treatment is prescribed based on the severity of the condition and should be followed as directed by a healthcare professional."
Abdominal Binder,"Compression garment, monitor.",Clinical need.,"(Pretreatment) Postop support, hernia.","Compression garment, monitor. This treatment is prescribed based on the severity of the condition and should be followed as directed by a healthcare professional."
Helicobacter pylori (H. pylori) Infection,Triple/quadruple therapy (PPI + antibiotics).,"Urea breath test, stool antigen.","Epigastric pain, bloating, ulcers.",Triple/quadruple therapy (PPI + antibiotics). This treatment is prescribed based on the severity of the condition and should be followed as directed by a healthcare professional.
Smooth Muscle Spasm,"Antispasmodics (e.g., hyoscyamine).","Clinical, imaging (if needed).","Pain, cramping (e.g., GI, bladder).","Antispasmodics (e.g., hyoscyamine). This treatment is prescribed based on the severity of the condition and should be followed as directed by a healthcare professional."
Acute Alcohol Intoxication,"Supportive, fluids, monitor.","Clinical, blood alcohol level.","Slurred speech, confusion, vomiting.","Supportive, fluids, monitor. This treatment is prescribed based on the severity of the condition and should be followed as directed by a healthcare professional."
Infantile Eczema (Atopic Dermatitis),"Moisturizers, steroids.","Clinical, history (atopy).","Itchy, red rash, often cheeks.","Moisturizers, steroids. This treatment is prescribed based on the severity of the condition and should be followed as directed by a healthcare professional."
Chronic Daily Headaches,"Prophylaxis (e.g., amitriptyline), treat cause.","History, rule out secondary causes.","Daily headache, varies by type.","Prophylaxis (e.g., amitriptyline), treat cause. This treatment is prescribed based on the severity of the condition and should be followed as directed by a healthcare professional."
Ventriculomegaly,"Monitor, shunt (if hydrocephalus).","Ultrasound (fetal), MRI.","Often asymptomatic, neuro deficits (if severe).","Monitor, shunt (if hydrocephalus). This treatment is prescribed based on the severity of the condition and should be followed as directed by a healthcare professional."
Bile Calculus (Gallstones),Cholecystectomy (symptomatic).,"Ultrasound, LFTs.","RUQ pain, nausea, jaundice (if obstructed).",Cholecystectomy (symptomatic). This treatment is prescribed based on the severity of the condition and should be followed as directed by a healthcare professional.
Frontal Lobe Seizures,"Anticonvulsants (e.g., carbamazepine).","EEG, MRI.","Motor activity, nocturnal, brief.","Anticonvulsants (e.g., carbamazepine). This treatment is prescribed based on the severity of the condition and should be followed as directed by a healthcare professional."
Panniculectomy,"Surgical removal, recovery.",Clinical exam.,(Pretreatment) Excess abdominal skin.,"Surgical removal, recovery. This treatment is prescribed based on the severity of the condition and should be followed as directed by a healthcare professional."
Posterior Cruciate Ligament Injury,"PT, surgery (if severe).","MRI, posterior drawer test.","Knee pain, instability, swelling.","PT, surgery (if severe). This treatment is prescribed based on the severity of the condition and should be followed as directed by a healthcare professional."
Cholestasis of Pregnancy,"Ursodeoxycholic acid, delivery.","Bile acids, LFTs.","Itching, jaundice, dark urine.","Ursodeoxycholic acid, delivery. This treatment is prescribed based on the severity of the condition and should be followed as directed by a healthcare professional."
Fatigue and Exhaustion,"Treat cause (e.g., rest, supplements).","History, labs (e.g., thyroid, anemia).","Tiredness, low energy, varies by cause.","Treat cause (e.g., rest, supplements). This treatment is prescribed based on the severity of the condition and should be followed as directed by a healthcare professional."
Burns,"Cooling, dressings, pain relief.",Clinical exam.,"Pain, redness, blisters (degree varies).","Cooling, dressings, pain relief. This treatment is prescribed based on the severity of the condition and should be followed as directed by a healthcare professional."
Itchy Skin,"Treat cause (e.g., antihistamines).","History, exam, labs.","Pruritus, varies by cause (e.g., allergy).","Treat cause (e.g., antihistamines). This treatment is prescribed based on the severity of the condition and should be followed as directed by a healthcare professional."
Color Blindness,"No cure, accommodations.","Ishihara test, clinical.",Difficulty distinguishing colors.,"No cure, accommodations. This treatment is prescribed based on the severity of the condition and should be followed as directed by a healthcare professional."
Childhood Apraxia of Speech,Speech therapy.,"Speech assessment, rule out neuro.","Speech difficulty, inconsistent errors.",Speech therapy. This treatment is prescribed based on the severity of the condition and should be followed as directed by a healthcare professional.
Achilles Tendon Rupture,"Surgery, casting, rehab.","Thompson test, MRI.","Sudden heel pain, pop, weak pushoff.","Surgery, casting, rehab. This treatment is prescribed based on the severity of the condition and should be followed as directed by a healthcare professional."
Herpangina,"Supportive, pain relief.","Clinical, viral testing (enterovirus).","Sore throat, fever, mouth ulcers (children).","Supportive, pain relief. This treatment is prescribed based on the severity of the condition and should be followed as directed by a healthcare professional."
Asphyxia,"Oxygen, CPR, treat cause.","Clinical, ABG.","Cyanosis, unconsciousness, respiratory failure.","Oxygen, CPR, treat cause. This treatment is prescribed based on the severity of the condition and should be followed as directed by a healthcare professional."
Parathyroidectomy,"Surgical removal, calcium monitoring.","PTH, calcium, imaging.","(Pretreatment) Hypercalcemia, bone pain.","Surgical removal, calcium monitoring. This treatment is prescribed based on the severity of the condition and should be followed as directed by a healthcare professional."
Sinusitis in Children,"Decongestants, antibiotics (bacterial).","Clinical, CT (if complicated).","Congestion, facial pain, cough.","Decongestants, antibiotics (bacterial). This treatment is prescribed based on the severity of the condition and should be followed as directed by a healthcare professional."
SEGA (Subependymal Giant Cell Astrocytoma),"Surgery, mTOR inhibitors (e.g., everolimus).","MRI, clinical (TS criteria).","Headache, seizures (tuberous sclerosis).","Surgery, mTOR inhibitors (e.g., everolimus). This treatment is prescribed based on the severity of the condition and should be followed as directed by a healthcare professional."
Glandular Fever (Infectious Mononucleosis),"Supportive, rest.","Monospot, EBV serology.","Fatigue, sore throat, lymphadenopathy.","Supportive, rest. This treatment is prescribed based on the severity of the condition and should be followed as directed by a healthcare professional."
Diagnostic Bronchograms,N/A (replaced by CT).,Contrast Xray (historical).,N/A (obsolete imaging for lungs).,N/A (replaced by CT). This treatment is prescribed based on the severity of the condition and should be followed as directed by a healthcare professional.
Unintentional Weight Loss (Underweight),"Treat cause, nutrition support.","History, labs, imaging.","Weight drop, fatigue, varies by cause.","Treat cause, nutrition support. This treatment is prescribed based on the severity of the condition and should be followed as directed by a healthcare professional."
Hypertension During Pregnancy,"Antihypertensives, delivery (severe).","BP, urine protein, labs.","BP >140/90, edema, headache.","Antihypertensives, delivery (severe). This treatment is prescribed based on the severity of the condition and should be followed as directed by a healthcare professional."
Mini Stroke (TIA),"Antiplatelets, risk factor control.","MRI, carotid ultrasound.","Brief weakness, speech loss, vision changes.","Antiplatelets, risk factor control. This treatment is prescribed based on the severity of the condition and should be followed as directed by a healthcare professional."
"Asthma, Allergic","ICS, avoidance, albuterol.","Spirometry, allergy testing.","Wheezing, dyspnea, triggered by allergens.","ICS, avoidance, albuterol. This treatment is prescribed based on the severity of the condition and should be followed as directed by a healthcare professional."
Intravenous Chemotherapy,"IV drugs (e.g., cisplatin), supportive care.",N/A (based on cancer type).,N/A (cancer treatment).,"intravenous drugs (e.g., cisplatin), supportive care. This treatment is prescribed based on the severity of the condition and should be followed as directed by a healthcare professional."
EnthesitisRelated Juvenile Idiopathic Arthritis,"NSAIDs, biologics (e.g., adalimumab).","Clinical, HLAB27, imaging.","Joint pain, entheseal tenderness, stiffness.","NSAIDs, biologics (e.g., adalimumab). This treatment is prescribed based on the severity of the condition and should be followed as directed by a healthcare professional."
Jaw Wiring,"Wiring, liquid diet, removal.","Xray (if fracture), clinical.","(Pretreatment) Fracture, obesity.","Wiring, liquid diet, removal. This treatment is prescribed based on the severity of the condition and should be followed as directed by a healthcare professional."
Ulcer Pain,"PPI (GI), wound care (skin).","Endoscopy (GI), exam (skin).","Burning pain, epigastric or leg.","PPI (GI), wound care (skin). This treatment is prescribed based on the severity of the condition and should be followed as directed by a healthcare professional."
Frown Lines,"Botox, fillers.",Clinical exam.,"Forehead wrinkles, cosmetic concern.","Botox, fillers. This treatment is prescribed based on the severity of the condition and should be followed as directed by a healthcare professional."
Warts (Common Warts),"Cryotherapy, salicylic acid.",Clinical exam.,"Rough, painless skin growths (HPV).","Cryotherapy, salicylic acid. This treatment is prescribed based on the severity of the condition and should be followed as directed by a healthcare professional."
Cysticercus cellulosae (Cysticercosis),"Albendazole, steroids.","CT/MRI, serology.","Seizures, muscle nodules (Taenia solium).","Albendazole, steroids. This treatment is prescribed based on the severity of the condition and should be followed as directed by a healthcare professional."
CDAD (Clostridioides difficile Infection),"Vancomycin, fidaxomicin.","Stool toxin, PCR.","Watery diarrhea, fever, pain.","Vancomycin, fidaxomicin. This treatment is prescribed based on the severity of the condition and should be followed as directed by a healthcare professional."
"Enteritis, Noninfectious","Treat cause (e.g., steroids).","Endoscopy, biopsy, rule out infection.","Diarrhea, pain, no infection (e.g., Crohn’s).","Treat cause (e.g., steroids). This treatment is prescribed based on the severity of the condition and should be followed as directed by a healthcare professional."
Specific Phobia,"Exposure therapy, CBT.","DSM5, clinical interview.",Intense fear of specific object/situation.,"Exposure therapy, CBT. This treatment is prescribed based on the severity of the condition and should be followed as directed by a healthcare professional."
Hyperuricemia Secondary to Chemotherapy,"Allopurinol, rasburicase, hydration.","Uric acid levels, labs.","Joint pain, kidney issues (tumor lysis).","Allopurinol, rasburicase, hydration. This treatment is prescribed based on the severity of the condition and should be followed as directed by a healthcare professional."
Venous Insufficiency,"Compression, surgery (severe).",Doppler ultrasound.,"Leg swelling, varicose veins, ulcers.","Compression, surgery (severe). This treatment is prescribed based on the severity of the condition and should be followed as directed by a healthcare professional."
Exaggerated Startle Disease (Hyperekplexia),Clonazepam.,"Genetic testing (GLRA1), clinical.","Excessive startle, stiffness (infants).",Clonazepam. This treatment is prescribed based on the severity of the condition and should be followed as directed by a healthcare professional.
Abortion Induction in Ectopic Pregnancy,"Methotrexate, surgery (salpingectomy).","Ultrasound, hCG.","(Pretreatment) Pain, bleeding, ectopic.","Methotrexate, surgery (salpingectomy). This treatment is prescribed based on the severity of the condition and should be followed as directed by a healthcare professional."
TURP (Transurethral Prostatectomy),"Surgical resection, catheter care.","DRE, PSA, uroflowmetry.","(Pretreatment) BPH, urinary retention.","Surgical resection, catheter care. This treatment is prescribed based on the severity of the condition and should be followed as directed by a healthcare professional."
Painful Intercourse (Dyspareunia),"Treat cause (e.g., lubricants, therapy).","Exam, history, rule out infection.","Pain during sex, varies by cause.","Treat cause (e.g., lubricants, therapy). This treatment is prescribed based on the severity of the condition and should be followed as directed by a healthcare professional."
Yaws (Frambesia Tropica),"Azithromycin, penicillin.","Serology (RPR), clinical.","Skin lesions, bone pain (treponemal).","Azithromycin, penicillin. This treatment is prescribed based on the severity of the condition and should be followed as directed by a healthcare professional."
Acute Middle Ear Infection (Otitis Media),"Amoxicillin, pain relief.",Otoscopy (bulging TM).,"Ear pain, fever, hearing loss.","Amoxicillin, pain relief. This treatment is prescribed based on the severity of the condition and should be followed as directed by a healthcare professional."
Chancroid,"Azithromycin, ceftriaxone.","Culture (H. ducreyi), clinical.","Painful genital ulcers, lymphadenopathy.","Azithromycin, ceftriaxone. This treatment is prescribed based on the severity of the condition and should be followed as directed by a healthcare professional."
Child Maltreatment Psychological Abuse,"Therapy, social services.","History, behavioral signs.","Fear, withdrawal, low selfesteem.","Therapy, social services. This treatment is prescribed based on the severity of the condition and should be followed as directed by a healthcare professional."
Ankle Fracture,"Casting, surgery (if displaced).","Xray, CT (if complex).","Pain, swelling, deformity.","Casting, surgery (if displaced). This treatment is prescribed based on the severity of the condition and should be followed as directed by a healthcare professional."
PROS (PIK3CARelated Overgrowth Spectrum),"Surgery, sirolimus (targeted).",Genetic testing (PIK3CA).,"Overgrowth (limbs, tissues), vascular anomalies.","Surgery, sirolimus (targeted). This treatment is prescribed based on the severity of the condition and should be followed as directed by a healthcare professional."
Goiter,"Treat cause (e.g., iodine, surgery).","Ultrasound, TSH.","Neck swelling, dysphagia, thyroid dysfunction.","Treat cause (e.g., iodine, surgery). This treatment is prescribed based on the severity of the condition and should be followed as directed by a healthcare professional."
Scapular Fracture,"Sling, surgery (if displaced).","Xray, CT.","Shoulder pain, limited motion, trauma.","Sling, surgery (if displaced). This treatment is prescribed based on the severity of the condition and should be followed as directed by a healthcare professional."
Arteriosclerotic Dementia (Vascular Dementia),"Manage vascular risk, supportive.","MRI (infarcts), cognitive testing.","Memory loss, stepwise decline.","Manage vascular risk, supportive. This treatment is prescribed based on the severity of the condition and should be followed as directed by a healthcare professional."
Dermatographia (Dermatographism),Antihistamines.,Clinical (skin stroking test).,"Skin welts from scratching, itching.",Antihistamines. This treatment is prescribed based on the severity of the condition and should be followed as directed by a healthcare professional.
Embolization,"Coils/particles, monitor.",Angiography (target vessel).,N/A (treatment for bleeding/tumors).,"Coils/particles, monitor. This treatment is prescribed based on the severity of the condition and should be followed as directed by a healthcare professional."
Transient Global Amnesia,"Observation, reassurance.","Clinical, rule out stroke.","Sudden memory loss, repetitive questions.","Observation, reassurance. This treatment is prescribed based on the severity of the condition and should be followed as directed by a healthcare professional."
Dental Cavities,"Fillings, root canal (severe).","Dental exam, Xray.","Tooth pain, sensitivity, holes.","Fillings, root canal (severe). This treatment is prescribed based on the severity of the condition and should be followed as directed by a healthcare professional."
Q Fever (Coxiella burnetii),Doxycycline.,"Serology, PCR.","Fever, headache, pneumonia, hepatitis.",Doxycycline. This treatment is prescribed based on the severity of the condition and should be followed as directed by a healthcare professional.
Intravascular Volume Depletion,"IV fluids, treat cause.","Clinical, labs (e.g., BUN).","Hypotension, tachycardia, dry mucous.","intravenous fluids, treat cause. This treatment is prescribed based on the severity of the condition and should be followed as directed by a healthcare professional."
Pain Management,"NSAIDs, opioids, adjuncts (e.g., gabapentin).","Pain assessment (scale, cause).",N/A (treatment modality).,"NSAIDs, opioids, adjuncts (e.g., gabapentin). This treatment is prescribed based on the severity of the condition and should be followed as directed by a healthcare professional."
Adult CPR Steps,"30:2 compressions, AED, ventilations.",Cardiac arrest (no pulse).,N/A (emergency procedure).,"30:2 compressions, AED, ventilations. This treatment is prescribed based on the severity of the condition and should be followed as directed by a healthcare professional."
Cervical Dysplasia,"LEEP, cryotherapy, monitor.","Colposcopy, biopsy (CIN).","Often asymptomatic, abnormal Pap.","LEEP, cryotherapy, monitor. This treatment is prescribed based on the severity of the condition and should be followed as directed by a healthcare professional."
"Liver Fluke (e.g., Fasciola)",Triclabendazole.,"Stool microscopy, serology.","RUQ pain, fever, eosinophilia.",Triclabendazole. This treatment is prescribed based on the severity of the condition and should be followed as directed by a healthcare professional.
Heart Attack vs. Heartburn,"MI: PCI, aspirin; HB: PPI.","ECG, troponin (MI); history (HB).","Chest pain (MI: severe, radiating; HB: burning).","MI: PCI, aspirin; HB: PPI. This treatment is prescribed based on the severity of the condition and should be followed as directed by a healthcare professional."
Varicocele,"Observation, surgery (if symptomatic).","Ultrasound, clinical exam.","Scrotal swelling, dull ache, infertility.","Observation, surgery (if symptomatic). This treatment is prescribed based on the severity of the condition and should be followed as directed by a healthcare professional."
E. coli O157:H7 Infection,"Supportive, avoid antibiotics.","Stool culture, Shiga toxin.","Bloody diarrhea, cramps, HUS risk.","Supportive, avoid antibiotics. This treatment is prescribed based on the severity of the condition and should be followed as directed by a healthcare professional."
Myelodysplastic Syndromes,"Transfusions, lenalidomide, transplant.","Bone marrow biopsy, cytogenetics.","Anemia, infections, bleeding.","Transfusions, lenalidomide, transplant. This treatment is prescribed based on the severity of the condition and should be followed as directed by a healthcare professional."
Social Anxiety Disorder in Children,"CBT, SSRIs.","DSM5, clinical interview.","Fear of social settings, avoidance.","CBT, SSRIs. This treatment is prescribed based on the severity of the condition and should be followed as directed by a healthcare professional."
TN Pain (Trigeminal Neuralgia),"Carbamazepine, surgery.","Clinical, MRI.","Facial pain, electric shocks, unilateral.","Carbamazepine, surgery. This treatment is prescribed based on the severity of the condition and should be followed as directed by a healthcare professional."
"Lymphoma, Lymphoblastic","Chemo (e.g., ALLlike regimens).","Biopsy, PETCT.","Lymphadenopathy, B symptoms, mass effect.","Chemo (e.g., ALLlike regimens). This treatment is prescribed based on the severity of the condition and should be followed as directed by a healthcare professional."
Endocarditis in Children,"Antibiotics, surgery (if severe).","Echo, blood cultures (Duke criteria).","Fever, murmur, embolic signs.","Antibiotics, surgery (if severe). This treatment is prescribed based on the severity of the condition and should be followed as directed by a healthcare professional."
Hoarseness,"Treat cause (e.g., rest, surgery).","Laryngoscopy, history.","Raspy voice, varies by cause.","Treat cause (e.g., rest, surgery). This treatment is prescribed based on the severity of the condition and should be followed as directed by a healthcare professional."
Popcorn Lung (Bronchiolitis Obliterans),"Steroids, supportive.","PFTs, CT, biopsy.","Dyspnea, dry cough, fixed obstruction.","Steroids, supportive. This treatment is prescribed based on the severity of the condition and should be followed as directed by a healthcare professional."
ASPS (Alveolar Soft Part Sarcoma),"Surgery, targeted therapy.","Biopsy, imaging (mets).","Painless mass, often extremities.","Surgery, targeted therapy. This treatment is prescribed based on the severity of the condition and should be followed as directed by a healthcare professional."
Neurofibromatosis1 (NF1),"Monitoring, surgery (tumors).","Clinical criteria, NF1 gene.","Caféaulait spots, neurofibromas.","Monitoring, surgery (tumors). This treatment is prescribed based on the severity of the condition and should be followed as directed by a healthcare professional."
Mental Health (General),"Therapy, meds, lifestyle.","Clinical, scales (e.g., PHQ9).","Varies (e.g., mood, anxiety).","Therapy, meds, lifestyle. This treatment is prescribed based on the severity of the condition and should be followed as directed by a healthcare professional."
Astigmatism,"Glasses, contacts, LASIK.","Refraction test, keratometry.","Blurred vision, eye strain.","Glasses, contacts, LASIK. This treatment is prescribed based on the severity of the condition and should be followed as directed by a healthcare professional."
Tendon Laceration,"Surgical repair, rehab.","Clinical exam, MRI.","Pain, loss of motion, trauma.","Surgical repair, rehab. This treatment is prescribed based on the severity of the condition and should be followed as directed by a healthcare professional."
Polyarticular JIA,"NSAIDs, DMARDs, biologics.","Clinical, labs (RF, ANA).","Multiple joint pain, swelling, stiffness.","NSAIDs, DMARDs, biologics. This treatment is prescribed based on the severity of the condition and should be followed as directed by a healthcare professional."
NMOSD (Neuromyelitis Optica Spectrum Disorder),"Steroids, rituximab.","AQP4IgG, MRI.","Optic neuritis, myelitis, vision loss.","Steroids, rituximab. This treatment is prescribed based on the severity of the condition and should be followed as directed by a healthcare professional."
Taenia solium (Pork Tapeworm),"Praziquantel, albendazole.","Stool (eggs), CT/MRI (brain).","Abdominal pain, neurocysticercosis.","Praziquantel, albendazole. This treatment is prescribed based on the severity of the condition and should be followed as directed by a healthcare professional."
Chikungunya Hemorrhagic Fever,"Supportive, pain relief.","RTPCR, serology.","Fever, joint pain, rare bleeding.","Supportive, pain relief. This treatment is prescribed based on the severity of the condition and should be followed as directed by a healthcare professional."
Fungal Nails (Onychomycosis),Oral antifungals (terbinafine).,"KOH prep, culture.","Thick, discolored nails.",Oral antifungals (terbinafine). This treatment is prescribed based on the severity of the condition and should be followed as directed by a healthcare professional.
Fatty Liver (Nonalcoholic Fatty Liver),"Weight loss, manage risks.","Ultrasound, LFTs, biopsy (if NASH).","Often asymptomatic, fatigue.","Weight loss, manage risks. This treatment is prescribed based on the severity of the condition and should be followed as directed by a healthcare professional."
Ascites,"Diuretics, treat cause (e.g., cirrhosis).","Ultrasound, paracentesis.","Abdominal swelling, discomfort.","Diuretics, treat cause (e.g., cirrhosis). This treatment is prescribed based on the severity of the condition and should be followed as directed by a healthcare professional."
Iron Overload,"Phlebotomy, chelation.","Ferritin, transferrin saturation, genetic testing.","Fatigue, joint pain, liver damage.","Phlebotomy, chelation. This treatment is prescribed based on the severity of the condition and should be followed as directed by a healthcare professional."
Angina Symptoms,"Nitrates, betablockers, PCI.","ECG, stress test, angiography.","Chest pain, pressure, dyspnea.","Nitrates, betablockers, PCI. This treatment is prescribed based on the severity of the condition and should be followed as directed by a healthcare professional."
Low Back Strain,"Rest, PT, NSAIDs.","Clinical exam, imaging (if red flags).","Pain, stiffness, muscle spasm.","Rest, PT, NSAIDs. This treatment is prescribed based on the severity of the condition and should be followed as directed by a healthcare professional."
Vaginal Pain (Vulvodynia),"Topical lidocaine, PT, amitriptyline.","Clinical, rule out infection.","Burning, stinging, pain in vulva.","Topical lidocaine, PT, amitriptyline. This treatment is prescribed based on the severity of the condition and should be followed as directed by a healthcare professional."
Hip Sprain,"RICE, PT.","Clinical exam, MRI (if severe).","Pain, swelling, limited motion.","RICE, PT. This treatment is prescribed based on the severity of the condition and should be followed as directed by a healthcare professional."
Listeria monocytogenes (Listeriosis),"Ampicillin, gentamicin.",Blood/CSF culture.,"Fever, diarrhea, meningitis (pregnant).","Ampicillin, gentamicin. This treatment is prescribed based on the severity of the condition and should be followed as directed by a healthcare professional."
Acquired Cytomegalovirus,"Ganciclovir, supportive.","PCR, serology.","Fever, fatigue, retinitis (immunocompromised).","Ganciclovir, supportive. This treatment is prescribed based on the severity of the condition and should be followed as directed by a healthcare professional."
Acute Intermittent Porphyria,"Hemin, glucose, avoid triggers.","Urine porphobilinogen, genetic testing.","Abdominal pain, neuropathy, psychosis.","Hemin, glucose, avoid triggers. This treatment is prescribed based on the severity of the condition and should be followed as directed by a healthcare professional."
Bone Biopsy,N/A (depends on results).,Histopathology.,N/A (diagnostic for bone lesions).,N/A (depends on results). This treatment is prescribed based on the severity of the condition and should be followed as directed by a healthcare professional.
Laceration,"Sutures, cleaning, antibiotics.","Clinical exam, imaging (if deep).","Open wound, bleeding, pain.","Sutures, cleaning, antibiotics. This treatment is prescribed based on the severity of the condition and should be followed as directed by a healthcare professional."
Focal Nodular Hyperplasia,"Observation, resection (symptomatic).",CT/MRI (central scar).,"Often asymptomatic, RUQ pain (if large).","Observation, resection (symptomatic). This treatment is prescribed based on the severity of the condition and should be followed as directed by a healthcare professional."
Cholangiocarcinoma of Biliary Tract,"Surgery, stenting, chemo.","MRCP/CT, biopsy, CA 199.","Jaundice, pain, weight loss.","Surgery, stenting, chemo. This treatment is prescribed based on the severity of the condition and should be followed as directed by a healthcare professional."
Atypical Mole,Excision (if suspicious).,"Dermoscopy, biopsy.","Irregular borders, color change.",Excision (if suspicious). This treatment is prescribed based on the severity of the condition and should be followed as directed by a healthcare professional.
Perforated Bowel,"Surgery, antibiotics.","Xray (free air), CT.","Severe pain, peritonitis, fever.","Surgery, antibiotics. This treatment is prescribed based on the severity of the condition and should be followed as directed by a healthcare professional."
Nonalcoholic Fatty Liver Disease,"Weight loss, manage risks.","Ultrasound, LFTs, biopsy (if NASH).","Often asymptomatic, fatigue.","Weight loss, manage risks. This treatment is prescribed based on the severity of the condition and should be followed as directed by a healthcare professional."
Formula Intolerance,"Hydrolyzed formula, soy.","Clinical history, trial elimination.","Vomiting, diarrhea, fussiness (infants).","Hydrolyzed formula, soy. This treatment is prescribed based on the severity of the condition and should be followed as directed by a healthcare professional."
Enterovirus (NonPolio Enterovirus Infection),Supportive.,"PCR (stool/throat), clinical.","Fever, rash, respiratory issues.",Supportive. This treatment is prescribed based on the severity of the condition and should be followed as directed by a healthcare professional.
Enterovirus (NonPolio Enterovirus Infection),"Supportive care, hydration, analgesics (ibuprofen 400 mg)","RTPCR (enterovirus), clinical history, CSF (if neuro)","Fever, rash, sore throat, myalgia","Supportive care, hydration, analgesics (ibuprofen 400 milligrams) This treatment is prescribed based on the severity of the condition and should be followed as directed by a healthcare professional."
DISH (Diffuse Idiopathic Skeletal Hyperostosis),"NSAIDs (naproxen 500 mg), physical therapy","Xray (flowing ossification), clinical exam","Spine stiffness, pain, reduced mobility","NSAIDs (naproxen 500 milligrams), physical therapy This treatment is prescribed based on the severity of the condition and should be followed as directed by a healthcare professional."
Bunionectomy,"Pain relief (acetaminophen 1 g), elevation, monitor","Postop Xray, clinical exam, wound check","Postop foot pain, swelling, stiffness","Pain relief (acetaminophen 1 g), elevation, monitor This treatment is prescribed based on the severity of the condition and should be followed as directed by a healthcare professional."
Worms and Flukes,"Praziquantel (40 mg/kg single dose), albendazole","Stool ova/parasites (e.g., Schistosoma), serology","Abdominal pain, diarrhea, eosinophilia, travel history","Praziquantel (40 milligrams/kg single dose), albendazole This treatment is prescribed based on the severity of the condition and should be followed as directed by a healthcare professional."
Cavernous Hepatic Hemangioma,"Observation, surgery (if symptomatic)","Ultrasound (hyperechoic), MRI, incidental finding","Often asymptomatic, RUQ pain, mass","Observation, surgery (if symptomatic) This treatment is prescribed based on the severity of the condition and should be followed as directed by a healthcare professional."
Inclusion Body Myositis,"Physical therapy, supportive, no cure","Biopsy (rimmed vacuoles), EMG, CK (mildly high)","Muscle weakness, atrophy, dysphagia","Physical therapy, supportive, no cure This treatment is prescribed based on the severity of the condition and should be followed as directed by a healthcare professional."
Aspiration of Vomitus,"Antibiotics (clindamycin 600 mg IV), oxygen","Chest Xray (infiltrate), clinical history","Cough, dyspnea, fever, aspiration event","Antibiotics (clindamycin 600 milligrams intravenous), oxygen This treatment is prescribed based on the severity of the condition and should be followed as directed by a healthcare professional."
Mitral Valve Stenosis,"Balloon valvuloplasty, diuretics (furosemide 20 mg)","Echo (valve area <1.5 cm²), ECG (LAE)","Dyspnea, fatigue, murmur, palpitations","Balloon valvuloplasty, diuretics (furosemide 20 milligrams) This treatment is prescribed based on the severity of the condition and should be followed as directed by a healthcare professional."
Complications of Infection,"Antibiotics (e.g., vancomycin), supportive care","Blood culture, imaging (e.g., CT), labs (CRP)","Fever, sepsis, organ dysfunction, sitespecific","Antibiotics (e.g., vancomycin), supportive care This treatment is prescribed based on the severity of the condition and should be followed as directed by a healthcare professional."
IBS (Irritable Bowel Syndrome),"Fiber (25 g daily), antispasmodics (dicyclomine 20 mg)","Rome IV criteria, rule out organic, clinical","Abdominal pain, bloating, diarrhea/constipation","Fiber (25 g daily), antispasmodics (dicyclomine 20 milligrams) This treatment is prescribed based on the severity of the condition and should be followed as directed by a healthcare professional."
AIDS (HIV Infection),"ART (tenofovir/emtricitabine), prophylaxis (TMPSMX)","HIV ELISA/Western blot, CD4 (<200), viral load","Fever, weight loss, infections, low CD4","ART (tenofovir/emtricitabine), prophylaxis (TMPSMX) This treatment is prescribed based on the severity of the condition and should be followed as directed by a healthcare professional."
Hyperparathyroidism Secondary to Renal Impairment,"Cinacalcet (30 mg daily), vitamin D (calcitriol)","Labs (PTH >65 pg/mL, low Ca), renal ultrasound","Bone pain, fatigue, high PTH, CKD","Cinacalcet (30 milligrams daily), vitamin D (calcitriol) This treatment is prescribed based on the severity of the condition and should be followed as directed by a healthcare professional."
HIV/AIDS (HIV Infection),"ART (dolutegravir 50 mg), monitor resistance","HIV PCR, CD4 count, clinical staging","Night sweats, lymphadenopathy, opportunistic infections","ART (dolutegravir 50 milligrams), monitor resistance This treatment is prescribed based on the severity of the condition and should be followed as directed by a healthcare professional."
"Eye Infection, Bacterial","Erythromycin ointment (0.5%), fluoroquinolone drops","Clinical exam, culture (e.g., S. aureus), swab","Redness, discharge, pain, crusting","Erythromycin ointment (0.5%), fluoroquinolone drops This treatment is prescribed based on the severity of the condition and should be followed as directed by a healthcare professional."
Temporomandibular Joint Syndrome (TMJ),"Bite guard, NSAIDs (ibuprofen 400 mg), PT","Clinical (jaw exam), MRI (if severe), Xray","Jaw pain, clicking, limited motion","Bite guard, NSAIDs (ibuprofen 400 milligrams), PT This treatment is prescribed based on the severity of the condition and should be followed as directed by a healthcare professional."
Laparoscopic Appendectomy,"Pain relief (morphine 2 mg IV), antibiotics (if perforated)","Postop exam, ultrasound (if complications)","Postop abdominal pain, nausea, fatigue","Pain relief (morphine 2 milligrams intravenous), antibiotics (if perforated) This treatment is prescribed based on the severity of the condition and should be followed as directed by a healthcare professional."
Duchenne Muscular Dystrophy,"Prednisone (0.75 mg/kg daily), supportive care","Genetic (DMD mutation), CK (>10,000 U/L), biopsy","Muscle weakness, Gowers’ sign, calf hypertrophy","Prednisone (0.75 milligrams/kg daily), supportive care This treatment is prescribed based on the severity of the condition and should be followed as directed by a healthcare professional."
Stuttering,"Speech therapy, CBT, no specific meds","Clinical (speech eval), history, rule out neuro","Speech dysfluency, repetitions, anxiety","Speech therapy, CBT, no specific meds This treatment is prescribed based on the severity of the condition and should be followed as directed by a healthcare professional."
Frequent Bowel Movements,"Treat cause (e.g., loperamide 2 mg PRN), hydration","Stool studies (e.g., C. diff), colonoscopy","Diarrhea, urgency, variable cause","Treat cause (e.g., loperamide 2 milligrams PRN), hydration This treatment is prescribed based on the severity of the condition and should be followed as directed by a healthcare professional."
Menstrual Pain,"NSAIDs (naproxen 500 mg), heat therapy","Clinical history, rule out endometriosis","Cramps, lower abdominal pain, fatigue","NSAIDs (naproxen 500 milligrams), heat therapy This treatment is prescribed based on the severity of the condition and should be followed as directed by a healthcare professional."
Forehead Lines,"Botox (20 units), retinoids (tretinoin 0.025%)","Clinical exam, history (sun exposure)","Wrinkles, cosmetic concern, aging","Botox (20 units), retinoids (tretinoin 0.025%) This treatment is prescribed based on the severity of the condition and should be followed as directed by a healthcare professional."
Bicuspid Aortic Valve Disease,"Monitor, valve replacement (if symptomatic)","Echo (bicuspid valve), ECG, CT (if aortopathy)","Murmur, dyspnea, chest pain (if severe)","Monitor, valve replacement (if symptomatic) This treatment is prescribed based on the severity of the condition and should be followed as directed by a healthcare professional."
Venous Stasis Ulcers,"Compression therapy, wound care, pentoxifylline","Clinical (venous insufficiency), Doppler","Leg ulcers, edema, discoloration, pain","Compression therapy, wound care, pentoxifylline This treatment is prescribed based on the severity of the condition and should be followed as directed by a healthcare professional."
Neuroma Excision,"Pain relief (gabapentin 300 mg), monitor healing","Postop exam, ultrasound (if recurrence)","Postop foot pain, numbness, relief of prior pain","Pain relief (gabapentin 300 milligrams), monitor healing This treatment is prescribed based on the severity of the condition and should be followed as directed by a healthcare professional."
Gastrointestinal Surgery,"Pain control (opioids), NG tube (if ileus)","Postop imaging (if complications), exam","Postop pain, nausea, bowel changes","Pain control (opioids), NG tube (if ileus) This treatment is prescribed based on the severity of the condition and should be followed as directed by a healthcare professional."
Lipoma vs. Liposarcoma,"Excision (if sarcoma or symptomatic), monitor","MRI (fat signal), biopsy (atypia for sarcoma)","Soft mass, painless (lipoma), pain (sarcoma)","Excision (if sarcoma or symptomatic), monitor This treatment is prescribed based on the severity of the condition and should be followed as directed by a healthcare professional."
Mouth Lesions in Children,"Treat cause (e.g., acyclovir for HSV), hydration","Clinical (e.g., HSV), swab (if unclear)","Oral sores, pain, fever, variable cause","Treat cause (e.g., acyclovir for HSV), hydration This treatment is prescribed based on the severity of the condition and should be followed as directed by a healthcare professional."
Trisomy 18 (Edwards Syndrome),"Supportive care, palliative, no cure","Karyotype (47,XX,+18), ultrasound (anomalies)","Growth delay, heart defects, clenched fists","Supportive care, palliative, no cure This treatment is prescribed based on the severity of the condition and should be followed as directed by a healthcare professional."
Sore Throat Home Remedies,"Saltwater gargle, honey/lemon, rest","Clinical (viral likely), rule out strep","Throat pain, scratchiness, mild fever","Saltwater gargle, honey/lemon, rest This treatment is prescribed based on the severity of the condition and should be followed as directed by a healthcare professional."
Skin Grafting,"Wound care, antibiotics (if infected), monitor","Postop exam, graft take assessment","Postop pain, donor site soreness, healing","Wound care, antibiotics (if infected), monitor This treatment is prescribed based on the severity of the condition and should be followed as directed by a healthcare professional."
Magnesium Imbalance,"Mg sulfate (2 g IV for low), fluids (for high)","Serum Mg (<1.7 or >2.5 mg/dL), ECG","Muscle cramps (low), arrhythmias (high/low)","Mg sulfate (2 g intravenous for low), fluids (for high) This treatment is prescribed based on the severity of the condition and should be followed as directed by a healthcare professional."
Strawberry Nevus,"Observation, propranolol (2 mg/kg daily)","Clinical (hemangioma), ultrasound (if deep)","Red birthmark, infancy, growth then regression","Observation, propranolol (2 milligrams/kg daily) This treatment is prescribed based on the severity of the condition and should be followed as directed by a healthcare professional."
MRSA (MethicillinResistant Staphylococcus aureus Infection),"Vancomycin (15 mg/kg IV), drainage","Wound culture (MRSA), clinical exam","Skin abscess, fever, cellulitis","Vancomycin (15 milligrams/kg intravenous), drainage This treatment is prescribed based on the severity of the condition and should be followed as directed by a healthcare professional."
Epidural Adhesiolysis,"Pain management (steroids), PT, monitor","Postop MRI (if persistent), clinical","Postop back pain, relief of prior radiculopathy","Pain management (steroids), PT, monitor This treatment is prescribed based on the severity of the condition and should be followed as directed by a healthcare professional."
Giant Cell Tumor of Bone,"Curettage, denosumab (120 mg SC monthly)","Xray (lytic lesion), biopsy (giant cells)","Bone pain, swelling, pathological fracture","Curettage, denosumab (120 milligrams SC monthly) This treatment is prescribed based on the severity of the condition and should be followed as directed by a healthcare professional."
Barrett’s Esophagus,"PPI (esomeprazole 40 mg), surveillance","Endoscopy (metaplasia), biopsy (no dysplasia)","Heartburn, dysphagia, GERD history","PPI (esomeprazole 40 milligrams), surveillance This treatment is prescribed based on the severity of the condition and should be followed as directed by a healthcare professional."
Atrial Flutter vs. Atrial Fibrillation,"Rate control (metoprolol 25 mg), ablation","ECG (sawtooth vs. chaotic), Holter monitor","Palpitations, dyspnea, irregular/regular pulse","Rate control (metoprolol 25 milligrams), ablation This treatment is prescribed based on the severity of the condition and should be followed as directed by a healthcare professional."
"Leukemia, Hairy Cell","Cladribine (0.1 mg/kg IV x7 days), supportive","Peripheral smear (hairy cells), flow cytometry","Fatigue, splenomegaly, infections, pancytopenia","Cladribine (0.1 milligrams/kg intravenous x7 days), supportive This treatment is prescribed based on the severity of the condition and should be followed as directed by a healthcare professional."
Blurred Vision,"Treat cause (e.g., glasses, glucose control)","Eye exam, fundoscopy, labs (glucose)","Vision haze, variable cause (e.g., DM)","Treat cause (e.g., glasses, glucose control) This treatment is prescribed based on the severity of the condition and should be followed as directed by a healthcare professional."
Growth Retardation,"Treat cause (e.g., GH 0.3 mg/kg weekly)","Growth charts, labs (IGF1), Xray (bone age)","Short stature, delayed milestones, variable cause","Treat cause (e.g., GH 0.3 milligrams/kg weekly) This treatment is prescribed based on the severity of the condition and should be followed as directed by a healthcare professional."
Cerebral Arteriography,"Hydration, monitor for bleeding, rest","Postop exam, imaging (if complications)","Postprocedure headache, groin pain","Hydration, monitor for bleeding, rest This treatment is prescribed based on the severity of the condition and should be followed as directed by a healthcare professional."
Calorie Counting Diet,"Diet plan (e.g., 1500 kcal/day), education","Clinical (diet history), BMI, nutritional eval","Weight change goal, hunger, fatigue","Diet plan (e.g., 1500 kcal/day), education This treatment is prescribed based on the severity of the condition and should be followed as directed by a healthcare professional."
Tapeworm (Pork),"Praziquantel (50 mg/kg), albendazole","Stool (Taenia solium), CT (cysts), serology","Abdominal pain, cysts, seizures (neurocysticercosis)","Praziquantel (50 milligrams/kg), albendazole This treatment is prescribed based on the severity of the condition and should be followed as directed by a healthcare professional."
Patellar Dislocation,"Reduction, bracing, PT (quads strengthening)","Xray (dislocation), MRI (ligament injury)","Knee pain, swelling, instability, trauma","Reduction, bracing, PT (quads strengthening) This treatment is prescribed based on the severity of the condition and should be followed as directed by a healthcare professional."
Tapeworm (Dog),"Praziquantel (5 mg/kg single dose), flea control","Stool (Dipylidium caninum), clinical history","Anal itching, segments in stool, pet exposure","Praziquantel (5 milligrams/kg single dose), flea control This treatment is prescribed based on the severity of the condition and should be followed as directed by a healthcare professional."
Tapeworm (Beef),"Praziquantel (10 mg/kg single dose), hygiene","Stool (Taenia saginata), CBC (eosinophilia)","Abdominal discomfort, weight loss, segments","Praziquantel (10 milligrams/kg single dose), hygiene This treatment is prescribed based on the severity of the condition and should be followed as directed by a healthcare professional."
CPR Steps Child,"CPR (100120/min, 2 inches), AED, call 911","Clinical (no breathing/pulse), immediate","Cardiac arrest, unresponsive, no pulse","CPR (100120/min, 2 inches), AED, call 911 This treatment is prescribed based on the severity of the condition and should be followed as directed by a healthcare professional."
Adrenal Insufficiency,"Hydrocortisone (20 mg AM), fludrocortisone","ACTH stim test (cortisol <18 mcg/dL), ACTH","Fatigue, hypotension, hyperpigmentation","Hydrocortisone (20 milligrams AM), fludrocortisone This treatment is prescribed based on the severity of the condition and should be followed as directed by a healthcare professional."
Abdominal Pain in Pregnancy,"Treat cause (e.g., hydration), monitor fetus","Ultrasound (fetal/placental), labs (CBC)","Cramping, variable site, trimesterspecific","Treat cause (e.g., hydration), monitor fetus This treatment is prescribed based on the severity of the condition and should be followed as directed by a healthcare professional."
Mycobacterium marinum,"Clarithromycin (500 mg twice daily), rifampin","Biopsy (AFB), culture (M. marinum)","Skin nodules, fish tank exposure, chronic","Clarithromycin (500 milligrams twice daily), rifampin This treatment is prescribed based on the severity of the condition and should be followed as directed by a healthcare professional."
Pericardial Window,"Pain relief (morphine 2 mg IV), monitor drain","Postop echo (effusion), clinical exam","Postop chest pain, dyspnea relief","Pain relief (morphine 2 milligrams intravenous), monitor drain This treatment is prescribed based on the severity of the condition and should be followed as directed by a healthcare professional."
Reversal of Neuromuscular Blockade,"Sugammadex (2 mg/kg IV), neostigmine","Clinical (TOF fade), nerve stimulator","Postop weakness, respiratory difficulty","Sugammadex (2 milligrams/kg intravenous), neostigmine This treatment is prescribed based on the severity of the condition and should be followed as directed by a healthcare professional."
Head Lice,"Permethrin (1% lotion), combing, hygiene","Clinical (lice/nits), combing exam","Scalp itching, nits, lice visible","Permethrin (1% lotion), combing, hygiene This treatment is prescribed based on the severity of the condition and should be followed as directed by a healthcare professional."
Blood in Semen (Hemospermia),"Observation, treat cause (e.g., antibiotics)","Clinical, PSA (if prostate), urine (if UTI)","Red semen, painless, variable cause","Observation, treat cause (e.g., antibiotics) This treatment is prescribed based on the severity of the condition and should be followed as directed by a healthcare professional."
"Bocavirus Infection (HBoV, Human Bocavirus)","Supportive care, oxygen (if needed)","RTPCR (HBoV), clinical, chest Xray","Cough, fever, wheezing, pediatric","Supportive care, oxygen (if needed) This treatment is prescribed based on the severity of the condition and should be followed as directed by a healthcare professional."
Coccygectomy,"Pain relief (oxycodone 5 mg), monitor healing","Postop Xray, clinical exam, wound check","Postop tailbone pain, relief of prior pain","Pain relief (oxycodone 5 milligrams), monitor healing This treatment is prescribed based on the severity of the condition and should be followed as directed by a healthcare professional."
"Skin Infection, Bacterial","Cephalexin (500 mg 4x daily), drainage (if abscess)","Culture (e.g., S. aureus), clinical exam","Redness, warmth, pus, pain","Cephalexin (500 milligrams 4 times a day), drainage (if abscess) This treatment is prescribed based on the severity of the condition and should be followed as directed by a healthcare professional."
Immunosuppression,"Adjust meds (e.g., taper steroids), prophylaxis","Clinical (history), labs (e.g., CD4, Ig)","Infections, fatigue, drugrelated","Adjust meds (e.g., taper steroids), prophylaxis This treatment is prescribed based on the severity of the condition and should be followed as directed by a healthcare professional."
Platysmal Bands,"Botox (10 units per band), surgery (if severe)","Clinical exam, history (muscle laxity)","Neck bands, cosmetic concern, aging","Botox (10 units per band), surgery (if severe) This treatment is prescribed based on the severity of the condition and should be followed as directed by a healthcare professional."
Open Appendectomy,"Antibiotics (if abscess), pain control","Postop exam, CT (if complications)","Postop RLQ pain, nausea, fever (if infected)","Antibiotics (if abscess), pain control This treatment is prescribed based on the severity of the condition and should be followed as directed by a healthcare professional."
Dealing with Chronic Cancer,"Chemo (e.g., paclitaxel), palliative care","Imaging (mets), biopsy, tumor markers","Fatigue, pain, weight loss, emotional distress","Chemo (e.g., paclitaxel), palliative care This treatment is prescribed based on the severity of the condition and should be followed as directed by a healthcare professional."
Serum Free Light Chain Testing,"Treat underlying (e.g., bortezomib for MM)","Serum FLC (kappa/lambda ratio), SPEP","Bone pain, fatigue (if myelomarelated)","Treat underlying (e.g., bortezomib for MM) This treatment is prescribed based on the severity of the condition and should be followed as directed by a healthcare professional."
Urinary Retention,"Catheterization, tamsulosin (0.4 mg)","Bladder scan (>300 mL), clinical, PSA","Inability to void, lower abdominal pain","Catheterization, tamsulosin (0.4 milligrams) This treatment is prescribed based on the severity of the condition and should be followed as directed by a healthcare professional."
Allergic Esophagitis,"Swallowed steroids (budesonide), elimination diet","Endoscopy (rings), biopsy (eosinophils)","Dysphagia, food impaction, atopy history","Swallowed steroids (budesonide), elimination diet This treatment is prescribed based on the severity of the condition and should be followed as directed by a healthcare professional."
Cocaine Intoxication,"Benzodiazepines (lorazepam 2 mg IV), cooling","Urine tox (cocaine), ECG, clinical","Agitation, hypertension, tachycardia, chest pain","Benzodiazepines (lorazepam 2 milligrams intravenous), cooling This treatment is prescribed based on the severity of the condition and should be followed as directed by a healthcare professional."
Brain Fog,"Treat cause (e.g., sleep, methylphenidate)","Clinical history, labs (e.g., B12), neuro exam","Cognitive dullness, fatigue, variable cause","Treat cause (e.g., sleep, methylphenidate) This treatment is prescribed based on the severity of the condition and should be followed as directed by a healthcare professional."
Bacterial Meningitis in Children,"Ceftriaxone (100 mg/kg IV), vancomycin","CSF (bacteria), blood culture, LP","Fever, stiff neck, rash, irritability","Ceftriaxone (100 milligrams/kg intravenous), vancomycin This treatment is prescribed based on the severity of the condition and should be followed as directed by a healthcare professional."
Gastrectomy,"Small meals, B12 injections (1000 mcg monthly)","Postop endoscopy, labs (B12), exam","Postop nausea, early satiety, weight loss","Small meals, B12 injections (1000 micrograms monthly) This treatment is prescribed based on the severity of the condition and should be followed as directed by a healthcare professional."
Anorexia/Feeding Problems,"Nutritional rehab, therapy, monitor","DSM5 (if nervosa), clinical, nutritional eval","Weight loss, refusal to eat, distress","Nutritional rehab, therapy, monitor This treatment is prescribed based on the severity of the condition and should be followed as directed by a healthcare professional."
Broken Ankle,"Casting, surgery (if unstable), elevation","Xray (fracture), clinical (instability)","Ankle pain, swelling, deformity, trauma","Casting, surgery (if unstable), elevation This treatment is prescribed based on the severity of the condition and should be followed as directed by a healthcare professional."
Nonepileptic Seizures,"CBT, SSRIs (if comorbid), reassurance","Video EEG (normal), clinical history","Convulsions, no EEG changes, psychogenic","CBT, SSRIs (if comorbid), reassurance This treatment is prescribed based on the severity of the condition and should be followed as directed by a healthcare professional."
"Meningitis, Streptococcus Group B","Ampicillin (200 mg/kg IV), gentamicin","CSF (GBS), blood culture, clinical","Fever, lethargy, poor feeding (neonates)","Ampicillin (200 milligrams/kg intravenous), gentamicin This treatment is prescribed based on the severity of the condition and should be followed as directed by a healthcare professional."
Bilateral Acoustic Neurofibromatosis,"Surgery (tumor resection), hearing aids","MRI (bilateral tumors), genetic (NF2)","Hearing loss, tinnitus, vestibular schwannomas","Surgery (tumor resection), hearing aids This treatment is prescribed based on the severity of the condition and should be followed as directed by a healthcare professional."
Misophonia,"CBT, sound therapy, coping strategies","Clinical history, psych eval, rule out neuro","Sound sensitivity, anger, distress","CBT, sound therapy, coping strategies This treatment is prescribed based on the severity of the condition and should be followed as directed by a healthcare professional."
Premature Ejaculation,"Dapoxetine (30 mg PRN), behavioral therapy","Clinical history, IELT (<1 min), psych eval","Early ejaculation, distress, sexual dysfunction","Dapoxetine (30 milligrams PRN), behavioral therapy This treatment is prescribed based on the severity of the condition and should be followed as directed by a healthcare professional."
Drug Abuse,"Detox, naloxone (if opioid), therapy","DSM5, tox screen, clinical history","Craving, withdrawal, tolerance, organ damage","Detox, naloxone (if opioid), therapy This treatment is prescribed based on the severity of the condition and should be followed as directed by a healthcare professional."
Before Breast Reconstruction,"Counseling, prep (e.g., tissue expander)","Clinical (surgical candidacy), imaging","Anxiety, postmastectomy planning","Counseling, prep (e.g., tissue expander) This treatment is prescribed based on the severity of the condition and should be followed as directed by a healthcare professional."
Phosphate Imbalance,"Phosphate binders (high), IV phosphate (low)","Serum PO4 (<2.5 or >4.5 mg/dL), PTH","Weakness (low), calcifications (high)","Phosphate binders (high), intravenous phosphate (low) This treatment is prescribed based on the severity of the condition and should be followed as directed by a healthcare professional."
Small Intestinal Bacterial Overgrowth (SIBO),"Rifaximin (550 mg 3x daily), probiotics","Hydrogen breath test, jejunal aspirate","Bloating, diarrhea, malabsorption","Rifaximin (550 milligrams 3 times a day), probiotics This treatment is prescribed based on the severity of the condition and should be followed as directed by a healthcare professional."
Bunions (Hallux Valgus),"Orthotics, surgery (osteotomy), NSAIDs","Xray (angle >15°), clinical exam","Big toe deformity, pain, swelling","Orthotics, surgery (osteotomy), NSAIDs This treatment is prescribed based on the severity of the condition and should be followed as directed by a healthcare professional."
Hives and Angioedema,"Antihistamines (cetirizine 10 mg), steroids","Clinical (urticaria), allergy testing","Itchy welts, swelling, variable triggers","Antihistamines (cetirizine 10 milligrams), steroids This treatment is prescribed based on the severity of the condition and should be followed as directed by a healthcare professional."
Drug Addiction,"Methadone (20 mg daily), rehab, therapy","DSM5, tox screen, clinical history","Dependence, withdrawal, social decline","Methadone (20 milligrams daily), rehab, therapy This treatment is prescribed based on the severity of the condition and should be followed as directed by a healthcare professional."
Medication Overuse Headaches,"Stop offending med, topiramate (50 mg daily)","Clinical (ICHD3), med history (>15 days/month)","Daily headache, analgesic overuse","Stop offending med, topiramate (50 milligrams daily) This treatment is prescribed based on the severity of the condition and should be followed as directed by a healthcare professional."
Pathological Hypersecretory Conditions,"PPI (omeprazole 60 mg), surgery (if tumor)","Gastrin (>1000 pg/mL), secretin test","Diarrhea, ulcers, high gastrin (e.g., ZES)","PPI (omeprazole 60 milligrams), surgery (if tumor) This treatment is prescribed based on the severity of the condition and should be followed as directed by a healthcare professional."
Heterozygous Familial Hypercholesterolemia,"Statins (atorvastatin 40 mg), PCSK9 inhibitors","Lipid panel (LDL >190), genetic (LDLR)","High LDL, xanthomas, early CAD","Statins (atorvastatin 40 milligrams), PCSK9 inhibitors This treatment is prescribed based on the severity of the condition and should be followed as directed by a healthcare professional."
Hypertension in Children,"Lifestyle, ACEi (lisinopril 0.1 mg/kg)","BP (>95th percentile), renal ultrasound","Often asymptomatic, headache, HTN history","Lifestyle, ACEi (lisinopril 0.1 milligrams/kg) This treatment is prescribed based on the severity of the condition and should be followed as directed by a healthcare professional."
Cyclospora Infection (Cyclosporiasis),"TMPSMX (160/800 mg twice daily), hydration","Stool (Cyclospora oocysts), PCR","Watery diarrhea, fatigue, travel history","TMPSMX (160/800 milligrams twice daily), hydration This treatment is prescribed based on the severity of the condition and should be followed as directed by a healthcare professional."
Lymphatic Obstruction,"Compression, manual drainage, surgery","Lymphoscintigraphy, clinical, imaging","Lymphedema, swelling, pain","Compression, manual drainage, surgery This treatment is prescribed based on the severity of the condition and should be followed as directed by a healthcare professional."
Cancer Treatments,"Chemo (e.g., cisplatin), radiation, supportive","Clinical (cancer stage), response monitoring","Fatigue, nausea, depends on therapy","Chemo (e.g., cisplatin), radiation, supportive This treatment is prescribed based on the severity of the condition and should be followed as directed by a healthcare professional."
Diabetic Hyperglycemic Hyperosmolar Coma,"IV fluids (NS), insulin (0.05 units/kg/hr)","Labs (osmolarity >320), no acidosis","Lethargy, thirst, glucose >600 mg/dL","intravenous fluids (NS), insulin (0.05 units/kg/hr) This treatment is prescribed based on the severity of the condition and should be followed as directed by a healthcare professional."
Coagulation Defects and Disorders,"Treat cause (e.g., vitamin K 10 mg IV)","PT/INR, aPTT, specific factor assays","Bleeding, bruising, clotting issues","Treat cause (e.g., vitamin K 10 milligrams intravenous) This treatment is prescribed based on the severity of the condition and should be followed as directed by a healthcare professional."
Emesis Induction,"Ipecac (rare), activated charcoal (50 g)","Clinical (toxin history), tox screen","Postingestion, poisoning risk","Ipecac (rare), activated charcoal (50 g) This treatment is prescribed based on the severity of the condition and should be followed as directed by a healthcare professional."
Liposuction,"Compression garment, pain relief, monitor","Postop exam, ultrasound (if fluid)","Postop swelling, bruising, soreness","Compression garment, pain relief, monitor This treatment is prescribed based on the severity of the condition and should be followed as directed by a healthcare professional."
Focal Segmental Glomerulosclerosis (FSGS),"Prednisone (1 mg/kg), ACEi (ramipril 5 mg)","Biopsy (segmental scarring), urine protein","Edema, proteinuria, renal decline","Prednisone (1 milligrams/kg), ACEi (ramipril 5 milligrams) This treatment is prescribed based on the severity of the condition and should be followed as directed by a healthcare professional."
HPV,"Cryotherapy, Gardasil vaccine, monitor","Clinical (warts), Pap smear (CIN), HPV PCR","Warts, asymptomatic (cervical risk)","Cryotherapy, Gardasil vaccine, monitor This treatment is prescribed based on the severity of the condition and should be followed as directed by a healthcare professional."
Biliary Atresia,"Kasai procedure, liver transplant","Ultrasound (no gallbladder), HIDA scan","Jaundice, pale stools, infancy","Kasai procedure, liver transplant This treatment is prescribed based on the severity of the condition and should be followed as directed by a healthcare professional."
Huntington Chorea,"Tetrabenazine (25 mg daily), supportive","Genetic (CAG >36), MRI (striatal atrophy)","Chorea, cognitive decline, mood changes","Tetrabenazine (25 milligrams daily), supportive This treatment is prescribed based on the severity of the condition and should be followed as directed by a healthcare professional."
Mono (Infectious Mononucleosis),"Rest, avoid contact sports, analgesics","Monospot, EBV IgM, CBC (lymphocytosis)","Fatigue, sore throat, lymphadenopathy","Rest, avoid contact sports, analgesics This treatment is prescribed based on the severity of the condition and should be followed as directed by a healthcare professional."
ME (Chronic Fatigue Syndrome),"Pacing, CBT, lowdose naltrexone (4.5 mg)","CDC criteria, rule out other, clinical","Severe fatigue, PEM, brain fog","Pacing, CBT, lowdose naltrexone (4.5 milligrams) This treatment is prescribed based on the severity of the condition and should be followed as directed by a healthcare professional."
Lethargy,"Treat cause (e.g., iron for anemia), rest","Clinical, labs (e.g., TSH, Hgb), history","Fatigue, low energy, variable cause","Treat cause (e.g., iron for anemia), rest This treatment is prescribed based on the severity of the condition and should be followed as directed by a healthcare professional."
Umbilical Granuloma,"Silver nitrate cauterization, dry care","Clinical exam, rule out patent urachus","Moist umbilical mass, discharge, infancy","Silver nitrate cauterization, dry care This treatment is prescribed based on the severity of the condition and should be followed as directed by a healthcare professional."
Splint Care,"Elevation, adjust splint, monitor skin","Clinical (splint fit), Xray (if fracture)","Immobilized limb, discomfort, swelling","Elevation, adjust splint, monitor skin This treatment is prescribed based on the severity of the condition and should be followed as directed by a healthcare professional."
MCAD Deficiency,"Avoid fasting, carnitine (50 mg/kg daily)","Acylcarnitine profile, genetic (ACADM)","Hypoglycemia, lethargy, fasting intolerance","Avoid fasting, carnitine (50 milligrams/kg daily) This treatment is prescribed based on the severity of the condition and should be followed as directed by a healthcare professional."
Claudication,"Cilostazol (100 mg twice daily), exercise","ABI (<0.9), Doppler, angiography","Leg pain with walking, relieved by rest","Cilostazol (100 milligrams twice daily), exercise This treatment is prescribed based on the severity of the condition and should be followed as directed by a healthcare professional."
Diverticulitis Diet,"Lowfiber initially, then highfiber (25 g)","CT (diverticulitis), clinical history","LLQ pain, fever, dietary impact","Lowfiber initially, then highfiber (25 g) This treatment is prescribed based on the severity of the condition and should be followed as directed by a healthcare professional."
"Food Poisoning, Campylobacter Enteritis","Azithromycin (500 mg daily), hydration","Stool culture (Campylobacter), clinical","Diarrhea, fever, cramps, poultry history","Azithromycin (500 milligrams daily), hydration This treatment is prescribed based on the severity of the condition and should be followed as directed by a healthcare professional."
Abdominal Aortic Aneurysm,"Surgery (EVAR), monitor (<5.5 cm)","Ultrasound (AAA >3 cm), CT (if rupture)","Pulsatile mass, back pain, asymptomatic","Surgery (EVAR), monitor (<5.5 cm) This treatment is prescribed based on the severity of the condition and should be followed as directed by a healthcare professional."
Ice Pack Application,"Ice (20 min on/off), elevation, rest","Clinical (injury site), exam","Pain, swelling, injuryrelated","Ice (20 min on/off), elevation, rest This treatment is prescribed based on the severity of the condition and should be followed as directed by a healthcare professional."
Abscess,"Incision/drainage, antibiotics (cephalexin)","Clinical, ultrasound (fluid), culture","Painful swelling, redness, pus","Incision/drainage, antibiotics (cephalexin) This treatment is prescribed based on the severity of the condition and should be followed as directed by a healthcare professional."
Ptosis of Eyelid,"Surgery (levator repair), treat cause","Clinical (lid height), rule out neuro","Drooping eyelid, vision block, fatigue","Surgery (levator repair), treat cause This treatment is prescribed based on the severity of the condition and should be followed as directed by a healthcare professional."
Childhood Absence Epilepsy,"Ethosuximide (250 mg twice daily), valproate","EEG (3 Hz spikewave), clinical","Staring spells, brief unresponsiveness","Ethosuximide (250 milligrams twice daily), valproate This treatment is prescribed based on the severity of the condition and should be followed as directed by a healthcare professional."
Rape and Sexual Assault,"Counseling, prophylaxis (PEP), medical care","Clinical history, forensic exam, psych eval","Trauma, PTSD, physical injuries","Counseling, prophylaxis (PEP), medical care This treatment is prescribed based on the severity of the condition and should be followed as directed by a healthcare professional."
Abdominopelvic Fistulas,"Surgery (fistula repair), antibiotics","CT (fistula tract), contrast study","Discharge, pain, infection, postsurgical","Surgery (fistula repair), antibiotics This treatment is prescribed based on the severity of the condition and should be followed as directed by a healthcare professional."
Gastrointestinal Obstruction,"NG tube, surgery (if complete), fluids","Xray (airfluid levels), CT (site)","Vomiting, pain, distension, no stool","NG tube, surgery (if complete), fluids This treatment is prescribed based on the severity of the condition and should be followed as directed by a healthcare professional."
Urinary Urgency and Frequency,"Anticholinergics (oxybutynin 5 mg), PT","Urinalysis (rule out UTI), bladder diary","Urge to void, frequent urination","Anticholinergics (oxybutynin 5 milligrams), PT This treatment is prescribed based on the severity of the condition and should be followed as directed by a healthcare professional."
Slow Heart Rate,"Treat cause (e.g., pacemaker), atropine","ECG (HR <60), Holter, clinical","Fatigue, dizziness, bradycardia","Treat cause (e.g., pacemaker), atropine This treatment is prescribed based on the severity of the condition and should be followed as directed by a healthcare professional."
Mpox,"Supportive care, tecovirmat (if severe)","PCR (mpox virus), clinical (pustules)","Rash, fever, lymphadenopathy, contact history","Supportive care, tecovirmat (if severe) This treatment is prescribed based on the severity of the condition and should be followed as directed by a healthcare professional."
VRE (VancomycinResistant Enterococcus),"Linezolid (600 mg twice daily), hygiene","Culture (VRE), sensitivity testing","UTI, fever, wound infection, hospitalacquired","Linezolid (600 milligrams twice daily), hygiene This treatment is prescribed based on the severity of the condition and should be followed as directed by a healthcare professional."
CRPS (Reflex Sympathetic Dystrophy Syndrome),"PT, gabapentin (600 mg 3x daily), blocks","Clinical (Budapest criteria), imaging","Chronic pain, swelling, skin changes","PT, gabapentin (600 milligrams 3 times a day), blocks This treatment is prescribed based on the severity of the condition and should be followed as directed by a healthcare professional."
Pseudohypoparathyroidism,"Calcium (1000 mg daily), calcitriol","Labs (low Ca, high PTH), genetic (GNAS)","Hypocalcemia, short stature, resistance","Calcium (1000 milligrams daily), calcitriol This treatment is prescribed based on the severity of the condition and should be followed as directed by a healthcare professional."
"Brain Tumor, Metastatic","Radiation, chemo (e.g., temozolomide), steroids","MRI (multiple lesions), biopsy, primary search","Headache, seizures, focal deficits","Radiation, chemo (e.g., temozolomide), steroids This treatment is prescribed based on the severity of the condition and should be followed as directed by a healthcare professional."
Prostate Cancer Screening,"Active surveillance, surgery, radiation","PSA (>4 ng/mL), DRE, biopsy (Gleason)","Often asymptomatic, urinary changes","Active surveillance, surgery, radiation This treatment is prescribed based on the severity of the condition and should be followed as directed by a healthcare professional."
Left Ventriculography,"Monitor, pain relief, hydration","Postop echo, clinical (if complications)",Postprocedure chest discomfort,"Monitor, pain relief, hydration This treatment is prescribed based on the severity of the condition and should be followed as directed by a healthcare professional."
Sexually Transmitted Infection,"Treat specific (e.g., ceftriaxone 500 mg IM)","NAAT (e.g., Chlamydia), culture, clinical","Discharge, sores, variable (e.g., gonorrhea)","Treat specific (e.g., ceftriaxone 500 milligrams IM) This treatment is prescribed based on the severity of the condition and should be followed as directed by a healthcare professional."
Postural Orthostatic Tachycardia Syndrome (POTS),"Fluids/salt, midodrine (5 mg 3x daily)","Tilt table (HR rise >30 bpm), rule out","Dizziness, tachycardia, fatigue on standing","Fluids/salt, midodrine (5 milligrams 3 times a day) This treatment is prescribed based on the severity of the condition and should be followed as directed by a healthcare professional."
Poisoning,"Antidote (e.g., NAC for acetaminophen), supportive","Tox screen, clinical history, labs","Nausea, confusion, toxinspecific","Antidote (e.g., NAC for acetaminophen), supportive This treatment is prescribed based on the severity of the condition and should be followed as directed by a healthcare professional."
Vertebral Compression Fracture,"Pain relief (calcitonin), bracing, PT","Xray (wedge fracture), MRI (if acute)","Back pain, height loss, kyphosis","Pain relief (calcitonin), bracing, PT This treatment is prescribed based on the severity of the condition and should be followed as directed by a healthcare professional."
Reversal of Sedation,"Flumazenil (0.2 mg IV), naloxone (if opioid)","Clinical (sedation level), pulse oximetry","Postop drowsiness, respiratory depression","Flumazenil (0.2 milligrams intravenous), naloxone (if opioid) This treatment is prescribed based on the severity of the condition and should be followed as directed by a healthcare professional."
"Cystitis, Interstitial","Pentosan (100 mg 3x daily), bladder instillation","Cystoscopy (Hunner’s lesions), clinical","Bladder pain, urgency, frequency","Pentosan (100 milligrams 3 times a day), bladder instillation This treatment is prescribed based on the severity of the condition and should be followed as directed by a healthcare professional."
AIDSRelated Anorexia,"Megestrol (800 mg daily), ART optimization","Clinical (cachexia), CD4, nutritional eval","Weight loss, poor appetite, HIV history","Megestrol (800 milligrams daily), ART optimization This treatment is prescribed based on the severity of the condition and should be followed as directed by a healthcare professional."
AADC Deficiency,"Dopamine agonists (pramipexole), supportive","CSF (low HVA), genetic (DDC mutation)","Hypotonia, oculogyric crises, infancy","Dopamine agonists (pramipexole), supportive This treatment is prescribed based on the severity of the condition and should be followed as directed by a healthcare professional."
Healthy Meal Plan for Children,"Balanced diet (e.g., 5 food groups), education","Clinical (diet history), growth charts","Growth needs, picky eating","Balanced diet (e.g., 5 food groups), education This treatment is prescribed based on the severity of the condition and should be followed as directed by a healthcare professional."
Prostate Cancer,"ADT (leuprolide), radiation, surgery","Biopsy (Gleason score), PSA, MRI","Urinary symptoms, bone pain (if mets)","ADT (leuprolide), radiation, surgery This treatment is prescribed based on the severity of the condition and should be followed as directed by a healthcare professional."
Infantile Spasms,"ACTH (150 units/m²), vigabatrin (100 mg/kg)","EEG (hypsarrhythmia), clinical","Flexor spasms, developmental regression","ACTH (150 units/m²), vigabatrin (100 milligrams/kg) This treatment is prescribed based on the severity of the condition and should be followed as directed by a healthcare professional."
Esophageal Reflux,"PPI (lansoprazole 30 mg), lifestyle changes","Clinical, pH monitoring, endoscopy","Heartburn, regurgitation, chest pain","PPI (lansoprazole 30 milligrams), lifestyle changes This treatment is prescribed based on the severity of the condition and should be followed as directed by a healthcare professional."
CRE Infection (CarbapenemResistant Enterobacteriaceae),"Colistin (5 mg/kg IV), isolation","Culture (CRE), sensitivity testing","Fever, sepsis, resistant infection","Colistin (5 milligrams/kg intravenous), isolation This treatment is prescribed based on the severity of the condition and should be followed as directed by a healthcare professional."
Schistosoma mansoni,"Praziquantel (40 mg/kg single dose), monitor","Stool (Schistosoma eggs), serology","Rash, fever, hepatosplenomegaly","Praziquantel (40 milligrams/kg single dose), monitor This treatment is prescribed based on the severity of the condition and should be followed as directed by a healthcare professional."
Autoimmune Disorders,"Prednisone (1 mg/kg), immunosuppressants","ANA, specific Abs (e.g., antidsDNA), biopsy","Fatigue, joint pain, variable organ involvement","Prednisone (1 milligrams/kg), immunosuppressants This treatment is prescribed based on the severity of the condition and should be followed as directed by a healthcare professional."
CreutzfeldtJakob Disease,"Supportive care, no cure, palliative","MRI (cortical ribboning), CSF (1433)","Dementia, myoclonus, ataxia, rapid decline","Supportive care, no cure, palliative This treatment is prescribed based on the severity of the condition and should be followed as directed by a healthcare professional."
Undifferentiated Schizophrenia,"Antipsychotics (olanzapine 10 mg), therapy","DSM5, clinical history, psych eval","Psychosis, variable symptoms, no clear type","Antipsychotics (olanzapine 10 milligrams), therapy This treatment is prescribed based on the severity of the condition and should be followed as directed by a healthcare professional."
Nocardiosis,"TMPSMX (15 mg/kg IV daily), amikacin","Culture (Nocardia), biopsy, imaging","Lung nodules, fever, immunocompromised","TMPSMX (15 milligrams/kg intravenous daily), amikacin This treatment is prescribed based on the severity of the condition and should be followed as directed by a healthcare professional."
Meningitis Tuberculous,"RIPE therapy (rifampin 600 mg), steroids","CSF (AFB, high protein), MTB PCR","Fever, headache, neck stiffness, chronic","RIPE therapy (rifampin 600 milligrams), steroids This treatment is prescribed based on the severity of the condition and should be followed as directed by a healthcare professional."
Aortic Valve Stenosis,"Valve replacement (TAVR), monitor","Echo (AVA <1 cm²), ECG (LVH)","Dyspnea, angina, syncope, murmur","Valve replacement (TAVR), monitor This treatment is prescribed based on the severity of the condition and should be followed as directed by a healthcare professional."
"Candidiasis, Cutaneous","Nystatin cream, fluconazole (150 mg)","KOH prep (yeast), culture (Candida)","Red rash, itching, moist areas","Nystatin cream, fluconazole (150 milligrams) This treatment is prescribed based on the severity of the condition and should be followed as directed by a healthcare professional."
TNF Receptor Associated Periodic Syndrome,"Anakinra (100 mg SC daily), colchicine","Genetic (TNFRSF1A), CRP/ESR, clinical","Fever, rash, joint pain, recurrent","Anakinra (100 milligrams SC daily), colchicine This treatment is prescribed based on the severity of the condition and should be followed as directed by a healthcare professional."
Transverse Process Fracture,"Pain relief (ibuprofen 600 mg), rest","Xray/CT (fracture), clinical exam","Back pain, trauma, tenderness","Pain relief (ibuprofen 600 milligrams), rest This treatment is prescribed based on the severity of the condition and should be followed as directed by a healthcare professional."
Binge Eating Disorder in Adolescents,"CBT, lisdexamfetamine (30 mg daily)","DSM5, clinical history, psych eval","Overeating, guilt, rapid consumption","CBT, lisdexamfetamine (30 milligrams daily) This treatment is prescribed based on the severity of the condition and should be followed as directed by a healthcare professional."
Factor XIII Deficiency,"Cryoprecipitate, FXIII concentrate (20 U/kg)","Clot solubility test, FXIII assay (<5%)","Bleeding, poor wound healing, miscarriage","Cryoprecipitate, FXIII concentrate (20 U/kg) This treatment is prescribed based on the severity of the condition and should be followed as directed by a healthcare professional."
Primary IGF1 Deficiency,Recombinant IGF1 (mecasermin 0.12 mg/kg),"IGF1 (<3rd percentile), GH stim test","Short stature, delayed puberty, fatigue",Recombinant IGF1 (mecasermin 0.12 milligrams/kg) This treatment is prescribed based on the severity of the condition and should be followed as directed by a healthcare professional.
Asthma with Status Asthmaticus,"Albuterol (5 mg neb), IV steroids (methylpred 125 mg)","PEF (<50%), clinical, ABG (respiratory failure)","Severe wheezing, dyspnea, hypoxia","Albuterol (5 milligrams neb), intravenous steroids (methylpred 125 milligrams) This treatment is prescribed based on the severity of the condition and should be followed as directed by a healthcare professional."
Sitosterolemia,"Ezetimibe (10 mg daily), lowplantsterol diet","Plasma sitosterol (>15 mg/L), genetic (ABCG5/8)","Xanthomas, high cholesterol, premature CAD","Ezetimibe (10 milligrams daily), lowplantsterol diet This treatment is prescribed based on the severity of the condition and should be followed as directed by a healthcare professional."
Turbinate Reduction,"Saline spray, monitor healing, analgesics","Postop endoscopy, clinical exam","Postop nasal dryness, congestion relief","Saline spray, monitor healing, analgesics This treatment is prescribed based on the severity of the condition and should be followed as directed by a healthcare professional."
Intravenous Insulin Drip,"Insulin (0.1 U/kg/hr IV), fluids, electrolytes","Glucose (>250 mg/dL), clinical monitoring","Hyperglycemia, DKA/HHS management","Insulin (0.1 U/kg/hr intravenous), fluids, electrolytes This treatment is prescribed based on the severity of the condition and should be followed as directed by a healthcare professional."
Tennis Elbow,"Rest, PT, steroid injection (if severe)","Clinical (Cozen’s test), ultrasound (if needed)","Lateral elbow pain, worse with gripping","Rest, PT, steroid injection (if severe) This treatment is prescribed based on the severity of the condition and should be followed as directed by a healthcare professional."
Drug Addiction (Substance Use Disorder),"Detox, buprenorphine (8 mg daily), therapy","DSM5, tox screen, clinical history","Craving, withdrawal, tolerance, social decline","Detox, buprenorphine (8 milligrams daily), therapy This treatment is prescribed based on the severity of the condition and should be followed as directed by a healthcare professional."
Jaundice in Adults (Hyperbilirubinemia),"Treat cause (e.g., ursodiol for stones), supportive","LFTs (high bilirubin), ultrasound (liver)","Yellow skin, dark urine, fatigue","Treat cause (e.g., ursodiol for stones), supportive This treatment is prescribed based on the severity of the condition and should be followed as directed by a healthcare professional."
Alcohol Poisoning,"IV fluids, thiamine (100 mg IV), monitor airway","Blood alcohol (>0.3 g/dL), clinical","Confusion, vomiting, hypothermia, coma","intravenous fluids, thiamine (100 milligrams intravenous), monitor airway This treatment is prescribed based on the severity of the condition and should be followed as directed by a healthcare professional."
Alpha Thalassemia,"Transfusions (if Hb <7 g/dL), folate (1 mg)","Hb electrophoresis (HbH), genetic (HBA1/2)","Anemia, fatigue, splenomegaly (if severe)","Transfusions (if Hb <7 g/dL), folate (1 milligrams) This treatment is prescribed based on the severity of the condition and should be followed as directed by a healthcare professional."
"HONK, Hyperosmolar NonKetotic Coma","IV fluids (NS), insulin (0.05 U/kg/hr)","Labs (osmolarity >320), no ketones","Lethargy, thirst, glucose >600 mg/dL","intravenous fluids (NS), insulin (0.05 U/kg/hr) This treatment is prescribed based on the severity of the condition and should be followed as directed by a healthcare professional."
Fetal Alcohol Syndrome,"Supportive care, early intervention, no cure","Clinical (criteria), maternal history","Facial anomalies, growth delay, neuro deficits","Supportive care, early intervention, no cure This treatment is prescribed based on the severity of the condition and should be followed as directed by a healthcare professional."
Cardiac Rehabilitation,"Exercise program, betablockers (metoprolol 25 mg)","Clinical (cardiac event), stress test","Fatigue, postMI/CHF recovery","Exercise program, betablockers (metoprolol 25 milligrams) This treatment is prescribed based on the severity of the condition and should be followed as directed by a healthcare professional."
Prostate Biopsy,"Antibiotics (cipro 500 mg), monitor bleeding","Postop PSA, pathology (Gleason score)","Postop hematuria, rectal discomfort","Antibiotics (cipro 500 milligrams), monitor bleeding This treatment is prescribed based on the severity of the condition and should be followed as directed by a healthcare professional."
Hyperimmunoglobulin D Syndrome,"Anakinra (100 mg SC daily), NSAIDs","IgD (>100 IU/mL), genetic (MVK), CRP","Fever, rash, joint pain, high IgD","Anakinra (100 milligrams SC daily), NSAIDs This treatment is prescribed based on the severity of the condition and should be followed as directed by a healthcare professional."
PMS (Premenstrual Syndrome),"SSRIs (fluoxetine 20 mg), diuretics (spironolactone)","Clinical (symptom diary), rule out PMDD","Mood swings, bloating, breast tenderness","SSRIs (fluoxetine 20 milligrams), diuretics (spironolactone) This treatment is prescribed based on the severity of the condition and should be followed as directed by a healthcare professional."
Pseudoaneurysm,"Ultrasoundguided compression, surgery","Doppler US (yinyang sign), CTA","Pulsatile mass, pain, posttrauma","Ultrasoundguided compression, surgery This treatment is prescribed based on the severity of the condition and should be followed as directed by a healthcare professional."
Smallpox Vaccine Reaction,"Supportive, VIG (if severe), monitor","Clinical (vaccinia), PCR (if severe)","Fever, rash, lymphadenopathy, postvax","Supportive, VIG (if severe), monitor This treatment is prescribed based on the severity of the condition and should be followed as directed by a healthcare professional."
"Liver Tumor, Benign","Observation, resection (if symptomatic)","MRI (e.g., hemangioma), biopsy (if unclear)","Often asymptomatic, RUQ pain, mass","Observation, resection (if symptomatic) This treatment is prescribed based on the severity of the condition and should be followed as directed by a healthcare professional."
Fluid Retention,"Diuretics (furosemide 20 mg), treat cause","Clinical, labs (BNP, albumin), echo","Edema, weight gain, variable cause","Diuretics (furosemide 20 milligrams), treat cause This treatment is prescribed based on the severity of the condition and should be followed as directed by a healthcare professional."
Skin Pseudocyst,"Observation, aspiration (if symptomatic)","Ultrasound (cystic), clinical exam","Soft lump, painless, trauma history","Observation, aspiration (if symptomatic) This treatment is prescribed based on the severity of the condition and should be followed as directed by a healthcare professional."
Candida auris Infection,"Echinocandins (caspofungin 70 mg IV), isolation","Culture (C. auris), MALDITOF","Fever, sepsis, resistant infection","Echinocandins (caspofungin 70 milligrams intravenous), isolation This treatment is prescribed based on the severity of the condition and should be followed as directed by a healthcare professional."
Enterocele Repair,"Pain relief (ibuprofen 600 mg), monitor","Postop exam, imaging (if complications)","Postop pelvic pain, bulge relief","Pain relief (ibuprofen 600 milligrams), monitor This treatment is prescribed based on the severity of the condition and should be followed as directed by a healthcare professional."
DIRA (Interleukin1 Receptor Antagonist Deficiency),"Anakinra (2 mg/kg SC daily), supportive","Genetic (IL1RN), CRP/ESR, imaging","Rash, bone lesions, fever, infancy","Anakinra (2 milligrams/kg SC daily), supportive This treatment is prescribed based on the severity of the condition and should be followed as directed by a healthcare professional."
NewOnset Angina,"Nitroglycerin (0.4 mg SL), aspirin (81 mg)","ECG (ST changes), stress test, cath","Chest pain, exertionrelated, recent onset","Nitroglycerin (0.4 milligrams SL), aspirin (81 milligrams) This treatment is prescribed based on the severity of the condition and should be followed as directed by a healthcare professional."
Sprain,"Rest, ice, compression, elevation (RICE)","Clinical (RICE criteria), Xray (rule out fracture)","Joint pain, swelling, limited motion","Rest, ice, compression, elevation (RICE) This treatment is prescribed based on the severity of the condition and should be followed as directed by a healthcare professional."
Plantar Warts,"Salicylic acid (40%), cryotherapy","Clinical (verruca), paring (black dots)","Foot pain, warty growth, pressure points","Salicylic acid (40%), cryotherapy This treatment is prescribed based on the severity of the condition and should be followed as directed by a healthcare professional."
Ductal Carcinoma In Situ,"Lumpectomy, radiation, tamoxifen (20 mg)","Mammogram (microcalcifications), biopsy","Often asymptomatic, nipple discharge","Lumpectomy, radiation, tamoxifen (20 milligrams) This treatment is prescribed based on the severity of the condition and should be followed as directed by a healthcare professional."
Dendritic Ulcers,"Acyclovir (400 mg 5x daily), eye drops","Fluorescein stain (dendritic pattern), HSV PCR","Eye pain, redness, branching lesion","Acyclovir (400 milligrams 5 times a day), eye drops This treatment is prescribed based on the severity of the condition and should be followed as directed by a healthcare professional."
Specific Phobias,"Exposure therapy, CBT, PRN benzodiazepines","DSM5, clinical interview, history","Intense fear, avoidance, situational","Exposure therapy, CBT, PRN benzodiazepines This treatment is prescribed based on the severity of the condition and should be followed as directed by a healthcare professional."
Parangi,Penicillin G (2.4 MU IM single dose),"Serology (Treponema), clinical (tropics)","Skin ulcers, bone pain, yawslike",Penicillin G (2.4 MU IM single dose) This treatment is prescribed based on the severity of the condition and should be followed as directed by a healthcare professional.
Bladder Neck Suspension,"Pain relief (oxybutynin 5 mg), monitor","Postop urodynamics, clinical exam","Postop dysuria, incontinence relief","Pain relief (oxybutynin 5 milligrams), monitor This treatment is prescribed based on the severity of the condition and should be followed as directed by a healthcare professional."
Wound Dehiscence,"Wound packing, surgery (if fascial), antibiotics","Clinical (wound exam), imaging (if deep)","Open wound, pain, postsurgical","Wound packing, surgery (if fascial), antibiotics This treatment is prescribed based on the severity of the condition and should be followed as directed by a healthcare professional."
Ejaculatory Disorders,"Treat cause (e.g., imipramine 25 mg), therapy","Clinical history, postejaculate urine","Delayed/retrograde ejaculation, distress","Treat cause (e.g., imipramine 25 milligrams), therapy This treatment is prescribed based on the severity of the condition and should be followed as directed by a healthcare professional."
Thoracolumbar Fracture,"Bracing, surgery (if unstable), pain relief","Xray/CT (fracture), neuro exam","Back pain, deformity, trauma","Bracing, surgery (if unstable), pain relief This treatment is prescribed based on the severity of the condition and should be followed as directed by a healthcare professional."
Shingles Vaccine,"Analgesics (acetaminophen 1 g), monitor","Clinical (postShingrix), history","Postvax rash, pain, mild fever","Analgesics (acetaminophen 1 g), monitor This treatment is prescribed based on the severity of the condition and should be followed as directed by a healthcare professional."
Upper GI Hemorrhage,"PPI (pantoprazole 80 mg IV), transfusion","Endoscopy (e.g., ulcer), labs (Hgb)","Hematemesis, melena, hypotension","PPI (pantoprazole 80 milligrams intravenous), transfusion This treatment is prescribed based on the severity of the condition and should be followed as directed by a healthcare professional."
HIV (HIV Infection),"ART (bictegravir 50 mg), monitor","HIV Ag/Ab test, viral load, CD4","Fever, rash, fatigue, acute/chronic phase","ART (bictegravir 50 milligrams), monitor This treatment is prescribed based on the severity of the condition and should be followed as directed by a healthcare professional."
Visceral Arteriography,"Pressure dressing, hydration, monitor","Postop exam, imaging (if complications)","Postprocedure groin pain, bleeding risk","Pressure dressing, hydration, monitor This treatment is prescribed based on the severity of the condition and should be followed as directed by a healthcare professional."
Vein Stripping,"Compression stockings, NSAIDs, monitor","Postop Doppler, clinical exam","Postop leg pain, swelling, relief of varices","Compression stockings, NSAIDs, monitor This treatment is prescribed based on the severity of the condition and should be followed as directed by a healthcare professional."
Traveler’s Diarrhea,"Loperamide (2 mg PRN), ciprofloxacin (500 mg)","Clinical, stool culture (if severe)","Loose stools, cramps, travel history","Loperamide (2 milligrams PRN), ciprofloxacin (500 milligrams) This treatment is prescribed based on the severity of the condition and should be followed as directed by a healthcare professional."
SunSensitive Drugs (Photosensitivity to Drugs),"Stop drug, sunscreen, steroids (hydrocortisone)","Clinical (photodistributed), drug review","Rash, burning, sun exposure, med history","Stop drug, sunscreen, steroids (hydrocortisone) This treatment is prescribed based on the severity of the condition and should be followed as directed by a healthcare professional."
Sinus Infection vs. Allergies,Antibiotics (amoxicillin) vs. antihistamines,"Clinical (purulence vs. itching), CT (if chronic)","Congestion, facial pain, variable duration",Antibiotics (amoxicillin) vs. antihistamines This treatment is prescribed based on the severity of the condition and should be followed as directed by a healthcare professional.
"Arthritis, Reactive","NSAIDs (indomethacin 50 mg), treat trigger","Clinical (triad), HLAB27, synovial fluid","Joint pain, swelling, postinfection","NSAIDs (indomethacin 50 milligrams), treat trigger This treatment is prescribed based on the severity of the condition and should be followed as directed by a healthcare professional."
Lipodystrophy,"Switch meds (e.g., ART), metformin (500 mg)","Clinical (body fat changes), labs (lipids)","Fat loss/gain, metabolic issues, drugrelated","Switch meds (e.g., ART), metformin (500 milligrams) This treatment is prescribed based on the severity of the condition and should be followed as directed by a healthcare professional."
Screening for Hypertension,"Lifestyle, meds (lisinopril 10 mg if needed)","BP (>130/80 mmHg), repeated measures","Often asymptomatic, risk factors","Lifestyle, meds (lisinopril 10 milligrams if needed) This treatment is prescribed based on the severity of the condition and should be followed as directed by a healthcare professional."
PreExposure Prophylaxis HIV Infection,Tenofovir/emtricitabine (300/200 mg daily),"HIV test (negative), risk assessment","None (preventive), highrisk behavior",Tenofovir/emtricitabine (300/200 milligrams daily) This treatment is prescribed based on the severity of the condition and should be followed as directed by a healthcare professional.
Sedative Withdrawal,"Benzodiazepines (lorazepam 2 mg), taper","Clinical (CIWAAr), tox screen","Agitation, tremors, seizures","Benzodiazepines (lorazepam 2 milligrams), taper This treatment is prescribed based on the severity of the condition and should be followed as directed by a healthcare professional."
Skin Care During Radiation Treatment,"Aqueous cream, avoid irritants, steroids","Clinical (dermatitis grade), history","Redness, dryness, radiation site","Aqueous cream, avoid irritants, steroids This treatment is prescribed based on the severity of the condition and should be followed as directed by a healthcare professional."
Rectal Prolapse,"Surgery (rectopexy), pelvic floor exercises","Clinical (prolapse), defecography","Rectal protrusion, incontinence, pain","Surgery (rectopexy), pelvic floor exercises This treatment is prescribed based on the severity of the condition and should be followed as directed by a healthcare professional."
"Anthrax, Cutaneous","Ciprofloxacin (500 mg twice daily), supportive","Culture (B. anthracis), PCR, biopsy","Black eschar, swelling, exposure history","Ciprofloxacin (500 milligrams twice daily), supportive This treatment is prescribed based on the severity of the condition and should be followed as directed by a healthcare professional."
Rubella,"Supportive care, isolation, vaccination","Rubella IgM, PCR, clinical (triad)","Rash, fever, lymphadenopathy, mild","Supportive care, isolation, vaccination This treatment is prescribed based on the severity of the condition and should be followed as directed by a healthcare professional."
Mediastinal Infection,"Antibiotics (vancomycin), drainage","CT (fluid collection), culture, labs","Chest pain, fever, postsurgical","Antibiotics (vancomycin), drainage This treatment is prescribed based on the severity of the condition and should be followed as directed by a healthcare professional."
Plantar Fasciitis Exercises,"Stretching, orthotics, NSAIDs (ibuprofen)","Clinical (heel tenderness), ultrasound","Heel pain, worse in AM, stiffness","Stretching, orthotics, NSAIDs (ibuprofen) This treatment is prescribed based on the severity of the condition and should be followed as directed by a healthcare professional."
ASMD (Acid Sphingomyelinase Deficiency),"Olipudase alfa (ERT), supportive","ASM activity (<10%), genetic (SMPD1)","Hepatomegaly, lung disease, neuro decline","Olipudase alfa (ERT), supportive This treatment is prescribed based on the severity of the condition and should be followed as directed by a healthcare professional."
Schistosoma haematobium,Praziquantel (40 mg/kg single dose),"Urine (eggs), serology, cystoscopy","Hematuria, bladder pain, travel history",Praziquantel (40 milligrams/kg single dose) This treatment is prescribed based on the severity of the condition and should be followed as directed by a healthcare professional.
Shoulder Immobilizer,"Sling care, PT after immobilization","Clinical (injury type), Xray (if fracture)","Postinjury stiffness, pain relief","Sling care, PT after immobilization This treatment is prescribed based on the severity of the condition and should be followed as directed by a healthcare professional."
Loss of Balance,"Treat cause (e.g., PT for vestibular)","Neuro exam, MRI (if central), VNG","Unsteadiness, falls, variable cause","Treat cause (e.g., PT for vestibular) This treatment is prescribed based on the severity of the condition and should be followed as directed by a healthcare professional."
Blood Transfusion Reactions,"Stop transfusion, antihistamines, steroids","Clinical (type), DAT, labs (hemolysis)","Fever, chills, rash, dyspnea","Stop transfusion, antihistamines, steroids This treatment is prescribed based on the severity of the condition and should be followed as directed by a healthcare professional."
Type 1 Diabetes in Children,"Insulin (basalbolus), education","Glucose (>200 mg/dL), HbA1c, autoantibodies","Thirst, weight loss, fatigue, DKA risk","Insulin (basalbolus), education This treatment is prescribed based on the severity of the condition and should be followed as directed by a healthcare professional."
Before Esophagectomy,"Nutritional support, counseling, prep","Clinical (cancer staging), endoscopy","Anxiety, dysphagia, preop prep","Nutritional support, counseling, prep This treatment is prescribed based on the severity of the condition and should be followed as directed by a healthcare professional."
Facioscapulohumeral Muscular Dystrophy,"PT, supportive, no cure","Genetic (D4Z4 repeat), EMG, clinical","Facial weakness, shoulder girdle, progressive","PT, supportive, no cure This treatment is prescribed based on the severity of the condition and should be followed as directed by a healthcare professional."
Lattice Degeneration,"Observation, laser (if tear risk)","Fundoscopy (lattice lines), OCT","Often asymptomatic, floaters, retinal risk","Observation, laser (if tear risk) This treatment is prescribed based on the severity of the condition and should be followed as directed by a healthcare professional."
Neural Tube Defects,"Surgery (closure), folate (4 mg preconception)","Ultrasound (fetal), AFP (>2.5 MoM)","Spina bifida, anencephaly, prenatal","Surgery (closure), folate (4 milligrams preconception) This treatment is prescribed based on the severity of the condition and should be followed as directed by a healthcare professional."
Blocked Nose,"Decongestants (pseudoephedrine 60 mg), saline","Clinical, endoscopy (if structural)","Nasal congestion, variable cause","Decongestants (pseudoephedrine 60 milligrams), saline This treatment is prescribed based on the severity of the condition and should be followed as directed by a healthcare professional."
PICC (Peripherally Inserted Central Catheter),"Line care, antibiotics (if infected)","Postop Xray (tip position), exam","Postinsertion arm discomfort, infection risk","Line care, antibiotics (if infected) This treatment is prescribed based on the severity of the condition and should be followed as directed by a healthcare professional."
DrugInduced Vitamin/Mineral Deficiency,"Supplementation (e.g., B12 1000 mcg), adjust med","Labs (e.g., B12 <200 pg/mL), med review","Fatigue, specific signs (e.g., neuropathy)","Supplementation (e.g., B12 1000 micrograms), adjust med This treatment is prescribed based on the severity of the condition and should be followed as directed by a healthcare professional."
Cervical Strain,"Rest, PT, NSAIDs (naproxen 500 mg)","Clinical (muscle tenderness), Xray (rule out)","Neck pain, stiffness, worse with motion","Rest, PT, NSAIDs (naproxen 500 milligrams) This treatment is prescribed based on the severity of the condition and should be followed as directed by a healthcare professional."
Salmonella,"Hydration, antibiotics (if severe, cipro 500 mg)","Stool culture (Salmonella), clinical","Diarrhea, fever, abdominal pain","Hydration, antibiotics (if severe, cipro 500 milligrams) This treatment is prescribed based on the severity of the condition and should be followed as directed by a healthcare professional."
Bladder Diverticulectomy,"Catheter care, pain relief, monitor","Postop cystoscopy, clinical exam","Postop dysuria, frequency relief","Catheter care, pain relief, monitor This treatment is prescribed based on the severity of the condition and should be followed as directed by a healthcare professional."
"Cancer, Osteosarcoma","Chemo (methotrexate), surgery (resection)","Xray (sunburst), biopsy, MRI (extent)","Bone pain, swelling, limp, adolescence","Chemo (methotrexate), surgery (resection) This treatment is prescribed based on the severity of the condition and should be followed as directed by a healthcare professional."
Night Leg Cramps,"Stretching, quinine (rare), magnesium (400 mg)","Clinical, labs (e.g., Mg, K+ if persistent)","Sudden calf pain, nocturnal, stiffness","Stretching, quinine (rare), magnesium (400 milligrams) This treatment is prescribed based on the severity of the condition and should be followed as directed by a healthcare professional."
Amebic Liver Abscess,"Metronidazole (750 mg 3x daily), drainage","Ultrasound (abscess), serology (E. histolytica)","RUQ pain, fever, travel history","Metronidazole (750 milligrams 3 times a day), drainage This treatment is prescribed based on the severity of the condition and should be followed as directed by a healthcare professional."
Ruptured Eardrum,"Keep dry, antibiotics (if infected), heal naturally","Otoscopy (perforation), audiometry","Ear pain, hearing loss, discharge","Keep dry, antibiotics (if infected), heal naturally This treatment is prescribed based on the severity of the condition and should be followed as directed by a healthcare professional."
ALKPositive ALCL,"CHOP chemo, brentuximab (1.8 mg/kg)","Biopsy (ALK+), PETCT (staging)","Lymphadenopathy, fever, night sweats","CHOP chemo, brentuximab (1.8 milligrams/kg) This treatment is prescribed based on the severity of the condition and should be followed as directed by a healthcare professional."
Neurofibromatosis 2,"Surgery (tumor resection), hearing support","MRI (bilateral VS), genetic (NF2)","Hearing loss, tinnitus, schwannomas","Surgery (tumor resection), hearing support This treatment is prescribed based on the severity of the condition and should be followed as directed by a healthcare professional."
Pathological Fracture,"Stabilization (surgery), treat cause","Xray (fracture), biopsy (if tumor)","Sudden bone pain, minimal trauma","Stabilization (surgery), treat cause This treatment is prescribed based on the severity of the condition and should be followed as directed by a healthcare professional."
Substance Abuse,"Rehab, naltrexone (50 mg daily), therapy","DSM5, clinical, tox screen","Dependence, withdrawal, organ damage","Rehab, naltrexone (50 milligrams daily), therapy This treatment is prescribed based on the severity of the condition and should be followed as directed by a healthcare professional."
HCM (Hypertrophic Cardiomyopathy),"Betablockers (metoprolol 50 mg), ICD","Echo (LVH >15 mm), ECG, genetic","Dyspnea, chest pain, syncope, murmur","Betablockers (metoprolol 50 milligrams), ICD This treatment is prescribed based on the severity of the condition and should be followed as directed by a healthcare professional."
LactoseControlled Diet,"Lactosefree diet, lactase enzyme","Clinical (symptom relief), H2 breath test","Bloating, diarrhea, lactose intolerance","Lactosefree diet, lactase enzyme This treatment is prescribed based on the severity of the condition and should be followed as directed by a healthcare professional."
Triple X Syndrome,"Supportive, educational support, no cure","Karyotype (47,XXX), clinical","Tall stature, mild delays, often asymptomatic","Supportive, educational support, no cure This treatment is prescribed based on the severity of the condition and should be followed as directed by a healthcare professional."
Parkinsonian Tremor,"Levodopa (100/25 mg 3x daily), PT","Clinical (UPDRS), DaTscan, history","Resting tremor, rigidity, bradykinesia","Levodopa (100/25 milligrams 3 times a day), PT This treatment is prescribed based on the severity of the condition and should be followed as directed by a healthcare professional."
Sympathetic Nerve Block,"Monitor duration, repeat if effective","Clinical (pain response), imaging","Postprocedure pain relief, numbness","Monitor duration, repeat if effective This treatment is prescribed based on the severity of the condition and should be followed as directed by a healthcare professional."
Wilson’s Disease,"Penicillamine (1 g daily), zinc (150 mg)","Ceruloplasmin (<20 mg/dL), urine copper","Tremor, liver dysfunction, copper rings","Penicillamine (1 g daily), zinc (150 milligrams) This treatment is prescribed based on the severity of the condition and should be followed as directed by a healthcare professional."
Myeloid/Lymphoid Neoplasms,"Chemo (e.g., 7+3 regimen), transplant","Bone marrow (blasts), cytogenetics","Fatigue, bruising, infections, variable","Chemo (e.g., 7+3 regimen), transplant This treatment is prescribed based on the severity of the condition and should be followed as directed by a healthcare professional."
Erythermalgia,"Aspirin (325 mg), gabapentin (300 mg)","Clinical (warmth trigger), rule out neuro","Burning pain, redness, heat in extremities","Aspirin (325 milligrams), gabapentin (300 milligrams) This treatment is prescribed based on the severity of the condition and should be followed as directed by a healthcare professional."
Medicine Management Before Surgery,"Stop anticoagulants (e.g., warfarin 5 days prior)","Clinical (med review), labs (INR)","Preop anxiety, med adjustments","Stop anticoagulants (e.g., warfarin 5 days prior) This treatment is prescribed based on the severity of the condition and should be followed as directed by a healthcare professional."
"Cancer, Leukemia","Chemo (e.g., induction), transplant","CBC (blasts), bone marrow, flow cytometry","Fatigue, pallor, bruising, infections","Chemo (e.g., induction), transplant This treatment is prescribed based on the severity of the condition and should be followed as directed by a healthcare professional."
Grief and Loss,"Counseling, SSRIs (if MDD), support groups","Clinical (bereavement), psych eval","Sadness, insomnia, withdrawal","Counseling, SSRIs (if MDD), support groups This treatment is prescribed based on the severity of the condition and should be followed as directed by a healthcare professional."
Fungal Infection Prevention,"Prophylaxis (fluconazole 200 mg), hygiene","Risk assessment (e.g., immunocompromised)","None (preventive), highrisk settings","Prophylaxis (fluconazole 200 milligrams), hygiene This treatment is prescribed based on the severity of the condition and should be followed as directed by a healthcare professional."
Crow’s Feet,"Botox (5 units/side), retinoids (tretinoin)","Clinical (skin exam), aging history","Eye wrinkles, cosmetic concern","Botox (5 units/side), retinoids (tretinoin) This treatment is prescribed based on the severity of the condition and should be followed as directed by a healthcare professional."
"Gastroenteritis, Viral","Hydration, antiemetics (ondansetron 4 mg)","Clinical, stool PCR (e.g., norovirus)","Vomiting, diarrhea, fever, acute","Hydration, antiemetics (ondansetron 4 milligrams) This treatment is prescribed based on the severity of the condition and should be followed as directed by a healthcare professional."
Shift Work Sleep Disorder,"Melatonin (3 mg), modafinil (200 mg)","Sleep log, actigraphy, clinical","Insomnia, fatigue, work schedule","Melatonin (3 milligrams), modafinil (200 milligrams) This treatment is prescribed based on the severity of the condition and should be followed as directed by a healthcare professional."
Preeclampsia During Pregnancy,"Magnesium sulfate (4 g IV), delivery","BP (>140/90), urine protein (>300 mg/24h)","HTN, edema, proteinuria, headache","Magnesium sulfate (4 g intravenous), delivery This treatment is prescribed based on the severity of the condition and should be followed as directed by a healthcare professional."
COVID19,"Dexamethasone (6 mg daily), oxygen","RTPCR (SARSCoV2), chest CT","Fever, cough, dyspnea, anosmia","Dexamethasone (6 milligrams daily), oxygen This treatment is prescribed based on the severity of the condition and should be followed as directed by a healthcare professional."
Impaired Swallowing,"Treat cause, speech therapy, thickened liquids","Barium swallow, endoscopy, neuro exam","Dysphagia, choking, variable cause","Treat cause, speech therapy, thickened liquids This treatment is prescribed based on the severity of the condition and should be followed as directed by a healthcare professional."
Nutrition After Bariatric Surgery,"Highprotein diet, multivitamin, B12","Clinical (postop), labs (vitamins)","Weight loss, nausea, dietary adjustment","Highprotein diet, multivitamin, B12 This treatment is prescribed based on the severity of the condition and should be followed as directed by a healthcare professional."
Biliary Obstruction,"Stenting, surgery (e.g., cholecystectomy)","Ultrasound (dilated ducts), ERCP","Jaundice, RUQ pain, dark urine","Stenting, surgery (e.g., cholecystectomy) This treatment is prescribed based on the severity of the condition and should be followed as directed by a healthcare professional."
Thyroid Hemorrhage/Infarction,"Pain relief (NSAIDs), monitor thyroid function","Ultrasound (hematoma), labs (TSH)","Neck pain, swelling, dysphagia","Pain relief (NSAIDs), monitor thyroid function This treatment is prescribed based on the severity of the condition and should be followed as directed by a healthcare professional."
Subacute Sclerosing Panencephalitis,"Supportive, isoprinosine (100 mg/kg), no cure","EEG (periodic complexes), CSF (measles Ab)","Myoclonus, dementia, postmeasles","Supportive, isoprinosine (100 milligrams/kg), no cure This treatment is prescribed based on the severity of the condition and should be followed as directed by a healthcare professional."
Hot Flashes,"HRT (estradiol 1 mg), gabapentin (300 mg)","Clinical (history), FSH (>25 IU/L)","Sudden warmth, sweating, menopause","HRT (estradiol 1 milligrams), gabapentin (300 milligrams) This treatment is prescribed based on the severity of the condition and should be followed as directed by a healthcare professional."
Wilms’ Tumor,"Nephrectomy, chemo (vincristine)","Ultrasound/CT (renal mass), biopsy","Abdominal mass, hematuria, pediatric","Nephrectomy, chemo (vincristine) This treatment is prescribed based on the severity of the condition and should be followed as directed by a healthcare professional."
Exploratory Laparotomy,"Pain control (morphine 2 mg IV), monitor","Postop findings, imaging (if needed)","Postop pain, nausea, diagnostic relief","Pain control (morphine 2 milligrams intravenous), monitor This treatment is prescribed based on the severity of the condition and should be followed as directed by a healthcare professional."
Clostridium difficileAssociated Diarrhea,"Vancomycin (125 mg 4x daily), FMT (if recurrent)","Stool toxin (C. diff), PCR","Watery diarrhea, fever, antibiotic history","Vancomycin (125 milligrams 4 times a day), FMT (if recurrent) This treatment is prescribed based on the severity of the condition and should be followed as directed by a healthcare professional."
PCOS,"OCP, metformin (500 mg twice daily)","Rotterdam criteria, ultrasound (cysts)","Irregular periods, hirsutism, infertility","OCP, metformin (500 milligrams twice daily) This treatment is prescribed based on the severity of the condition and should be followed as directed by a healthcare professional."
Acute Hypothermia,"Warming (blankets), IV fluids (warm NS)","Core temp, clinical, ECG (Osborn waves)","Shivering, confusion, low temp (<35°C)","Warming (blankets), intravenous fluids (warm NS) This treatment is prescribed based on the severity of the condition and should be followed as directed by a healthcare professional."
Pinta,Penicillin G (2.4 MU IM single dose),"Serology (Treponema carateum), clinical","Skin patches, hypopigmentation, tropics",Penicillin G (2.4 MU IM single dose) This treatment is prescribed based on the severity of the condition and should be followed as directed by a healthcare professional.
Nonceliac Gluten Sensitivity (Intolerance),"Glutenfree diet, monitor response","Clinical (no celiac/WA), symptom relief","Bloating, fatigue, glutenrelated","Glutenfree diet, monitor response This treatment is prescribed based on the severity of the condition and should be followed as directed by a healthcare professional."
Heel Spurs,"Orthotics, stretching, NSAIDs (ibuprofen)","Xray (spur), clinical (PF association)","Heel pain, worse with standing","Orthotics, stretching, NSAIDs (ibuprofen) This treatment is prescribed based on the severity of the condition and should be followed as directed by a healthcare professional."
Brainstem Infarction,"Aspirin (81 mg), rehab, thrombolysis (if acute)","MRI (infarct), clinical (neuro exam)","Vertigo, dysarthria, cranial nerve deficits","Aspirin (81 milligrams), rehab, thrombolysis (if acute) This treatment is prescribed based on the severity of the condition and should be followed as directed by a healthcare professional."
Braxton Hicks Contractions,"Hydration, rest, monitor for true labor","Clinical (no cervical change), history","Irregular tightening, painless, pregnancy","Hydration, rest, monitor for true labor This treatment is prescribed based on the severity of the condition and should be followed as directed by a healthcare professional."
Breast Mass,"Treat cause (e.g., excision for fibroadenoma)","Mammogram, ultrasound, biopsy","Lump, pain (variable), nipple changes","Treat cause (e.g., excision for fibroadenoma) This treatment is prescribed based on the severity of the condition and should be followed as directed by a healthcare professional."
CytokineAssociated Toxicity,"Tocilizumab (8 mg/kg IV), steroids","Clinical (CRS grade), labs (IL6)","Fever, hypotension, postimmunotherapy","Tocilizumab (8 milligrams/kg intravenous), steroids This treatment is prescribed based on the severity of the condition and should be followed as directed by a healthcare professional."
Atopic Dermatitis vs. Contact Dermatitis,"Moisturizers (AD), avoid allergen (CD), steroids","Clinical, patch test (CD), history","Itchy rash, chronic (AD) vs. trigger (CD)","Moisturizers (AD), avoid allergen (CD), steroids This treatment is prescribed based on the severity of the condition and should be followed as directed by a healthcare professional."
Skin Conditions,"Treat specific (e.g., antifungals, steroids)","Clinical, biopsy (if unclear), labs","Rash, variable (e.g., scaling, redness)","Treat specific (e.g., antifungals, steroids) This treatment is prescribed based on the severity of the condition and should be followed as directed by a healthcare professional."
Steristrips,"Keep dry, remove after 710 days","Clinical (wound exam), healing check","Postlaceration closure, mild pain","Keep dry, remove after 710 days This treatment is prescribed based on the severity of the condition and should be followed as directed by a healthcare professional."
Lysis of Abdominal Adhesions,"Pain relief (opioids), monitor bowel","Postop CT (if recurrent), exam","Postop pain, relief of obstruction","Pain relief (opioids), monitor bowel This treatment is prescribed based on the severity of the condition and should be followed as directed by a healthcare professional."
Turf Toe,"Rest, taping, NSAIDs (ibuprofen 400 mg)","Xray (rule out fracture), clinical","Big toe pain, swelling, sports injury","Rest, taping, NSAIDs (ibuprofen 400 milligrams) This treatment is prescribed based on the severity of the condition and should be followed as directed by a healthcare professional."
Cyclophotocoagulation for Glaucoma,"Eye drops (steroids), monitor IOP","Postop IOP, slitlamp exam","Postop eye pain, pressure relief","Eye drops (steroids), monitor IOP This treatment is prescribed based on the severity of the condition and should be followed as directed by a healthcare professional."
"Deep Vein Thrombosis, Recurrent Event",Anticoagulation (apixaban 5 mg twice daily),"Doppler US (clot), Ddimer, labs","Leg swelling, pain, redness, recurrence",Anticoagulation (apixaban 5 milligrams twice daily) This treatment is prescribed based on the severity of the condition and should be followed as directed by a healthcare professional.
Folic Acid/Cyanocobalamin Deficiency,"B12 (1000 mcg IM), folate (1 mg daily)","CBC (macrocytic), B12 (<200 pg/mL), folate","Fatigue, megaloblastic anemia, neuropathy","B12 (1000 micrograms IM), folate (1 milligrams daily) This treatment is prescribed based on the severity of the condition and should be followed as directed by a healthcare professional."
Episiotomy,"Ice packs, sitz baths, analgesics","Postop exam, wound check","Postpartum perineal pain, swelling","Ice packs, sitz baths, analgesics This treatment is prescribed based on the severity of the condition and should be followed as directed by a healthcare professional."
Type 2 Diabetes in Children,"Metformin (500 mg twice daily), lifestyle","HbA1c (>6.5%), glucose (>200 mg/dL)","Obesity, thirst, acanthosis nigricans","Metformin (500 milligrams twice daily), lifestyle This treatment is prescribed based on the severity of the condition and should be followed as directed by a healthcare professional."
"Cancer, Nephroblastoma","Surgery (nephrectomy), chemo (actinomycin)","CT (renal tumor), biopsy (Wilms’)","Abdominal mass, hematuria, pediatric","Surgery (nephrectomy), chemo (actinomycin) This treatment is prescribed based on the severity of the condition and should be followed as directed by a healthcare professional."
Scorpion Stings,"Pain relief (opioids), antivenom (if severe)","Clinical (sting site), history","Pain, swelling, neuro symptoms (severe)","Pain relief (opioids), antivenom (if severe) This treatment is prescribed based on the severity of the condition and should be followed as directed by a healthcare professional."
Multinodular Hepatic Hemangiomatosis,"Observation, surgery (if symptomatic)","MRI (multiple hemangiomas), ultrasound","Often asymptomatic, RUQ discomfort","Observation, surgery (if symptomatic) This treatment is prescribed based on the severity of the condition and should be followed as directed by a healthcare professional."
Eczema,"Moisturizers, topical steroids (hydrocortisone 1%)","Clinical (atopic history), biopsy (if unclear)","Itchy, red, dry skin, chronic flares","Moisturizers, topical steroids (hydrocortisone 1%) This treatment is prescribed based on the severity of the condition and should be followed as directed by a healthcare professional."
Anthrax (General),"Antibiotics (e.g., ciprofloxacin, doxycycline), antitoxin (e.g., raxibacumab).","Culture (Bacillus anthracis), PCR, serology.","Varies by type (see below); fever, fatigue common.","Antibiotics (e.g., ciprofloxacin, doxycycline), antitoxin (e.g., raxibacumab). This treatment is prescribed based on the severity of the condition and should be followed as directed by a healthcare professional."
Cutaneous Anthrax,"Antibiotics (e.g., ciprofloxacin), supportive care.","Skin swab culture, biopsy, PCR.","Painless skin sore, black eschar, swelling.","Antibiotics (e.g., ciprofloxacin), supportive care. This treatment is prescribed based on the severity of the condition and should be followed as directed by a healthcare professional."
Inhalation Anthrax,"Antibiotics (e.g., ciprofloxacin + levofloxacin), antitoxin, ICU support.","Chest Xray/CT, blood culture, PCR.","Fever, cough, dyspnea, mediastinal widening, shock.","Antibiotics (e.g., ciprofloxacin + levofloxacin), antitoxin, ICU support. This treatment is prescribed based on the severity of the condition and should be followed as directed by a healthcare professional."
Injection Anthrax,"Antibiotics (e.g., doxycycline), surgical debridement, supportive care.","Culture from injection site, blood, PCR.","Severe soft tissue infection, swelling, systemic symptoms (fever, shock).","Antibiotics (e.g., doxycycline), surgical debridement, supportive care. This treatment is prescribed based on the severity of the condition and should be followed as directed by a healthcare professional."
Gastrointestinal Anthrax,"Antibiotics (e.g., ciprofloxacin), fluids, supportive care.","Stool/blood culture, PCR, endoscopy.","Nausea, vomiting, abdominal pain, bloody diarrhea.","Antibiotics (e.g., ciprofloxacin), fluids, supportive care. This treatment is prescribed based on the severity of the condition and should be followed as directed by a healthcare professional."
"Avian Influenza (Bird Flu, e.g., H5N1)","Antivirals (e.g., oseltamivir), supportive care, oxygen.","RTPCR (nasopharyngeal swab), viral culture.","Fever, cough, sore throat, pneumonia, respiratory failure.","Antivirals (e.g., oseltamivir), supportive care, oxygen. This treatment is prescribed based on the severity of the condition and should be followed as directed by a healthcare professional."
Chikungunya,"Supportive (NSAIDs, fluids), no specific antiviral.","RTPCR, IgM serology.","High fever, severe joint pain, rash, fatigue.","Supportive (NSAIDs, fluids), no specific antiviral. This treatment is prescribed based on the severity of the condition and should be followed as directed by a healthcare professional."
Cholera,"Oral/IV rehydration, antibiotics (e.g., doxycycline).","Stool culture (Vibrio cholerae), rapid dipstick.","Profuse watery diarrhea, vomiting, dehydration.","Oral/intravenous rehydration, antibiotics (e.g., doxycycline). This treatment is prescribed based on the severity of the condition and should be followed as directed by a healthcare professional."
COVID19,"Supportive (oxygen, dexamethasone), antivirals (e.g., remdesivir), monoclonal antibodies.","RTPCR (nasal swab), antigen test.","Fever, cough, dyspnea, loss of taste/smell, fatigue.","Supportive (oxygen, dexamethasone), antivirals (e.g., remdesivir), monoclonal antibodies. This treatment is prescribed based on the severity of the condition and should be followed as directed by a healthcare professional."
CrimeanCongo Haemorrhagic Fever (CCHF),"Supportive (fluids, blood products), ribavirin (offlabel).","RTPCR, IgM serology.","Fever, headache, muscle pain, bleeding, organ failure.","Supportive (fluids, blood products), ribavirin (offlabel). This treatment is prescribed based on the severity of the condition and should be followed as directed by a healthcare professional."
Dengue Fever,"Supportive (fluids, acetaminophen), no specific antiviral.","RTPCR, NS1 antigen, IgM serology.","High fever, headache, rash, joint pain, severe cases: bleeding, shock.","Supportive (fluids, acetaminophen), no specific antiviral. This treatment is prescribed based on the severity of the condition and should be followed as directed by a healthcare professional."
Ebola Virus Disease,"Supportive (fluids, electrolytes), monoclonal antibodies (e.g., REGNEB3).","RTPCR, serology.","Fever, fatigue, diarrhea, vomiting, hemorrhage.","Supportive (fluids, electrolytes), monoclonal antibodies (e.g., REGNEB3). This treatment is prescribed based on the severity of the condition and should be followed as directed by a healthcare professional."
Hepatitis B Virus (HBV),"Antivirals (e.g., tenofovir), monitoring, vaccination (prevention).","HBsAg, HBV DNA, LFTs.","Fatigue, jaundice, abdominal pain, dark urine (acute/chronic).","Antivirals (e.g., tenofovir), monitoring, vaccination (prevention). This treatment is prescribed based on the severity of the condition and should be followed as directed by a healthcare professional."
Hepatitis C Virus (HCV),"Directacting antivirals (e.g., sofosbuvir), 812 weeks.","AntiHCV, HCV RNA PCR, LFTs.","Often asymptomatic, fatigue, jaundice (chronic).","Directacting antivirals (e.g., sofosbuvir), 812 weeks. This treatment is prescribed based on the severity of the condition and should be followed as directed by a healthcare professional."
Hepatitis E Virus (HEV),"Supportive (selflimiting), ribavirin (chronic cases).","AntiHEV IgM, RTPCR, LFTs.","Jaundice, fatigue, nausea, acute liver injury.","Supportive (selflimiting), ribavirin (chronic cases). This treatment is prescribed based on the severity of the condition and should be followed as directed by a healthcare professional."
HIV (Human Immunodeficiency Virus),"Antiretroviral therapy (ART, e.g., tenofovir), infection prophylaxis.","HIV antibody/antigen test, viral load, CD4 count.","Acute: flulike; chronic: weight loss, infections, AIDS (<200 CD4).","Antiretroviral therapy (ART, e.g., tenofovir), infection prophylaxis. This treatment is prescribed based on the severity of the condition and should be followed as directed by a healthcare professional."
Lassa Fever,"Ribavirin, supportive care.","RTPCR, IgM serology.","Fever, sore throat, bleeding, hearing loss (severe).","Ribavirin, supportive care. This treatment is prescribed based on the severity of the condition and should be followed as directed by a healthcare professional."
Malaria,"Antimalarials (e.g., artemisininbased therapy), supportive care.","Blood smear, rapid diagnostic test (RDT).","Fever, chills, sweats, headache, anemia.","Antimalarials (e.g., artemisininbased therapy), supportive care. This treatment is prescribed based on the severity of the condition and should be followed as directed by a healthcare professional."
Marburg Virus Disease (MVD),"Supportive (fluids, ICU), experimental antivirals.","RTPCR, serology.","Fever, rash, hemorrhage, organ failure.","Supportive (fluids, ICU), experimental antivirals. This treatment is prescribed based on the severity of the condition and should be followed as directed by a healthcare professional."
Measles,"Supportive (vitamin A, fluids), no specific antiviral.","IgM serology, RTPCR, clinical.","Fever, cough, runny nose, rash, Koplik spots.","Supportive (vitamin A, fluids), no specific antiviral. This treatment is prescribed based on the severity of the condition and should be followed as directed by a healthcare professional."
Meningococcal Meningitis,"Antibiotics (e.g., ceftriaxone), steroids, prophylaxis for contacts.","CSF culture (Neisseria meningitidis), PCR.","Fever, neck stiffness, rash, altered mental status.","Antibiotics (e.g., ceftriaxone), steroids, prophylaxis for contacts. This treatment is prescribed based on the severity of the condition and should be followed as directed by a healthcare professional."
Middle East Respiratory Syndrome (MERS),"Supportive (oxygen, ICU), no specific antiviral.","RTPCR (MERSCoV), chest imaging.","Fever, cough, dyspnea, pneumonia.","Supportive (oxygen, ICU), no specific antiviral. This treatment is prescribed based on the severity of the condition and should be followed as directed by a healthcare professional."
Monkeypox,"Supportive, tecovirimat (severe cases), smallpox vaccine (postexposure).","PCR (skin lesion), serology.","Fever, rash (pustules), lymphadenopathy.","Supportive, tecovirimat (severe cases), smallpox vaccine (postexposure). This treatment is prescribed based on the severity of the condition and should be followed as directed by a healthcare professional."
Plague,"Antibiotics (e.g., streptomycin, doxycycline), supportive care.","Culture (Yersinia pestis), PCR.","Fever, chills, lymphadenopathy (bubonic), sepsis, pneumonia (pneumonic).","Antibiotics (e.g., streptomycin, doxycycline), supportive care. This treatment is prescribed based on the severity of the condition and should be followed as directed by a healthcare professional."
Poliomyelitis (Polio),"Supportive (ventilation if paralyzed), vaccination (prevention).","Stool culture (poliovirus), PCR.","Fever, fatigue, paralysis (severe cases), meningitis.","Supportive (ventilation if paralyzed), vaccination (prevention). This treatment is prescribed based on the severity of the condition and should be followed as directed by a healthcare professional."
Rift Valley Fever,"Supportive, no specific antiviral.","RTPCR, IgM serology.","Fever, headache, hemorrhage, encephalitis (severe).","Supportive, no specific antiviral. This treatment is prescribed based on the severity of the condition and should be followed as directed by a healthcare professional."
Tuberculosis (TB),"RIPE therapy (rifampin, isoniazid, pyrazinamide, ethambutol) for 69 months.","Sputum AFB, chest Xray, culture, GeneXpert.","Cough, hemoptysis, night sweats, weight loss.","RIPE therapy (rifampin, isoniazid, pyrazinamide, ethambutol) for 69 months. This treatment is prescribed based on the severity of the condition and should be followed as directed by a healthcare professional."
Yellow Fever,"Supportive, vaccination (prevention).","RTPCR, IgM serology.","Fever, jaundice, bleeding, organ failure (severe).","Supportive, vaccination (prevention). This treatment is prescribed based on the severity of the condition and should be followed as directed by a healthcare professional."
Zika Virus,"Supportive (rest, fluids), no specific antiviral.","RTPCR, IgM serology.","Mild fever, rash, joint pain, conjunctivitis; microcephaly (fetal).","Supportive (rest, fluids), no specific antiviral. This treatment is prescribed based on the severity of the condition and should be followed as directed by a healthcare professional."
